{"type": "FeatureCollection", "features": [{"type": "Feature", "properties": {"level": "primary", "school": "Marysville Primary School", "year_level": "P6", "boundary_year": 2026}, "geometry": {"type": "Polygon", "coordinates": [[[146.0258988, -37.6369349], [146.0334636, -37.6371888], [146.0208052, -37.6514389], [146.0172934, -37.6553913], [146.0123514, -37.6609522], [146.015367, -37.6607059], [146.0166798, -37.663582], [146.018677, -37.665827], [146.0215529, -37.667613], [146.029916, -37.674699], [146.0331301, -37.6723589], [146.0346031, -37.671546], [146.0404, -37.6725311], [146.0453539, -37.671565], [146.049381, -37.674314], [146.06886, -37.6779391], [146.0697709, -37.6789299], [146.0709542, -37.678109], [146.077218, -37.6752239], [146.0843221, -37.6767699], [146.0876068, -37.6765009], [146.0927611, -37.671369], [146.095096, -37.664961], [146.0998271, -37.6634219], [146.105739, -37.664975], [146.1118929, -37.663491], [146.1162941, -37.6646539], [146.1189431, -37.665907], [146.119755, -37.6661509], [146.12026, -37.6658009], [146.121048, -37.665051], [146.1246291, -37.660253], [146.1260759, -37.656793], [146.1264189, -37.6564249], [146.1469609, -37.6529399], [146.1472878, -37.652009], [146.1483279, -37.6511339], [146.150482, -37.6433829], [146.1735459, -37.643356], [146.1734691, -37.641036], [146.1730629, -37.63924], [146.172242, -37.635226], [146.1717051, -37.63403], [146.1715242, -37.6332349], [146.168069, -37.629309], [146.163275, -37.6279399], [146.162728, -37.627494], [146.158001, -37.627005], [146.1548269, -37.626915], [146.1535541, -37.625114], [146.1515579, -37.625224], [146.1507949, -37.6222769], [146.149532, -37.622348], [146.1480819, -37.6200999], [146.1494731, -37.6179111], [146.149049, -37.6168149], [146.1473459, -37.61614], [146.1465089, -37.614792], [146.1480699, -37.6122469], [146.146936, -37.6102791], [146.1440341, -37.606718], [146.14484, -37.6058737], [146.1440298, -37.5963348], [146.1471262, -37.5892267], [146.1484705, -37.5872996], [146.1484928, -37.584962], [146.1486329, -37.5841901], [146.1486199, -37.5837793], [146.1485352, -37.5836593], [146.1429741, -37.5799612], [146.1369713, -37.5747215], [146.1353159, -37.5728265], [146.1300194, -37.5729031], [146.1289135, -37.5727898], [146.1286801, -37.5727661], [146.1284424, -37.5727656], [146.1172279, -37.5727448], [146.114035, -37.5712748], [146.1119693, -37.5699172], [146.1098636, -37.5689924], [146.1055477, -37.5638679], [146.1022673, -37.5615525], [146.099587, -37.5610266], [146.0985746, -37.5606034], [146.0940289, -37.5613443], [146.0905269, -37.5635669], [146.0867116, -37.564036], [146.0865351, -37.5639663], [146.0821876, -37.5643896], [146.0821876, -37.5643895], [146.0821872, -37.5643896], [146.080323, -37.5635992], [146.0799174, -37.5629467], [146.077589, -37.5619207], [146.0778081, -37.5607741], [146.075855, -37.5581207], [146.076313, -37.5564108], [146.0756919, -37.5551718], [146.0759874, -37.552373], [146.076605, -37.5505085], [146.0758832, -37.5501301], [146.0756105, -37.5499081], [146.0735265, -37.5495673], [146.0642463, -37.544707], [146.0619512, -37.5435051], [146.0619512, -37.5435049], [146.0636065, -37.5393485], [146.0638132, -37.5384537], [146.0661432, -37.5359431], [146.0675004, -37.5349207], [146.0692385, -37.5332336], [146.0666266, -37.530485], [146.0651452, -37.5280265], [146.0650302, -37.5278355], [146.064745, -37.5251759], [146.0649573, -37.5240223], [146.0702003, -37.5201582], [146.0701793, -37.5183542], [146.0694026, -37.5177428], [146.0689956, -37.5169014], [146.0651004, -37.5146355], [146.0679462, -37.5119381], [146.0680526, -37.5113009], [146.0650554, -37.5095002], [146.0630732, -37.5108362], [146.0630732, -37.5108361], [146.0630728, -37.5108362], [146.05995, -37.5084389], [146.0587264, -37.508619], [146.0576054, -37.5079082], [146.0543993, -37.508197], [146.0543993, -37.5081969], [146.054399, -37.5081969], [146.0528481, -37.5063894], [146.0504089, -37.506518], [146.0504089, -37.5065179], [146.0504075, -37.506518], [146.0494, -37.5045051], [146.0493351, -37.5043756], [146.0458903, -37.5043491], [146.044827, -37.5022197], [146.0433811, -37.5017071], [146.0425555, -37.50106], [146.0429656, -37.4974743], [146.0447292, -37.4956151], [146.0473479, -37.4973557], [146.0487598, -37.5005669], [146.049153, -37.5007049], [146.05064, -37.5025518], [146.0548856, -37.5030002], [146.0553236, -37.5009912], [146.0558835, -37.5005753], [146.056818, -37.5001867], [146.0608241, -37.5000125], [146.0609752, -37.5001684], [146.0613168, -37.5005199], [146.0611005, -37.5017998], [146.0633926, -37.5040898], [146.0726161, -37.5034712], [146.0773958, -37.4998363], [146.0773339, -37.4993052], [146.0775072, -37.4975039], [146.0778996, -37.49558], [146.0778559, -37.4921937], [146.0780214, -37.4913325], [146.0781411, -37.4894174], [146.0780216, -37.4884805], [146.0778877, -37.488104], [146.0771473, -37.4860236], [146.0673293, -37.4836335], [146.0668926, -37.4831254], [146.0626567, -37.4770966], [146.0619469, -37.4752673], [146.0601205, -37.4730556], [146.0599906, -37.4730567], [146.0594804, -37.4731236], [146.0538061, -37.4728349], [146.0509272, -37.4747103], [146.0476302, -37.4737427], [146.0473509, -37.4728511], [146.0491863, -37.4707344], [146.0479751, -37.469167], [146.0437801, -37.4683388], [146.037194, -37.4670382], [146.0330374, -37.4691619], [146.030769, -37.469571], [146.0305872, -37.4694915], [146.0289596, -37.468453], [146.0282566, -37.4681401], [146.0264858, -37.4669405], [146.0163505, -37.4708706], [146.009682, -37.4753889], [146.0102362, -37.4760717], [146.0093756, -37.477602], [146.0040446, -37.4822402], [146.0010287, -37.4788202], [146.0000665, -37.4786536], [145.9969816, -37.475874], [145.9957402, -37.4755694], [145.9931484, -37.4749335], [145.991996, -37.4743043], [145.9911821, -37.4740666], [145.9884322, -37.4742508], [145.9861123, -37.4736501], [145.9857933, -37.47364], [145.984749, -37.4730747], [145.9814818, -37.4699555], [145.9808566, -37.4696823], [145.9784135, -37.4673466], [145.978091, -37.4659066], [145.9745534, -37.4629968], [145.974553, -37.4629966], [145.9681198, -37.4658687], [145.9676239, -37.4662585], [145.964379, -37.464286], [145.96378, -37.4642052], [145.9637797, -37.4642054], [145.9637787, -37.4642052], [145.9594417, -37.4673094], [145.9592135, -37.4678809], [145.956854, -37.4685946], [145.9550493, -37.4681999], [145.9538628, -37.465549], [145.950941, -37.4646181], [145.949446, -37.4630429], [145.9480474, -37.4625108], [145.946646, -37.4610945], [145.9457557, -37.4599507], [145.945743, -37.4579259], [145.9448194, -37.4568561], [145.9440418, -37.4567706], [145.9224382, -37.4469265], [145.9226107, -37.4455834], [145.9225994, -37.4451264], [145.9229084, -37.4432885], [145.9220986, -37.4391547], [145.9134363, -37.4355264], [145.9133851, -37.4354963], [145.9132714, -37.4354068], [145.9126995, -37.4349556], [145.9101454, -37.4334466], [145.9096661, -37.4330583], [145.9077526, -37.4300162], [145.9071281, -37.4290231], [145.9038888, -37.4260235], [145.9029733, -37.425888], [145.9002365, -37.424764], [145.891967, -37.4241351], [145.8833325, -37.4250752], [145.8838299, -37.427994], [145.8816646, -37.4366315], [145.8788407, -37.4426243], [145.8761274, -37.4468509], [145.8721103, -37.4467676], [145.87211, -37.4467675], [145.8716132, -37.4465538], [145.8692483, -37.4455377], [145.8656322, -37.4451039], [145.8650142, -37.4450297], [145.8592471, -37.4429805], [145.8564858, -37.4415494], [145.8564708, -37.4415416], [145.8503069, -37.4342933], [145.8489056, -37.4302491], [145.8489824, -37.4278468], [145.8477868, -37.4256006], [145.8473671, -37.4234453], [145.8475823, -37.4218604], [145.8470789, -37.4190623], [145.8467332, -37.4189167], [145.8463069, -37.4187369], [145.8410447, -37.4130869], [145.8407119, -37.411504], [145.8401384, -37.4092012], [145.8403485, -37.4085816], [145.8403485, -37.4085814], [145.8402477, -37.4078378], [145.8381335, -37.4052195], [145.8373857, -37.4049268], [145.8363919, -37.4045377], [145.8351133, -37.4022054], [145.8326281, -37.4012586], [145.8320312, -37.399766], [145.8308696, -37.3992471], [145.8293464, -37.3985662], [145.8206004, -37.4021196], [145.8206004, -37.4021198], [145.8217227, -37.4059346], [145.8229392, -37.4076097], [145.8234275, -37.4088813], [145.823634, -37.4091747], [145.824452, -37.4096909], [145.8249809, -37.4102404], [145.8268009, -37.4135442], [145.8148237, -37.4235295], [145.8131031, -37.4243901], [145.8140466, -37.4278747], [145.8148687, -37.4292948], [145.8148983, -37.4293983], [145.8153166, -37.4301534], [145.8164657, -37.4341484], [145.8167553, -37.4348169], [145.8168574, -37.4349476], [145.8179613, -37.4358576], [145.8182647, -37.4360204], [145.8192272, -37.4368266], [145.8198181, -37.4371406], [145.8201593, -37.4374348], [145.8243162, -37.4430835], [145.8247852, -37.4433379], [145.8251737, -37.4435496], [145.8280574, -37.4473318], [145.8283615, -37.4474495], [145.8305306, -37.4505515], [145.8230454, -37.455968], [145.8244143, -37.4577293], [145.8248302, -37.4580257], [145.8200425, -37.4662608], [145.8224872, -37.4674489], [145.821058, -37.4712201], [145.8176585, -37.4712345], [145.8157087, -37.4727663], [145.8148067, -37.4756363], [145.8155348, -37.4762872], [145.8159599, -37.4766675], [145.8166615, -37.4769302], [145.8181666, -37.4781886], [145.8189091, -37.4784649], [145.8199542, -37.4794363], [145.8230252, -37.4802768], [145.825384, -37.4828738], [145.8257318, -37.4875889], [145.8252118, -37.4903048], [145.8246575, -37.4914433], [145.8207896, -37.4919627], [145.820351, -37.4920963], [145.8201933, -37.492136], [145.8197186, -37.4922548], [145.8176627, -37.4923961], [145.8137447, -37.4920236], [145.8109951, -37.4905311], [145.804389, -37.488157], [145.8022836, -37.4880693], [145.7999021, -37.4889532], [145.7950517, -37.4917548], [145.7909392, -37.4934735], [145.7908617, -37.4934938], [145.7895431, -37.4923058], [145.7796036, -37.4883356], [145.7763667, -37.4870421], [145.7748437, -37.4857391], [145.7706058, -37.485251], [145.7699471, -37.4854291], [145.7692711, -37.4853394], [145.7683101, -37.4852118], [145.7683097, -37.4852119], [145.7683087, -37.4852118], [145.7651921, -37.486095], [145.7630771, -37.4872999], [145.7628613, -37.4873337], [145.7588177, -37.4853354], [145.758067, -37.4846367], [145.7567302, -37.4833922], [145.756857, -37.4824021], [145.7569639, -37.4808722], [145.7580052, -37.4801789], [145.759513, -37.4782022], [145.7595129, -37.4782021], [145.7595025, -37.4781361], [145.7593696, -37.4773019], [145.7585821, -37.4760963], [145.7573761, -37.4742497], [145.7555085, -37.472727], [145.7548615, -37.4721994], [145.7602879, -37.4656964], [145.7624186, -37.4645565], [145.762723, -37.464469], [145.7608643, -37.4598282], [145.7580482, -37.4575563], [145.7540217, -37.4587234], [145.7536233, -37.4591071], [145.7534369, -37.4595922], [145.7509623, -37.4605965], [145.7506006, -37.4610564], [145.7476288, -37.4620015], [145.7473912, -37.4622201], [145.7472917, -37.463932], [145.7440594, -37.4662339], [145.7414254, -37.4661597], [145.7412551, -37.466155], [145.7403705, -37.4656631], [145.7367343, -37.4692215], [145.7370226, -37.4705148], [145.7346269, -37.4724093], [145.7339404, -37.4740256], [145.7337889, -37.4741438], [145.7336038, -37.4743981], [145.7334899, -37.4748962], [145.7334899, -37.4748964], [145.7351308, -37.4776094], [145.7349297, -37.4786659], [145.7365689, -37.4801418], [145.7387304, -37.4804484], [145.7412887, -37.4840767], [145.7412657, -37.4844986], [145.74004, -37.4853298], [145.7378646, -37.4874429], [145.7367283, -37.4873653], [145.7362833, -37.4871662], [145.7346713, -37.485639], [145.7326858, -37.4837575], [145.7318713, -37.4833786], [145.7271954, -37.4863404], [145.7256003, -37.4860284], [145.7251235, -37.4854835], [145.7203821, -37.4841965], [145.7196374, -37.484364], [145.7174466, -37.4834379], [145.7156717, -37.4826874], [145.7151835, -37.481962], [145.7150121, -37.4817073], [145.7123358, -37.4805346], [145.7122705, -37.4804485], [145.7101103, -37.4789323], [145.7090949, -37.4785869], [145.7035903, -37.4820978], [145.7007749, -37.4804002], [145.7007749, -37.4804004], [145.7007746, -37.4804002], [145.6941328, -37.4862189], [145.694143, -37.4872283], [145.6955223, -37.4880645], [145.696611, -37.4892415], [145.6993748, -37.4904751], [145.7012802, -37.4922733], [145.6960179, -37.4991808], [145.6960179, -37.4991807], [145.6943919, -37.4986958], [145.6922007, -37.4980424], [145.6912687, -37.4972978], [145.6885688, -37.4966657], [145.6882672, -37.4967026], [145.687474, -37.4965278], [145.6874737, -37.4965278], [145.6817714, -37.4986836], [145.6818007, -37.5014444], [145.6818762, -37.5016531], [145.6807995, -37.5030567], [145.6807687, -37.5031345], [145.6807687, -37.5031346], [145.6816742, -37.5044748], [145.6806397, -37.506911], [145.680124, -37.5071897], [145.6777152, -37.5064978], [145.6772406, -37.5046514], [145.6739159, -37.5048548], [145.6729947, -37.5073471], [145.6729688, -37.5073735], [145.6716238, -37.5080046], [145.6708553, -37.5115513], [145.6701885, -37.5126337], [145.6670086, -37.5129118], [145.6630516, -37.5123796], [145.6608973, -37.5127249], [145.6606279, -37.5130832], [145.6615843, -37.5183416], [145.6608176, -37.519438], [145.6604284, -37.5197925], [145.6592954, -37.5231436], [145.6593808, -37.5233678], [145.6596362, -37.5240403], [145.6581145, -37.5247802], [145.6575517, -37.5250537], [145.6567337, -37.5258351], [145.6554267, -37.5273876], [145.6554455, -37.527866], [145.6547301, -37.5284781], [145.6518165, -37.5270397], [145.6515591, -37.5255226], [145.6516789, -37.5250807], [145.6516785, -37.5250807], [145.6516785, -37.5250805], [145.6484594, -37.5245249], [145.6482757, -37.5244812], [145.6481196, -37.5244439], [145.6479354, -37.5243387], [145.6479037, -37.5240855], [145.6481393, -37.5221468], [145.6446592, -37.5216123], [145.6444094, -37.520299], [145.6445699, -37.5194925], [145.6445369, -37.5194477], [145.6433348, -37.5187686], [145.6429726, -37.5185638], [145.6429283, -37.5183445], [145.6424967, -37.5161974], [145.6399579, -37.5155244], [145.6393426, -37.5159305], [145.6327771, -37.515195], [145.6325518, -37.5150394], [145.6307359, -37.514721], [145.62905, -37.5137232], [145.6290497, -37.5137232], [145.625396, -37.5145544], [145.624823, -37.5144979], [145.6220413, -37.5113296], [145.6122528, -37.5117244], [145.6122322, -37.5116992], [145.6118907, -37.5108845], [145.6018145, -37.5119396], [145.6004707, -37.5110967], [145.599838, -37.5086244], [145.5993152, -37.5081738], [145.5987854, -37.5056749], [145.5958439, -37.5030304], [145.5951336, -37.5002945], [145.5942939, -37.4992147], [145.5940432, -37.4984039], [145.5916587, -37.4972011], [145.5885969, -37.4980893], [145.5824461, -37.4969976], [145.5793242, -37.4996197], [145.5793417, -37.5001332], [145.5800807, -37.5015084], [145.5822961, -37.503098], [145.5834597, -37.5057092], [145.5783858, -37.5063556], [145.5765542, -37.5064655], [145.5720754, -37.5092362], [145.5721557, -37.5093549], [145.5727362, -37.5136044], [145.5730191, -37.5139069], [145.5742994, -37.518627], [145.5742934, -37.5187325], [145.5742934, -37.5187326], [145.5759122, -37.5218453], [145.5756362, -37.5224666], [145.5758061, -37.5247274], [145.5750747, -37.526745], [145.5737606, -37.5280256], [145.5736467, -37.5283603], [145.5738412, -37.5295653], [145.5708186, -37.5349178], [145.5714733, -37.5360617], [145.5747602, -37.5373366], [145.5750253, -37.5378235], [145.5755455, -37.5386872], [145.5762735, -37.5397785], [145.5760853, -37.5403379], [145.5761533, -37.5407982], [145.5764246, -37.5412016], [145.5765197, -37.5413435], [145.5772586, -37.5484542], [145.577004, -37.5486365], [145.5769063, -37.548737], [145.5751367, -37.5511677], [145.5764706, -37.5526121], [145.5766399, -37.5531374], [145.5756279, -37.5563801], [145.576043, -37.55761], [145.574958, -37.56005], [145.574663, -37.5605651], [145.5746451, -37.562586], [145.5749519, -37.5630089], [145.5745089, -37.5663899], [145.5739908, -37.567093], [145.572527, -37.5736439], [145.572392, -37.573929], [145.5719399, -37.574425], [145.5727798, -37.575637], [145.5734471, -37.5791181], [145.5805069, -37.5895999], [145.5797551, -37.593945], [145.578917, -37.5953729], [145.5766991, -37.597331], [145.5761441, -37.598505], [145.5736199, -37.600723], [145.5737059, -37.6031611], [145.57458, -37.6060943], [145.5752547, -37.6074708], [145.6354201, -37.5874772], [145.657196, -37.6095961], [145.6759283, -37.6246887], [146.0258988, -37.6369349]]]}}, {"type": "Feature", "properties": {"level": "primary", "school": "Hoddles Creek Primary School", "year_level": "P6", "boundary_year": 2026}, "geometry": {"type": "Polygon", "coordinates": [[[145.617846, -37.8069669], [145.5921162, -37.8044088], [145.5428576, -37.8213945], [145.5199039, -37.8386693], [145.5442908, -37.8709914], [145.5421806, -37.8836228], [145.5568767, -37.8876595], [145.6547634, -37.9145091], [145.617846, -37.8069669]]]}}, {"type": "Feature", "properties": {"level": "primary", "school": "Eynesbury Primary School", "year_level": "P6", "boundary_year": 2026}, "geometry": {"type": "Polygon", "coordinates": [[[144.6182748, -37.7779266], [144.4792402, -37.7558607], [144.4850804, -37.8524315], [144.5867638, -37.8220978], [144.6188766, -37.779662], [144.6184822, -37.7781856], [144.6182748, -37.7779266]]]}}, {"type": "Feature", "properties": {"level": "primary", "school": "Rockbank Primary School", "year_level": "P6", "boundary_year": 2026}, "geometry": {"type": "Polygon", "coordinates": [[[144.6182748, -37.7779266], [144.6184822, -37.7781856], [144.6871811, -37.7432268], [144.6855219, -37.7394867], [144.6708031, -37.7350905], [144.6533353, -37.724463], [144.6459229, -37.7201522], [144.6453562, -37.7218508], [144.6151545, -37.7625006], [144.6182748, -37.7779266]]]}}, {"type": "Feature", "properties": {"level": "primary", "school": "Chum Creek Primary School", "year_level": "P6", "boundary_year": 2026}, "geometry": {"type": "Polygon", "coordinates": [[[145.4573081, -37.618993], [145.454666, -37.6223661], [145.4547979, -37.6231609], [145.4565949, -37.624427], [145.4571208, -37.62868], [145.454066, -37.635548], [145.4522899, -37.634922], [145.4517849, -37.6348809], [145.4516401, -37.6349441], [145.450739, -37.6358569], [145.4491599, -37.640577], [145.448724, -37.64114], [145.4467161, -37.641804], [145.4465072, -37.644875], [145.4476019, -37.646439], [145.447191, -37.647267], [145.4479221, -37.6496495], [145.5316936, -37.6219208], [145.5300371, -37.617795], [145.5288389, -37.6139592], [145.5265669, -37.611471], [145.522911, -37.6098679], [145.5226021, -37.609475], [145.5218719, -37.604997], [145.5221928, -37.604034], [145.521716, -37.6029249], [145.5216829, -37.60276], [145.5225051, -37.6000019], [145.5217031, -37.598982], [145.5216751, -37.598566], [145.5217689, -37.5981269], [145.5227412, -37.596293], [145.5219689, -37.594761], [145.5234019, -37.5925961], [145.5222811, -37.590576], [145.5232271, -37.58918], [145.5208209, -37.584731], [145.52007, -37.5843589], [145.519138, -37.582732], [145.5181788, -37.582055], [145.5172949, -37.5805049], [145.517222, -37.579868], [145.5151869, -37.576597], [145.5147781, -37.576582], [145.512717, -37.5754051], [145.5109842, -37.573807], [145.510505, -37.572156], [145.510728, -37.571729], [145.5088038, -37.5704459], [145.5082429, -37.570359], [145.5074368, -37.569735], [145.5061651, -37.571989], [145.5040568, -37.5696239], [145.5038291, -37.5687341], [145.5034629, -37.568668], [145.5011878, -37.567234], [145.5000819, -37.5682949], [145.4965729, -37.567975], [145.496086, -37.5668469], [145.4947252, -37.5659069], [145.4921381, -37.5666031], [145.4920959, -37.566584], [145.490218, -37.5627269], [145.4892579, -37.5622809], [145.4868771, -37.564413], [145.486269, -37.5640141], [145.4824289, -37.563645], [145.482759, -37.565941], [145.479145, -37.566604], [145.4790159, -37.567345], [145.4783571, -37.568699], [145.4775519, -37.5686519], [145.475064, -37.570514], [145.469278, -37.5696159], [145.4689292, -37.570494], [145.4677199, -37.5718389], [145.4669189, -37.574895], [145.4676029, -37.5799039], [145.4660971, -37.5806689], [145.463936, -37.5838619], [145.4629802, -37.588769], [145.4627311, -37.588919], [145.4615121, -37.590965], [145.4613109, -37.5926319], [145.4616519, -37.5934499], [145.4605879, -37.597255], [145.4617869, -37.599818], [145.4619679, -37.599977], [145.4626681, -37.6023681], [145.464428, -37.6046199], [145.4637861, -37.6078279], [145.4640012, -37.608595], [145.4632321, -37.6105259], [145.463044, -37.6125439], [145.459398, -37.614667], [145.4584579, -37.618227], [145.4573081, -37.618993]]]}}, {"type": "Feature", "properties": {"level": "primary", "school": "Newhaven Primary School", "year_level": "P6", "boundary_year": 2026}, "geometry": {"type": "Polygon", "coordinates": [[[145.2764122, -38.5092547], [145.3096759, -38.520448], [145.3416914, -38.547474], [145.3455639, -38.5533895], [145.340934, -38.5596731], [145.3520142, -38.5687967], [145.3625988, -38.5670182], [145.3604334, -38.5610145], [145.3655497, -38.5515643], [145.3541306, -38.5457975], [145.3417642, -38.5356353], [145.3439476, -38.5287603], [145.3478786, -38.5212886], [145.3615463, -38.5174745], [145.3643411, -38.515933], [145.3635233, -38.5123973], [145.3592773, -38.5086358], [145.3532232, -38.5076268], [145.3493176, -38.5063304], [145.3488626, -38.5080824], [145.3398664, -38.5090064], [145.3318392, -38.5040752], [145.3197253, -38.5084321], [145.3034108, -38.5074127], [145.2979122, -38.5061091], [145.2973613, -38.502224], [145.2974215, -38.5011899], [145.2889591, -38.4984362], [145.2860624, -38.4989259], [145.2846985, -38.5001351], [145.2846974, -38.5025364], [145.2845112, -38.5026935], [145.2842203, -38.5030473], [145.2827509, -38.5036477], [145.282212, -38.5039013], [145.2817293, -38.5044688], [145.2816656, -38.5046421], [145.2811834, -38.5050602], [145.2810837, -38.5053549], [145.2807454, -38.5056494], [145.2804948, -38.5060443], [145.2804812, -38.5060794], [145.2801889, -38.5063433], [145.2797156, -38.506393], [145.2789189, -38.506982], [145.2789156, -38.5073738], [145.2786068, -38.5075528], [145.2775963, -38.5070418], [145.2774065, -38.5071395], [145.2772444, -38.5076586], [145.2767611, -38.5078219], [145.2764122, -38.5092547]]]}}, {"type": "Feature", "properties": {"level": "primary", "school": "Cowes Primary School", "year_level": "P6", "boundary_year": 2026}, "geometry": {"type": "Polygon", "coordinates": [[[145.2974215, -38.5011899], [145.2997243, -38.498891], [145.3051721, -38.497698], [145.3079074, -38.4937203], [145.306577, -38.4864508], [145.3054191, -38.4846847], [145.3031186, -38.4846905], [145.2999815, -38.4881578], [145.2930908, -38.4877857], [145.2912459, -38.4815511], [145.2942933, -38.4790117], [145.2982711, -38.4751155], [145.3029234, -38.4673732], [145.3103933, -38.4659783], [145.3108358, -38.4605555], [145.3094907, -38.4593169], [145.3008441, -38.4578971], [145.3012087, -38.4544727], [145.2998511, -38.4514935], [145.2901663, -38.4497819], [145.2755722, -38.4504584], [145.2400307, -38.4465114], [145.2115228, -38.4483526], [145.2002116, -38.4507713], [145.183586, -38.4598403], [145.1648838, -38.4648612], [145.1555416, -38.4751242], [145.151232, -38.4835165], [145.1474566, -38.49284], [145.1465861, -38.5024741], [145.132898, -38.5073355], [145.1305226, -38.5052181], [145.1261341, -38.5047568], [145.1148871, -38.5171618], [145.1159583, -38.5197698], [145.1499326, -38.515446], [145.1512879, -38.5111579], [145.1626139, -38.5110966], [145.1652296, -38.5140751], [145.1740671, -38.5147149], [145.1832355, -38.5145867], [145.1962794, -38.5192139], [145.2020797, -38.5178083], [145.2087426, -38.5252102], [145.2159148, -38.5260297], [145.2212676, -38.5310519], [145.2321756, -38.5194999], [145.2392264, -38.507731], [145.245972, -38.5083603], [145.2547141, -38.5045089], [145.262694, -38.5083951], [145.2693627, -38.5077514], [145.2713128, -38.5058601], [145.2744497, -38.5085945], [145.2764122, -38.5092547], [145.2767611, -38.5078219], [145.2772444, -38.5076586], [145.2774065, -38.5071395], [145.2775963, -38.5070418], [145.2786068, -38.5075528], [145.2789156, -38.5073738], [145.2789189, -38.506982], [145.2797156, -38.506393], [145.2801889, -38.5063433], [145.2804812, -38.5060794], [145.2804948, -38.5060443], [145.2807454, -38.5056494], [145.2810837, -38.5053549], [145.2811834, -38.5050602], [145.2816656, -38.5046421], [145.2817293, -38.5044688], [145.282212, -38.5039013], [145.2827509, -38.5036477], [145.2842203, -38.5030473], [145.2845112, -38.5026935], [145.2846974, -38.5025364], [145.2846985, -38.5001351], [145.2860624, -38.4989259], [145.2889591, -38.4984362], [145.2974215, -38.5011899]]]}}, {"type": "Feature", "properties": {"level": "primary", "school": "Lang Lang Primary School", "year_level": "P6", "boundary_year": 2026}, "geometry": {"type": "Polygon", "coordinates": [[[145.6559052, -38.2174493], [145.5437793, -38.2201795], [145.4924756, -38.2559177], [145.4959036, -38.2685724], [145.4973859, -38.2776985], [145.5049184, -38.2845577], [145.5159214, -38.2909729], [145.5214292, -38.301434], [145.515141, -38.3174495], [145.5142848, -38.3390476], [145.5175553, -38.33989], [145.5279093, -38.3360869], [145.5445168, -38.3405628], [145.5510575, -38.3533904], [145.5522594, -38.3540896], [145.5591313, -38.3561325], [145.5620913, -38.3534848], [145.5761701, -38.3408834], [145.576758, -38.3409111], [145.5770196, -38.3401235], [145.6681903, -38.2583836], [145.6740166, -38.2531508], [145.6559052, -38.2174493]]]}}, {"type": "Feature", "properties": {"level": "primary", "school": "Bass Valley Primary School", "year_level": "P6", "boundary_year": 2026}, "geometry": {"type": "Polygon", "coordinates": [[[145.5522594, -38.3540896], [145.5510575, -38.3533904], [145.5480672, -38.3713323], [145.5342349, -38.397225], [145.5122437, -38.4153529], [145.4923944, -38.414641], [145.4826064, -38.4068778], [145.4592969, -38.4081217], [145.4534573, -38.4119181], [145.4416722, -38.407506], [145.4290622, -38.4100937], [145.4250811, -38.4070674], [145.4172796, -38.4058102], [145.4149577, -38.4076005], [145.4246586, -38.4148008], [145.4328861, -38.431913], [145.4324565, -38.4383098], [145.4273307, -38.444473], [145.4280692, -38.4610867], [145.4167471, -38.471756], [145.4264348, -38.4751556], [145.4318687, -38.48085], [145.4311883, -38.490078], [145.4335372, -38.4897988], [145.4400404, -38.4891306], [145.4419867, -38.4886153], [145.4466776, -38.4888883], [145.449315, -38.492394], [145.4495059, -38.4925211], [145.4506645, -38.4936661], [145.4552999, -38.4956582], [145.4541549, -38.5013], [145.4545028, -38.5016355], [145.455906, -38.5018517], [145.4563363, -38.5023149], [145.4581863, -38.5032258], [145.4629204, -38.5068051], [145.4632638, -38.5069064], [145.4630186, -38.5083989], [145.4623876, -38.5089058], [145.4594557, -38.5165943], [145.4594764, -38.5167582], [145.4603899, -38.5174951], [145.4661795, -38.5156698], [145.4694376, -38.5163993], [145.4696923, -38.5164307], [145.4728125, -38.5156936], [145.4767641, -38.5131643], [145.477585, -38.5122909], [145.479749, -38.5109853], [145.4819069, -38.5112427], [145.482612, -38.5111056], [145.4827595, -38.5110347], [145.4872355, -38.5097441], [145.4897838, -38.5095482], [145.4910811, -38.5095205], [145.4922053, -38.5090972], [145.4923361, -38.5089652], [145.496205, -38.5067652], [145.4968493, -38.5036281], [145.496216, -38.5014674], [145.499746, -38.5021436], [145.501484, -38.5033991], [145.5070828, -38.5050305], [145.5094625, -38.5064067], [145.5106708, -38.5058963], [145.5115, -38.5051479], [145.5111323, -38.5041858], [145.5097726, -38.5014533], [145.5097439, -38.501421], [145.5085685, -38.4971036], [145.5083804, -38.4966035], [145.5085665, -38.4954995], [145.5092683, -38.4936842], [145.5104913, -38.4936972], [145.5115202, -38.4940214], [145.5123139, -38.4940948], [145.5124367, -38.4941096], [145.5127716, -38.4941541], [145.5129411, -38.4941551], [145.5146319, -38.4940517], [145.5164849, -38.4946599], [145.5177678, -38.4947228], [145.5188078, -38.4941201], [145.5230561, -38.4937949], [145.5241124, -38.4943856], [145.5266882, -38.4949591], [145.5283246, -38.4941044], [145.5309625, -38.4932452], [145.5327219, -38.4908921], [145.5356928, -38.4877383], [145.5364023, -38.4874334], [145.5367665, -38.4870751], [145.5371493, -38.4842199], [145.5376398, -38.4829686], [145.5389027, -38.48171], [145.5407964, -38.4814621], [145.5504212, -38.4827939], [145.5524215, -38.4825894], [145.5529149, -38.4827015], [145.5529598, -38.4827329], [145.5563583, -38.4840638], [145.5569753, -38.4847511], [145.5585511, -38.4853842], [145.5598938, -38.4896409], [145.5628217, -38.4896068], [145.5629305, -38.4895927], [145.565276, -38.4887836], [145.5659754, -38.4888425], [145.5673056, -38.4892589], [145.5707488, -38.4907072], [145.5710207, -38.4905682], [145.5712739, -38.4902742], [145.5711975, -38.488502], [145.5680996, -38.4841139], [145.5666986, -38.483236], [145.5661793, -38.4832051], [145.5652725, -38.4830427], [145.5646732, -38.4816512], [145.5672049, -38.479465], [145.567896, -38.4792979], [145.568373, -38.4763413], [145.5689534, -38.4761459], [145.5688036, -38.4723987], [145.5751598, -38.4696882], [145.5766526, -38.4693802], [145.5802339, -38.4743781], [145.5828729, -38.474571], [145.589237, -38.4741619], [145.5903124, -38.47428], [145.5908025, -38.4745335], [145.5980531, -38.4722513], [145.5996429, -38.4720373], [145.6016693, -38.4727028], [145.6114535, -38.4691483], [145.6090572, -38.4649693], [145.6093617, -38.4645389], [145.6104558, -38.4636795], [145.6114995, -38.4617297], [145.6207893, -38.4551414], [145.6197213, -38.4549325], [145.6112184, -38.4546677], [145.6087661, -38.4535505], [145.6096939, -38.4505976], [145.610053, -38.4502618], [145.6109011, -38.447658], [145.6102166, -38.4460085], [145.6109431, -38.4449385], [145.6105115, -38.4424411], [145.6107585, -38.4422208], [145.6111647, -38.4405058], [145.6100712, -38.4391303], [145.6105396, -38.4363286], [145.6126749, -38.4355845], [145.6131731, -38.4320565], [145.6129119, -38.4316319], [145.6124961, -38.4314924], [145.6103145, -38.4313405], [145.6073831, -38.4293458], [145.6073806, -38.4292143], [145.606785, -38.4279031], [145.607001, -38.4267039], [145.6079836, -38.4260486], [145.6108197, -38.4272819], [145.6134028, -38.4261385], [145.6136755, -38.4257488], [145.6135797, -38.4246667], [145.6156913, -38.4224554], [145.6162729, -38.4203798], [145.614608, -38.4187067], [145.6145321, -38.4182387], [145.6111983, -38.4150399], [145.61038, -38.413247], [145.609703, -38.4130233], [145.6084366, -38.4121649], [145.6063263, -38.4116829], [145.5997883, -38.4121262], [145.5979723, -38.4096546], [145.5981238, -38.4089711], [145.6005291, -38.4038599], [145.5929965, -38.3997448], [145.5922896, -38.3998041], [145.5909369, -38.3998367], [145.5890142, -38.4003055], [145.5850608, -38.3952184], [145.5859486, -38.3922047], [145.5869706, -38.3913574], [145.5891541, -38.3908893], [145.5909591, -38.3894591], [145.5939422, -38.3887859], [145.595766, -38.3878736], [145.5966587, -38.3865901], [145.5912571, -38.3819731], [145.5895488, -38.3783496], [145.588817, -38.3781434], [145.5859176, -38.3781402], [145.5847027, -38.3779218], [145.5812143, -38.3695677], [145.5777127, -38.3702674], [145.5728969, -38.3668143], [145.5698076, -38.3663479], [145.5697653, -38.3663292], [145.5684482, -38.3652742], [145.5681888, -38.3641126], [145.5686493, -38.3635608], [145.5692403, -38.3606576], [145.5713656, -38.3589686], [145.5703241, -38.3576718], [145.5670534, -38.3576648], [145.5656813, -38.3558093], [145.5649118, -38.3557048], [145.563708, -38.3558104], [145.5630044, -38.3551984], [145.5620913, -38.3534848], [145.5591313, -38.3561325], [145.5522594, -38.3540896]]]}}, {"type": "Feature", "properties": {"level": "primary", "school": "Coimadai Primary School", "year_level": "P6", "boundary_year": 2026}, "geometry": {"type": "Polygon", "coordinates": [[[144.537228, -37.6193726], [144.5302232, -37.550973], [144.5280736, -37.5510375], [144.5247591, -37.5520507], [144.5244171, -37.5522188], [144.5152999, -37.5544032], [144.5095533, -37.55304], [144.5089989, -37.5526528], [144.5063323, -37.5485113], [144.5019421, -37.5445426], [144.502382, -37.5397939], [144.5019985, -37.5369916], [144.5023235, -37.5323162], [144.5018954, -37.5314988], [144.4993227, -37.5287136], [144.4987093, -37.526158], [144.4992239, -37.5250186], [144.5025988, -37.5112006], [144.4973963, -37.5098794], [144.4957524, -37.5090795], [144.4933195, -37.5091963], [144.4910225, -37.5089766], [144.488518, -37.5082773], [144.4842687, -37.5097289], [144.4831977, -37.5121662], [144.4812232, -37.5127686], [144.4806464, -37.5148793], [144.4770082, -37.5139038], [144.4749316, -37.5161609], [144.4737568, -37.5163766], [144.4718299, -37.515629], [144.4707205, -37.5160612], [144.4680994, -37.5194081], [144.4679121, -37.519492], [144.4670728, -37.5222457], [144.4663982, -37.5228933], [144.460348, -37.5231427], [144.4590632, -37.5246895], [144.458358, -37.5250468], [144.4544652, -37.5259302], [144.4522875, -37.5251282], [144.4487684, -37.5223697], [144.4441747, -37.5205698], [144.4435863, -37.5194812], [144.443362, -37.5186043], [144.443387, -37.5165777], [144.4430559, -37.5154562], [144.443153, -37.5073149], [144.4419879, -37.5059453], [144.4424577, -37.5015842], [144.4444734, -37.498145], [144.4336856, -37.4936356], [144.4315067, -37.4952265], [144.4308706, -37.4953037], [144.429475, -37.4946789], [144.426478, -37.4948177], [144.426169, -37.4945909], [144.422867, -37.4940578], [144.4227205, -37.4938643], [144.4189822, -37.4930314], [144.4189531, -37.4920969], [144.4190993, -37.4900106], [144.4232194, -37.486845], [144.4237484, -37.4861186], [144.4213326, -37.4845561], [144.4157495, -37.4845757], [144.4092758, -37.4815161], [144.4062736, -37.4830719], [144.4048176, -37.4833305], [144.4035756, -37.4840678], [144.4035579, -37.4848966], [144.400548, -37.4918671], [144.400601, -37.493019], [144.4021393, -37.493881], [144.4049928, -37.4945584], [144.4043021, -37.4963988], [144.4015557, -37.4984352], [144.3989724, -37.4996179], [144.3975987, -37.4992542], [144.3931374, -37.5028632], [144.3914433, -37.5028041], [144.3860185, -37.5053535], [144.3838302, -37.505838], [144.3831408, -37.5078737], [144.3827473, -37.5091071], [144.380456, -37.5120905], [144.3802499, -37.5126383], [144.3802087, -37.5141087], [144.3795261, -37.5156623], [144.379308, -37.5190881], [144.3791494, -37.5193883], [144.3789068, -37.5214154], [144.376189, -37.5255473], [144.3700815, -37.5294884], [144.3705631, -37.529953], [144.3712026, -37.5303692], [144.3821067, -37.5431598], [144.3749388, -37.550263], [144.3761944, -37.5521275], [144.3790915, -37.5556345], [144.3900726, -37.5570813], [144.3926152, -37.5568834], [144.4023091, -37.5620263], [144.4036486, -37.5631234], [144.4060163, -37.5660655], [144.4064926, -37.5668293], [144.4048003, -37.5679472], [144.3968398, -37.5720677], [144.3964116, -37.5779407], [144.3961835, -37.5794201], [144.3967685, -37.5815849], [144.3983313, -37.5836798], [144.3979001, -37.5877992], [144.4002024, -37.5909259], [144.4002757, -37.5909803], [144.4006062, -37.5914099], [144.4035662, -37.5961574], [144.406106, -37.5967836], [144.4081179, -37.5978749], [144.4122479, -37.603747], [144.4126557, -37.6040481], [144.4143796, -37.6062192], [144.414431, -37.6067376], [144.4138751, -37.6093751], [144.4139237, -37.6108198], [144.4147336, -37.6127412], [144.4138713, -37.618331], [144.4167949, -37.6236383], [144.4178464, -37.62423], [144.4225124, -37.6221901], [144.4249511, -37.6183523], [144.42594, -37.6174704], [144.4273885, -37.6172242], [144.4299654, -37.6180023], [144.4305376, -37.6178409], [144.4315086, -37.6178295], [144.4331405, -37.6193736], [144.4348725, -37.620172], [144.435176, -37.6210881], [144.4353512, -37.621288], [144.4381517, -37.6217426], [144.4388419, -37.6213774], [144.4389818, -37.6212979], [144.4408411, -37.6202135], [144.4432458, -37.6207339], [144.4466181, -37.6193448], [144.4487466, -37.6173298], [144.4514322, -37.6184721], [144.4482672, -37.6234235], [144.4472634, -37.624192], [144.4494089, -37.6254661], [144.4504242, -37.6265403], [144.4509197, -37.6264939], [144.4518198, -37.6269081], [144.4541553, -37.6282496], [144.4544942, -37.6281926], [144.4565717, -37.6287417], [144.4578114, -37.6299611], [144.4580244, -37.6304495], [144.4588435, -37.6306111], [144.46115, -37.6323775], [144.4611337, -37.6330938], [144.4608649, -37.6336116], [144.4609417, -37.6341429], [144.462305, -37.6345887], [144.4627016, -37.6353555], [144.4649117, -37.6360835], [144.4651427, -37.6341841], [144.4652168, -37.6340907], [144.4682695, -37.6343838], [144.4689339, -37.6347994], [144.4696531, -37.6356829], [144.4691109, -37.6386378], [144.4695186, -37.63901], [144.4696857, -37.6434448], [144.4710089, -37.6441681], [144.4744665, -37.6444771], [144.4744879, -37.6444835], [144.4837116, -37.6402561], [144.4865265, -37.6412332], [144.489303, -37.6428732], [144.4902481, -37.6431657], [144.490834, -37.6434926], [144.491757, -37.6462762], [144.4939949, -37.6483836], [144.4941082, -37.6485256], [144.4942875, -37.6527217], [144.537228, -37.6193726]]]}}, {"type": "Feature", "properties": {"level": "primary", "school": "Arnolds Creek Primary School", "year_level": "P6", "boundary_year": 2026}, "geometry": {"type": "Polygon", "coordinates": [[[144.4942875, -37.6527217], [144.4914282, -37.6549406], [144.4927786, -37.6676866], [144.4946359, -37.6852281], [144.5315867, -37.684116], [144.5649159, -37.658291], [144.5664834, -37.6560964], [144.5694425, -37.6367989], [144.537228, -37.6193726], [144.4942875, -37.6527217]]]}}, {"type": "Feature", "properties": {"level": "primary", "school": "Toolern Vale and District Primary School", "year_level": "P6", "boundary_year": 2026}, "geometry": {"type": "Polygon", "coordinates": [[[144.5694425, -37.6367989], [144.6453765, -37.6427004], [144.6541338, -37.603747], [144.6449718, -37.5777294], [144.6328937, -37.5578495], [144.5832649, -37.5535912], [144.5427932, -37.5501012], [144.5389122, -37.5502228], [144.5361978, -37.548421], [144.5343459, -37.5492058], [144.5330008, -37.5504081], [144.5301753, -37.550496], [144.5302232, -37.550973], [144.537228, -37.6193726], [144.5694425, -37.6367989]]]}}, {"type": "Feature", "properties": {"level": "primary", "school": "Kinglake Primary School", "year_level": "P6", "boundary_year": 2026}, "geometry": {"type": "Polygon", "coordinates": [[[145.4104623, -37.5440157], [145.4089249, -37.5422341], [145.4085082, -37.5409579], [145.4080641, -37.5404385], [145.4070879, -37.5404662], [145.4005599, -37.538886], [145.3982831, -37.534963], [145.3985657, -37.5342791], [145.3980486, -37.5329697], [145.3987093, -37.5299695], [145.398121, -37.5289135], [145.3982964, -37.526325], [145.3983569, -37.526204], [145.4031137, -37.523729], [145.4053915, -37.5206006], [145.4051588, -37.519366], [145.4089379, -37.5165208], [145.4099949, -37.5153432], [145.4111058, -37.514932], [145.4124525, -37.5143823], [145.4132022, -37.5097741], [145.4126752, -37.5087864], [145.4129497, -37.5076536], [145.4174002, -37.507158], [145.4187884, -37.5094221], [145.4198189, -37.5098275], [145.4205564, -37.5098384], [145.421249, -37.5072788], [145.4216718, -37.5061706], [145.4214647, -37.5057921], [145.4221929, -37.5037052], [145.4228701, -37.5032116], [145.4231305, -37.5028736], [145.4213585, -37.5016933], [145.4211705, -37.5010758], [145.4186969, -37.501089], [145.4179025, -37.5001581], [145.4150238, -37.499286], [145.4149284, -37.499026], [145.4149203, -37.4985952], [145.4145348, -37.4965384], [145.4139369, -37.4957836], [145.4136958, -37.493692], [145.4125378, -37.4920145], [145.4124377, -37.4900647], [145.4111184, -37.4873886], [145.4111076, -37.4862793], [145.4113951, -37.4856845], [145.4115076, -37.4818453], [145.4112768, -37.4811991], [145.41135, -37.4798724], [145.4108833, -37.4784339], [145.411139, -37.4745493], [145.4112017, -37.4744075], [145.4114886, -37.4708381], [145.410835, -37.468265], [145.4104661, -37.4671633], [145.4098687, -37.4667039], [145.4101085, -37.4639979], [145.4125742, -37.458771], [145.4144227, -37.4584537], [145.4173547, -37.4589941], [145.4203698, -37.4584256], [145.4207393, -37.4567411], [145.4203668, -37.4562378], [145.4188107, -37.4557044], [145.4184742, -37.4533337], [145.4182704, -37.4530335], [145.4181526, -37.453006], [145.4163321, -37.4529068], [145.4151148, -37.4508213], [145.4143301, -37.4503736], [145.411301, -37.4506247], [145.403751, -37.4479119], [145.401424, -37.4479287], [145.4008923, -37.4478683], [145.3994856, -37.4462104], [145.3993051, -37.4458677], [145.3992418, -37.441373], [145.3972181, -37.4401616], [145.3933968, -37.4363696], [145.384577, -37.4371597], [145.3828229, -37.4384441], [145.3806874, -37.4410472], [145.3796918, -37.4416838], [145.3806448, -37.4428935], [145.3822306, -37.4480855], [145.3833943, -37.4490928], [145.3853132, -37.4510293], [145.3843871, -37.4574547], [145.3858308, -37.4572573], [145.3885765, -37.4581603], [145.3909253, -37.4602712], [145.3915472, -37.4631501], [145.388758, -37.4646623], [145.3887422, -37.4646857], [145.3831312, -37.4672946], [145.3896947, -37.4729045], [145.3894611, -37.4734595], [145.3868264, -37.47561], [145.3866377, -37.4756609], [145.3832204, -37.4789197], [145.3807963, -37.4796455], [145.3801205, -37.4796874], [145.378851, -37.4802132], [145.3778454, -37.4812807], [145.3745523, -37.4821191], [145.3702286, -37.4812459], [145.3701319, -37.4811697], [145.3692497, -37.4811174], [145.3644706, -37.4828659], [145.3655433, -37.4907572], [145.3650431, -37.4911526], [145.3630612, -37.4941034], [145.3616025, -37.4946441], [145.3600538, -37.4955355], [145.3576729, -37.498319], [145.3560463, -37.4990365], [145.3530769, -37.499377], [145.3510522, -37.5000904], [145.3493563, -37.5011911], [145.344651, -37.502451], [145.3426124, -37.5045754], [145.3412287, -37.5077621], [145.337072, -37.5098698], [145.3374582, -37.5143121], [145.3369973, -37.514673], [145.3359796, -37.5219702], [145.3358324, -37.5221437], [145.3342952, -37.5222345], [145.3341201, -37.5223044], [145.3330614, -37.5236879], [145.3326667, -37.5249983], [145.3291537, -37.5262534], [145.3287376, -37.5263535], [145.3278919, -37.5296035], [145.3282858, -37.5309701], [145.328291, -37.5316218], [145.3284234, -37.5319313], [145.328584, -37.5329527], [145.3242966, -37.5355704], [145.3223337, -37.5383521], [145.3223218, -37.5384197], [145.3215608, -37.5393941], [145.3208024, -37.5423003], [145.320443, -37.5426554], [145.3183973, -37.5451786], [145.3326004, -37.5751248], [145.3397753, -37.5800093], [145.3470614, -37.5849673], [145.3471349, -37.5848289], [145.3476289, -37.5846999], [145.3535, -37.58586], [145.35413, -37.5852469], [145.3593749, -37.5826799], [145.3603501, -37.5794549], [145.3606909, -37.578052], [145.3606621, -37.577569], [145.361853, -37.5775119], [145.3639971, -37.579029], [145.3664601, -37.577583], [145.3677691, -37.569949], [145.368186, -37.5694981], [145.3689079, -37.5672299], [145.368589, -37.5663999], [145.3666881, -37.564201], [145.3662681, -37.563371], [145.3638561, -37.552367], [145.3638981, -37.552344], [145.3711779, -37.554206], [145.3743071, -37.5565839], [145.3818159, -37.555193], [145.3818999, -37.555083], [145.3824069, -37.5534649], [145.3820991, -37.548928], [145.3843198, -37.5462869], [145.3868831, -37.546207], [145.3902141, -37.547521], [145.3918408, -37.547667], [145.3920451, -37.547775], [145.3922172, -37.5478221], [145.3953459, -37.548533], [145.3954208, -37.548525], [145.3996601, -37.5513399], [145.4003959, -37.5530859], [145.4031348, -37.554127], [145.4062499, -37.55729], [145.4095679, -37.55687], [145.4100819, -37.555154], [145.40882, -37.552938], [145.4096641, -37.550991], [145.4092011, -37.5485659], [145.4108999, -37.544833], [145.4104623, -37.5440157]]]}}, {"type": "Feature", "properties": {"level": "primary", "school": "Hesket Primary School", "year_level": "P6", "boundary_year": 2026}, "geometry": {"type": "Polygon", "coordinates": [[[144.587292, -37.3605244], [144.5876459, -37.3606679], [144.5886365, -37.3605435], [144.590556, -37.3622089], [144.5923151, -37.3617294], [144.5949372, -37.3637632], [144.595444, -37.3662972], [144.5962005, -37.3669746], [144.5958032, -37.367979], [144.5954575, -37.3682103], [144.5900153, -37.3690812], [144.5888057, -37.3695808], [144.5888822, -37.3719043], [144.5925303, -37.3719411], [144.5937598, -37.3738602], [144.5955255, -37.3745241], [144.5974763, -37.3735808], [144.6000213, -37.3740381], [144.6022142, -37.3776907], [144.6022128, -37.3777015], [144.6078625, -37.3783221], [144.6107272, -37.377243], [144.6111358, -37.3773119], [144.6154558, -37.3798202], [144.6172, -37.3801359], [144.6189353, -37.3799792], [144.6198785, -37.3798948], [144.6207106, -37.3801435], [144.6220999, -37.383091], [144.6221301, -37.3835534], [144.6233573, -37.3877719], [144.6232641, -37.3881051], [144.6233922, -37.3889283], [144.6241657, -37.3911881], [144.6244564, -37.3916061], [144.6244979, -37.391636], [144.6263467, -37.3955258], [144.6278836, -37.3965263], [144.6292645, -37.3989323], [144.632078, -37.4011127], [144.6323338, -37.4016776], [144.6333153, -37.4017094], [144.6357495, -37.4017025], [144.6392626, -37.4031262], [144.6430093, -37.4033933], [144.64427, -37.4028788], [144.6474748, -37.4038185], [144.6486238, -37.4054483], [144.6516622, -37.4062783], [144.6517396, -37.4064009], [144.6529983, -37.4090648], [144.6550012, -37.4103341], [144.6595618, -37.4052783], [144.659557, -37.405062], [144.6596985, -37.4042639], [144.6656282, -37.4041311], [144.6670481, -37.4046793], [144.6671152, -37.4048255], [144.6670828, -37.4068178], [144.6674217, -37.4078074], [144.6675376, -37.407968], [144.6694575, -37.409899], [144.6740993, -37.4112302], [144.6762194, -37.4105377], [144.6780759, -37.4107147], [144.6812339, -37.402778], [144.6805906, -37.401273], [144.6800695, -37.4013546], [144.6754129, -37.4001976], [144.6733735, -37.3966171], [144.6743574, -37.3926746], [144.6743901, -37.3926496], [144.6750426, -37.3927325], [144.6772103, -37.3937394], [144.6836504, -37.3942398], [144.6878873, -37.3919954], [144.6879711, -37.3903366], [144.6878106, -37.3875832], [144.6879978, -37.3873683], [144.687799, -37.3862872], [144.6857554, -37.3834019], [144.6857568, -37.3825654], [144.6872586, -37.3803563], [144.6857349, -37.3782815], [144.6848752, -37.3781062], [144.6847573, -37.3779399], [144.6800074, -37.375862], [144.6791429, -37.3749874], [144.677967, -37.3724538], [144.6760355, -37.3704669], [144.6776652, -37.369324], [144.6842418, -37.3644711], [144.6848151, -37.3626315], [144.6845355, -37.361999], [144.6820322, -37.3588617], [144.6876822, -37.353715], [144.6888075, -37.3501656], [144.6864665, -37.3493411], [144.6854878, -37.3482004], [144.6834964, -37.3474445], [144.6832749, -37.3445367], [144.6804768, -37.342716], [144.6797955, -37.3425647], [144.67915, -37.3404272], [144.6800624, -37.3386662], [144.6814753, -37.3381958], [144.6851238, -37.3385553], [144.6857807, -37.338547], [144.68751, -37.3376811], [144.6877021, -37.335445], [144.6842074, -37.3333909], [144.6842588, -37.3272947], [144.6831791, -37.3264062], [144.6831986, -37.326042], [144.6790717, -37.3231185], [144.6742841, -37.3231037], [144.673745, -37.3225093], [144.674719, -37.3198058], [144.6718723, -37.3169339], [144.6693961, -37.3175932], [144.6674742, -37.318198], [144.6671313, -37.3184196], [144.6666747, -37.3193555], [144.6650384, -37.3201782], [144.6623214, -37.3229649], [144.6601156, -37.3226478], [144.6559217, -37.3240723], [144.6548156, -37.3238897], [144.6476636, -37.3273167], [144.6461881, -37.3216143], [144.6453011, -37.3204553], [144.6414965, -37.3204115], [144.6408916, -37.3206198], [144.6386411, -37.3202793], [144.6361184, -37.3199582], [144.6331312, -37.3212628], [144.6329208, -37.3213795], [144.6310747, -37.3199553], [144.6271828, -37.3195639], [144.6249686, -37.3205356], [144.6248982, -37.320657], [144.6245728, -37.3234892], [144.6244344, -37.3236186], [144.6185272, -37.3229366], [144.6180307, -37.3231792], [144.6124106, -37.3217192], [144.6094826, -37.3216862], [144.6084733, -37.3222522], [144.6074845, -37.3231701], [144.607647, -37.3240933], [144.6027633, -37.3272846], [144.6016623, -37.3293634], [144.5987426, -37.3302792], [144.598603, -37.3304237], [144.6002158, -37.3332002], [144.5999869, -37.3333473], [144.5999415, -37.3334074], [144.5991882, -37.3341719], [144.5962118, -37.3342393], [144.5961316, -37.3350662], [144.5946709, -37.3362302], [144.5921458, -37.3350329], [144.592016, -37.3350415], [144.5894468, -37.3363907], [144.5893039, -37.3369507], [144.5892391, -37.3372324], [144.5891773, -37.3375685], [144.5877501, -37.3383233], [144.5870568, -37.3398708], [144.5867031, -37.3415817], [144.5828025, -37.3411384], [144.5805678, -37.3421669], [144.5795176, -37.3418325], [144.5742774, -37.3420085], [144.5754908, -37.3462168], [144.5751317, -37.34745], [144.5728578, -37.3486036], [144.573373, -37.3511079], [144.5737274, -37.3519211], [144.5777443, -37.3530547], [144.5772672, -37.3555942], [144.5787545, -37.3575676], [144.5789391, -37.3576213], [144.580961, -37.361928], [144.5837846, -37.3607015], [144.5839807, -37.3607652], [144.5864705, -37.3600591], [144.587292, -37.3605244]]]}}, {"type": "Feature", "properties": {"level": "primary", "school": "Woodend Primary School", "year_level": "P6", "boundary_year": 2026}, "geometry": {"type": "Polygon", "coordinates": [[[144.5742774, -37.3420085], [144.5707987, -37.3402359], [144.5702172, -37.3394815], [144.5726345, -37.3336912], [144.5696231, -37.3305543], [144.5666614, -37.3296657], [144.565961, -37.3295966], [144.5631463, -37.3311868], [144.5629323, -37.3312968], [144.5571798, -37.3306142], [144.5567701, -37.3302241], [144.5530505, -37.3302643], [144.5522797, -37.3294963], [144.5499509, -37.3296057], [144.5487187, -37.3295767], [144.5488692, -37.3287419], [144.5491875, -37.3281691], [144.5506852, -37.3263904], [144.549163, -37.3260214], [144.5483222, -37.3254802], [144.5471967, -37.3253553], [144.5471984, -37.322787], [144.54545, -37.3236364], [144.5435779, -37.3240312], [144.5434481, -37.3227078], [144.5444653, -37.3209156], [144.5468392, -37.3196225], [144.5470918, -37.3177887], [144.5470503, -37.3177048], [144.5470181, -37.3145956], [144.5484112, -37.3114116], [144.5388509, -37.3121257], [144.5352526, -37.3149414], [144.5344757, -37.3141182], [144.5357899, -37.306769], [144.5368187, -37.3058492], [144.5368883, -37.305189], [144.5308774, -37.2975397], [144.5266387, -37.299629], [144.5261187, -37.2998189], [144.525409, -37.3002135], [144.5237864, -37.3013191], [144.5234659, -37.3013701], [144.5216288, -37.3010753], [144.519194, -37.300085], [144.5165152, -37.2989403], [144.514617, -37.2966211], [144.5130814, -37.2965067], [144.5102443, -37.29812], [144.5102462, -37.2985057], [144.5072327, -37.2999504], [144.5066627, -37.2995028], [144.5055413, -37.2991748], [144.5043753, -37.2993079], [144.502747, -37.2981367], [144.5021896, -37.2979866], [144.4940645, -37.3013805], [144.4944102, -37.3033383], [144.4926467, -37.3043825], [144.4915533, -37.3047698], [144.4897101, -37.30624], [144.4879655, -37.3108501], [144.4875292, -37.3124613], [144.4852302, -37.310921], [144.4820057, -37.3105602], [144.4785889, -37.3129768], [144.477501, -37.3133316], [144.4748455, -37.3152095], [144.4747144, -37.3152703], [144.4752719, -37.3178662], [144.4750913, -37.3209935], [144.4743803, -37.3213003], [144.4734012, -37.3220989], [144.4709588, -37.3239373], [144.4697631, -37.3303474], [144.4695152, -37.3306059], [144.4735627, -37.3325127], [144.4744862, -37.3348788], [144.4796323, -37.3367433], [144.4814385, -37.3381462], [144.4816224, -37.3388399], [144.4830377, -37.3411802], [144.4833472, -37.3429793], [144.4822107, -37.345074], [144.485058, -37.3488479], [144.4863129, -37.349858], [144.4866692, -37.3572752], [144.4829492, -37.3591632], [144.4795605, -37.3624116], [144.4766415, -37.3633001], [144.4762498, -37.3634282], [144.475112, -37.3676667], [144.4714788, -37.3702477], [144.4691197, -37.3706184], [144.4649619, -37.3692392], [144.4616659, -37.3703589], [144.4559155, -37.3693756], [144.4521384, -37.3733541], [144.4521783, -37.3744105], [144.4515492, -37.3750205], [144.45047, -37.3778244], [144.4501725, -37.3782061], [144.4498356, -37.3807548], [144.4512056, -37.3831915], [144.4490023, -37.3850792], [144.4486358, -37.3865671], [144.4496635, -37.3878108], [144.4503975, -37.3889227], [144.4519685, -37.3901464], [144.4524417, -37.3901694], [144.453284, -37.3906924], [144.4536204, -37.3908426], [144.4556186, -37.3911507], [144.4578402, -37.3911195], [144.4603524, -37.392524], [144.4606019, -37.3944221], [144.4594084, -37.3958117], [144.4572576, -37.3966419], [144.4549094, -37.4000808], [144.4548794, -37.4002031], [144.4534789, -37.4004814], [144.453115, -37.4005232], [144.4505855, -37.4007287], [144.4498327, -37.405011], [144.4491288, -37.4056152], [144.4490826, -37.4082536], [144.4486499, -37.40843], [144.447119, -37.4123511], [144.445973, -37.4128702], [144.4457245, -37.4128374], [144.444137, -37.4153371], [144.442739, -37.4152674], [144.4418282, -37.4165265], [144.4404384, -37.4166895], [144.4402752, -37.4191921], [144.4407331, -37.4197882], [144.4394492, -37.4212058], [144.43955, -37.42225], [144.4424004, -37.4236708], [144.4447634, -37.4231557], [144.446148, -37.42433], [144.4458715, -37.4258544], [144.4472049, -37.4281585], [144.4506663, -37.4267127], [144.4516299, -37.4283265], [144.4560642, -37.4276197], [144.4581883, -37.4291036], [144.461379, -37.4281735], [144.4619256, -37.4273038], [144.4628475, -37.426834], [144.4690249, -37.4268265], [144.4698791, -37.42635], [144.4716832, -37.4273672], [144.4731083, -37.4278593], [144.4740454, -37.4279364], [144.4744827, -37.4279437], [144.4762152, -37.4277529], [144.4764243, -37.427271], [144.4760522, -37.4242163], [144.4798989, -37.4221343], [144.4811454, -37.424443], [144.4856107, -37.4250895], [144.485821, -37.4252762], [144.4869322, -37.4251771], [144.4880092, -37.4243087], [144.4902438, -37.4233784], [144.4921623, -37.4235425], [144.491733, -37.4214914], [144.4928556, -37.4183628], [144.4932315, -37.4182591], [144.4944106, -37.4172945], [144.4938813, -37.4143311], [144.493537, -37.4139637], [144.4941682, -37.4126235], [144.4943588, -37.4123497], [144.4953263, -37.4119672], [144.4973689, -37.4116126], [144.4995193, -37.4129058], [144.5000271, -37.4126412], [144.5037117, -37.412716], [144.5041752, -37.4114924], [144.5066502, -37.4097761], [144.5075301, -37.409604], [144.5069028, -37.4058517], [144.5062606, -37.4055949], [144.5061326, -37.4054701], [144.5060087, -37.4022695], [144.5065858, -37.4014311], [144.5057473, -37.4002597], [144.5060081, -37.3983584], [144.5065007, -37.3978389], [144.5064286, -37.3976321], [144.5069787, -37.3943208], [144.5077014, -37.3940058], [144.5090784, -37.3944837], [144.5111009, -37.3947056], [144.5127898, -37.3939526], [144.5132429, -37.3918179], [144.5146241, -37.3905719], [144.5166389, -37.3906063], [144.5184674, -37.389189], [144.5235982, -37.3899179], [144.5236664, -37.3900217], [144.5236928, -37.3908355], [144.5245967, -37.3917061], [144.5253854, -37.3932402], [144.5246619, -37.394837], [144.5265076, -37.3960681], [144.528678, -37.3933911], [144.5317157, -37.3949757], [144.5324024, -37.3909151], [144.5363298, -37.3912386], [144.5373078, -37.3904927], [144.5381782, -37.3894407], [144.5385573, -37.3893359], [144.5396448, -37.3872809], [144.5432902, -37.3857856], [144.543391, -37.3856002], [144.5432589, -37.3846356], [144.5476405, -37.3833239], [144.5470333, -37.3807812], [144.5471484, -37.3806329], [144.5494195, -37.3809877], [144.5497812, -37.3809449], [144.5502115, -37.3809357], [144.5519625, -37.381201], [144.5520157, -37.3811912], [144.5538843, -37.3816137], [144.5551227, -37.3818751], [144.5555389, -37.3817983], [144.5559399, -37.381169], [144.5583232, -37.380136], [144.5614194, -37.3811072], [144.5625279, -37.3806362], [144.5634274, -37.3763808], [144.5641047, -37.376413], [144.5681461, -37.3732511], [144.5670686, -37.3705186], [144.5715952, -37.3680946], [144.5724788, -37.3666027], [144.5725637, -37.3665752], [144.5738564, -37.3665329], [144.5759441, -37.366562], [144.576282, -37.3664749], [144.5793883, -37.3666643], [144.5826755, -37.3657494], [144.5828931, -37.3657764], [144.5837252, -37.3655549], [144.5850257, -37.3635399], [144.5848648, -37.3627869], [144.587292, -37.3605244], [144.5864705, -37.3600591], [144.5839807, -37.3607652], [144.5837846, -37.3607015], [144.580961, -37.361928], [144.5789391, -37.3576213], [144.5787545, -37.3575676], [144.5772672, -37.3555942], [144.5777443, -37.3530547], [144.5737274, -37.3519211], [144.573373, -37.3511079], [144.5728578, -37.3486036], [144.5751317, -37.34745], [144.5754908, -37.3462168], [144.5742774, -37.3420085]]]}}, {"type": "Feature", "properties": {"level": "primary", "school": "Bolinda Primary School", "year_level": "P6", "boundary_year": 2026}, "geometry": {"type": "Polygon", "coordinates": [[[144.8007355, -37.5046182], [144.8246074, -37.4840354], [144.8376687, -37.4697226], [144.8527414, -37.4685643], [144.8487501, -37.4631058], [144.8480658, -37.4588301], [144.8470565, -37.4560182], [144.8423078, -37.4526581], [144.8406718, -37.4529055], [144.8347492, -37.4495859], [144.8335364, -37.4419785], [144.8328799, -37.4418578], [144.8310351, -37.4420445], [144.8305295, -37.4417906], [144.8313286, -37.4370833], [144.8288307, -37.4348071], [144.8287935, -37.4347502], [144.8287971, -37.4346386], [144.8293797, -37.433375], [144.8293209, -37.4323946], [144.8295694, -37.431939], [144.8310659, -37.4297089], [144.8311379, -37.4258613], [144.8284652, -37.4209895], [144.8293612, -37.4189561], [144.8287552, -37.4182208], [144.8280437, -37.4166086], [144.8187185, -37.4141842], [144.811643, -37.4164414], [144.8115486, -37.4162403], [144.8121198, -37.4149633], [144.8108265, -37.4062474], [144.8111549, -37.4059576], [144.8139374, -37.4048889], [144.8148835, -37.4042387], [144.8150486, -37.4041805], [144.8182195, -37.4017991], [144.8188435, -37.4015721], [144.8201809, -37.4006423], [144.8097277, -37.3881398], [144.8062066, -37.3871782], [144.8054547, -37.3870859], [144.8055271, -37.38396], [144.8069387, -37.3794592], [144.7975797, -37.3735556], [144.7956362, -37.3698262], [144.7864236, -37.3735137], [144.7848285, -37.3730242], [144.7808297, -37.3767585], [144.780019, -37.3798146], [144.7756049, -37.3794378], [144.7745325, -37.3804072], [144.7732773, -37.3809931], [144.7731372, -37.3814103], [144.7717279, -37.3828809], [144.7715332, -37.3830617], [144.7733279, -37.3848332], [144.773323, -37.3869318], [144.774667, -37.387969], [144.7743228, -37.3909213], [144.7735493, -37.3912523], [144.7698343, -37.3899387], [144.7660837, -37.392787], [144.7650216, -37.3937068], [144.7649301, -37.3943987], [144.762314, -37.3962994], [144.7597066, -37.3971655], [144.7564658, -37.393795], [144.7535253, -37.3928942], [144.7512502, -37.3933653], [144.7499184, -37.3926912], [144.7475528, -37.3928844], [144.7458427, -37.390954], [144.745901, -37.3903397], [144.7444324, -37.3887712], [144.7443356, -37.3883493], [144.7429606, -37.3878878], [144.7412108, -37.3870287], [144.7385837, -37.3894138], [144.7379705, -37.3893871], [144.7358266, -37.3920858], [144.7368157, -37.3947111], [144.7368289, -37.3948023], [144.7326422, -37.3973063], [144.7322115, -37.3974251], [144.7291174, -37.3994314], [144.7221622, -37.3928641], [144.7215857, -37.3914317], [144.7200796, -37.3916263], [144.7148299, -37.3913419], [144.7138635, -37.3909087], [144.709834, -37.3923985], [144.7067084, -37.39106], [144.7080717, -37.3880787], [144.7079873, -37.387646], [144.7011176, -37.3870549], [144.7007092, -37.3869359], [144.7001296, -37.3867317], [144.7000444, -37.3866087], [144.7000203, -37.3852364], [144.6962754, -37.3829876], [144.6956984, -37.381309], [144.6951217, -37.3803271], [144.6935203, -37.3798273], [144.6922536, -37.3797548], [144.6912139, -37.3790744], [144.6872586, -37.3803563], [144.6857568, -37.3825654], [144.6857554, -37.3834019], [144.687799, -37.3862872], [144.6879978, -37.3873683], [144.6878106, -37.3875832], [144.6879711, -37.3903366], [144.6878873, -37.3919954], [144.6836504, -37.3942398], [144.6772103, -37.3937394], [144.6750426, -37.3927325], [144.6743901, -37.3926496], [144.6743574, -37.3926746], [144.6733735, -37.3966171], [144.6754129, -37.4001976], [144.6800695, -37.4013546], [144.6805906, -37.401273], [144.6809354, -37.40091], [144.6844513, -37.3996695], [144.6870343, -37.4000304], [144.6887177, -37.401282], [144.6887224, -37.4012991], [144.6895455, -37.4022041], [144.6923931, -37.403603], [144.696952, -37.4025152], [144.6982741, -37.403499], [144.6990752, -37.4054655], [144.6992411, -37.4057705], [144.7019764, -37.4071219], [144.7016051, -37.4136352], [144.701946, -37.4153898], [144.6984614, -37.4166705], [144.6979792, -37.4177461], [144.6992696, -37.4248547], [144.6991675, -37.4249448], [144.6987887, -37.4289916], [144.699533, -37.4298891], [144.6997754, -37.4300538], [144.702302, -37.4306586], [144.7047303, -37.4309799], [144.7056455, -37.4318905], [144.7059385, -37.4320345], [144.7071895, -37.4329089], [144.7078031, -37.4328953], [144.712401, -37.4365966], [144.7124051, -37.4366687], [144.7211685, -37.4420503], [144.7210779, -37.4423393], [144.7210449, -37.4424771], [144.7236544, -37.4446594], [144.7235323, -37.4458828], [144.7229485, -37.4500465], [144.7210161, -37.4521561], [144.7257753, -37.4585146], [144.7276131, -37.4592595], [144.7279599, -37.459582], [144.7264685, -37.4637751], [144.7279502, -37.4660701], [144.7308862, -37.4686819], [144.734054, -37.4702353], [144.7347025, -37.470426], [144.736685, -37.4714856], [144.7385653, -37.4721196], [144.7391496, -37.4722534], [144.7400154, -37.4729869], [144.7407993, -37.4741636], [144.7427532, -37.4758258], [144.7435579, -37.4772054], [144.7455023, -37.4786902], [144.74589, -37.4794226], [144.7437678, -37.4830569], [144.7456708, -37.4840757], [144.7470304, -37.4846208], [144.7474722, -37.4857969], [144.751026, -37.4845014], [144.7514241, -37.4844481], [144.7515474, -37.4844952], [144.7524491, -37.4874294], [144.7502953, -37.4893397], [144.7467814, -37.4905192], [144.7473415, -37.4934633], [144.7480766, -37.4944283], [144.7486303, -37.4969742], [144.7503771, -37.4992089], [144.7510206, -37.5006195], [144.8007355, -37.5046182]]]}}, {"type": "Feature", "properties": {"level": "primary", "school": "Kismet Park Primary School", "year_level": "P6", "boundary_year": 2026}, "geometry": {"type": "Polygon", "coordinates": [[[144.7510206, -37.5006195], [144.7474442, -37.500331], [144.722003, -37.5079267], [144.7165254, -37.565561], [144.7312199, -37.5809063], [144.8016954, -37.5154026], [144.8016129, -37.511005], [144.8015668, -37.5085351], [144.8007355, -37.5046182], [144.7510206, -37.5006195]]]}}, {"type": "Feature", "properties": {"level": "primary", "school": "Goonawarra Primary School", "year_level": "P6", "boundary_year": 2026}, "geometry": {"type": "Polygon", "coordinates": [[[144.7312199, -37.5809063], [144.7310051, -37.5818087], [144.7309982, -37.5818338], [144.7391088, -37.5886866], [144.7963698, -37.6370243], [144.8186791, -37.594769], [144.8016954, -37.5154026], [144.7312199, -37.5809063]]]}}, {"type": "Feature", "properties": {"level": "primary", "school": "Lara Primary School", "year_level": "P6", "boundary_year": 2026}, "geometry": {"type": "Polygon", "coordinates": [[[144.3862232, -37.9138335], [144.380535, -37.9192093], [144.3242474, -37.9723588], [144.4887188, -38.0781916], [144.4879144, -38.0804866], [144.4904672, -38.0830121], [144.4936376, -38.0857709], [144.5069233, -38.0926333], [144.5113702, -38.088406], [144.5128525, -38.08352], [144.51247, -38.0773709], [144.5168603, -38.0643049], [144.5176701, -38.058664], [144.5130776, -38.0540749], [144.3862232, -37.9138335]]]}}, {"type": "Feature", "properties": {"level": "primary", "school": "Little River Primary School", "year_level": "P6", "boundary_year": 2026}, "geometry": {"type": "Polygon", "coordinates": [[[144.5130776, -38.0540749], [144.5176701, -38.058664], [144.5188046, -38.0495323], [144.5339753, -38.0453232], [144.5521106, -38.0372712], [144.557825, -38.0383326], [144.5594079, -38.0377974], [144.5596503, -38.035734], [144.5632372, -38.0324767], [144.5649575, -38.0283774], [144.5674828, -38.0261997], [144.5688648, -38.0251354], [144.5747811, -38.0216652], [144.5768715, -38.0190239], [144.577841, -38.0155625], [144.5800502, -38.0133211], [144.5828318, -38.0112715], [144.5840032, -38.0092951], [144.5925673, -38.0049762], [144.5975544, -38.0044165], [144.6002718, -38.0034208], [144.5997996, -38.0022984], [144.5877276, -37.9784098], [144.5459128, -37.92357], [144.5200152, -37.9040334], [144.4687219, -37.8765765], [144.3905499, -37.9011065], [144.3862232, -37.9138335], [144.5130776, -38.0540749]]]}}, {"type": "Feature", "properties": {"level": "primary", "school": "Bacchus Marsh Primary School", "year_level": "P6", "boundary_year": 2026}, "geometry": {"type": "Polygon", "coordinates": [[[144.4927786, -37.6676866], [144.4924434, -37.6676176], [144.4921704, -37.667612], [144.4887838, -37.6690573], [144.4826894, -37.6676191], [144.4816871, -37.6676418], [144.4803175, -37.6655256], [144.4759521, -37.666377], [144.4725148, -37.6659887], [144.4724102, -37.6658712], [144.471284, -37.665767], [144.467808, -37.6661924], [144.4661592, -37.6704679], [144.4659192, -37.670593], [144.4657043, -37.670691], [144.4655985, -37.6707346], [144.465411, -37.6708043], [144.4630763, -37.6715362], [144.4627697, -37.6714142], [144.4625852, -37.6705744], [144.4613017, -37.6687179], [144.459158, -37.6685577], [144.45639, -37.6701463], [144.455822, -37.6698348], [144.4543634, -37.669318], [144.4540026, -37.6693534], [144.4519847, -37.6681224], [144.45142, -37.6678296], [144.4489305, -37.6671009], [144.4489273, -37.6670838], [144.4459574, -37.6653806], [144.4454709, -37.6655504], [144.4438676, -37.6663675], [144.4428752, -37.6658375], [144.4423687, -37.6646105], [144.4418358, -37.6642864], [144.4408015, -37.6640915], [144.4407094, -37.6641316], [144.4405056, -37.664235], [144.4403041, -37.6643514], [144.4400716, -37.6645268], [144.4398344, -37.6647385], [144.4373076, -37.663667], [144.4370477, -37.6638539], [144.4366668, -37.6638604], [144.4364134, -37.6639619], [144.4348091, -37.6638615], [144.434392, -37.6640344], [144.43383, -37.6638416], [144.4334638, -37.66383], [144.433279, -37.6638507], [144.4330848, -37.6638985], [144.4320333, -37.6632303], [144.4319439, -37.663091], [144.4318596, -37.6629952], [144.4317282, -37.6629648], [144.4310212, -37.6632515], [144.4300169, -37.6632251], [144.4293909, -37.6628094], [144.4288284, -37.6634492], [144.4286636, -37.6639729], [144.4287602, -37.6641039], [144.4286758, -37.6643], [144.4286799, -37.6645146], [144.4290973, -37.6650833], [144.4288091, -37.6654208], [144.4290772, -37.6660825], [144.4289797, -37.6662461], [144.4290163, -37.6666706], [144.4281996, -37.6671929], [144.4287221, -37.6682613], [144.4291086, -37.6684083], [144.4287702, -37.6702611], [144.4285881, -37.6706838], [144.4279143, -37.6708779], [144.4278703, -37.6708569], [144.4257425, -37.6707044], [144.4248536, -37.671465], [144.4248111, -37.6724498], [144.4253058, -37.6731271], [144.4252983, -37.6732207], [144.4253687, -37.6734986], [144.4266275, -37.6740561], [144.426714, -37.674134], [144.4277134, -37.6740694], [144.4278692, -37.6740161], [144.4287041, -37.674057], [144.4288947, -37.6742219], [144.4285278, -37.6750662], [144.4285285, -37.6751078], [144.4276936, -37.675784], [144.4277657, -37.675833], [144.4283446, -37.6768162], [144.4280359, -37.6774284], [144.4264728, -37.678457], [144.4261791, -37.6783025], [144.4236481, -37.6790022], [144.4232453, -37.6799032], [144.4233079, -37.680616], [144.4233361, -37.6807973], [144.4231924, -37.6809103], [144.42278, -37.6813363], [144.4209507, -37.6818284], [144.4207126, -37.6819705], [144.4195036, -37.6820386], [144.4194741, -37.6836575], [144.4194337, -37.6837349], [144.4191521, -37.6838263], [144.4186786, -37.6843646], [144.4187109, -37.685157], [144.4186708, -37.6852037], [144.4186967, -37.6856758], [144.4184778, -37.6858388], [144.4182348, -37.6858909], [144.4175188, -37.685809], [144.417484, -37.6857745], [144.4163799, -37.6857359], [144.4163201, -37.6858607], [144.4153214, -37.6861262], [144.4147802, -37.6868706], [144.4146505, -37.6869276], [144.4144955, -37.6873558], [144.4128628, -37.6871721], [144.4122713, -37.6875691], [144.4119227, -37.6877774], [144.411885, -37.6879908], [144.4099731, -37.6882806], [144.4096006, -37.6880616], [144.4087982, -37.6884513], [144.4080885, -37.6882948], [144.4074978, -37.6884495], [144.407388, -37.6885706], [144.4032274, -37.6884967], [144.4026899, -37.6880742], [144.4024844, -37.687947], [144.3986626, -37.6903148], [144.3985385, -37.6908233], [144.3966481, -37.6925394], [144.3923914, -37.6926746], [144.3904575, -37.6910707], [144.3895102, -37.6909759], [144.3888441, -37.6911923], [144.3837461, -37.6896234], [144.383093, -37.6878253], [144.3825345, -37.6873629], [144.3799168, -37.6868907], [144.3781524, -37.68553], [144.3766722, -37.6851835], [144.3759219, -37.684602], [144.3726609, -37.6840749], [144.3712553, -37.6825375], [144.3661763, -37.6804825], [144.3638687, -37.6807801], [144.3610563, -37.6791226], [144.3606782, -37.6786638], [144.3601801, -37.6776438], [144.3594621, -37.6770056], [144.3569117, -37.67547], [144.3543621, -37.6723078], [144.3534829, -37.6697242], [144.3527355, -37.6686775], [144.3516489, -37.6655956], [144.3509151, -37.6651104], [144.3484765, -37.662666], [144.3477826, -37.6615116], [144.3373417, -37.6617047], [144.3338478, -37.6607402], [144.3322363, -37.6608148], [144.3318892, -37.6626621], [144.3347064, -37.6694341], [144.3341267, -37.6720538], [144.3313871, -37.6762312], [144.3333222, -37.6779352], [144.3353321, -37.6805135], [144.336023, -37.6811201], [144.338756, -37.6845432], [144.3395216, -37.6859522], [144.3404574, -37.686797], [144.3417073, -37.688342], [144.3426425, -37.6891617], [144.3479501, -37.6947928], [144.3486222, -37.6957561], [144.3492761, -37.6964687], [144.3494007, -37.6967694], [144.3479067, -37.6984112], [144.3358443, -37.7046975], [144.325627, -37.6997448], [144.3225399, -37.6992859], [144.3207092, -37.6994495], [144.3204746, -37.6994256], [144.3187615, -37.6970965], [144.3184914, -37.6968752], [144.3136475, -37.6899562], [144.3104781, -37.6887269], [144.2961356, -37.6854546], [144.2866387, -37.6841135], [144.2867014, -37.6850447], [144.2843472, -37.6898702], [144.2773312, -37.6978847], [144.2726611, -37.7012209], [144.2703952, -37.7052089], [144.2754791, -37.7128321], [144.2757894, -37.7140865], [144.2789676, -37.7160772], [144.2809427, -37.7179686], [144.2835152, -37.7197762], [144.2878789, -37.7240092], [144.2879653, -37.7241216], [144.2938464, -37.7222669], [144.2992502, -37.7213165], [144.3025725, -37.7212223], [144.3056283, -37.7216104], [144.3088435, -37.7216894], [144.30984, -37.7220176], [144.321214, -37.7236739], [144.3229216, -37.7233862], [144.3242739, -37.7238993], [144.3385589, -37.7255216], [144.3411854, -37.724962], [144.3438079, -37.7232707], [144.3449838, -37.7230636], [144.3482653, -37.7231329], [144.3575031, -37.7274665], [144.3576936, -37.7277556], [144.3703254, -37.7267144], [144.3721754, -37.7281127], [144.3736858, -37.7281955], [144.3743687, -37.7285818], [144.3760987, -37.728045], [144.3817011, -37.7273198], [144.3822942, -37.7289997], [144.3839247, -37.7303435], [144.3857412, -37.732564], [144.3858103, -37.7325959], [144.3867475, -37.7329998], [144.387512, -37.7330371], [144.3878706, -37.7328784], [144.4006308, -37.7342899], [144.4010093, -37.7342001], [144.4019549, -37.7337182], [144.4023931, -37.7305118], [144.4142585, -37.7318552], [144.4157501, -37.7339448], [144.414819, -37.7353775], [144.4148879, -37.7376052], [144.4138798, -37.7387302], [144.4135954, -37.7416066], [144.4157387, -37.743085], [144.4185385, -37.7438843], [144.419207, -37.7438497], [144.4215491, -37.7416039], [144.4216106, -37.7415825], [144.4242598, -37.738512], [144.4241955, -37.7371221], [144.4259802, -37.7353152], [144.4263545, -37.7351954], [144.4313949, -37.7373432], [144.4324617, -37.7388231], [144.4354555, -37.7368937], [144.4399734, -37.7366059], [144.4404774, -37.7361208], [144.4400738, -37.7353215], [144.4395783, -37.7340226], [144.4404643, -37.7291502], [144.4423149, -37.7278757], [144.4434294, -37.7287261], [144.4455402, -37.7320643], [144.455433, -37.7331955], [144.4559262, -37.7335158], [144.4565643, -37.7342476], [144.4580218, -37.7347994], [144.4586536, -37.7345084], [144.4704848, -37.7359526], [144.4725617, -37.7378188], [144.4972436, -37.7128945], [144.5016664, -37.708666], [144.4983968, -37.7078593], [144.4968091, -37.7057379], [144.4960361, -37.704705], [144.4936562, -37.7044584], [144.491478, -37.7054649], [144.4896197, -37.7057631], [144.4880637, -37.7053808], [144.486418, -37.7053319], [144.4859385, -37.705039], [144.4946359, -37.6852281], [144.4927786, -37.6676866]]]}}, {"type": "Feature", "properties": {"level": "primary", "school": "Whittlesea Primary School", "year_level": "P6", "boundary_year": 2026}, "geometry": {"type": "Polygon", "coordinates": [[[145.0509592, -37.4827721], [145.0458726, -37.4932039], [145.0626394, -37.5474549], [145.0946719, -37.552973], [145.1594528, -37.545608], [145.1933968, -37.5161865], [145.1653909, -37.4376456], [145.1599865, -37.4397806], [145.0509592, -37.4827721]]]}}, {"type": "Feature", "properties": {"level": "primary", "school": "Upper Plenty Primary School", "year_level": "P6", "boundary_year": 2026}, "geometry": {"type": "Polygon", "coordinates": [[[145.1599865, -37.4397806], [145.159997, -37.4392661], [145.1551429, -37.4321158], [145.1553616, -37.4306195], [145.1554336, -37.4305275], [145.1558124, -37.4301171], [145.156526, -37.4281246], [145.15939, -37.4241936], [145.1595061, -37.4241132], [145.1593943, -37.423015], [145.1554915, -37.4173962], [145.1579514, -37.4121421], [145.1585266, -37.4111879], [145.16171, -37.411691], [145.1629224, -37.4112693], [145.1643665, -37.410323], [145.1618056, -37.4061379], [145.1639518, -37.4039346], [145.1639439, -37.4034326], [145.1631297, -37.402045], [145.1627772, -37.401365], [145.1627781, -37.4013094], [145.163352, -37.4003091], [145.1628323, -37.3976786], [145.1641346, -37.3955176], [145.1636153, -37.3930825], [145.1638053, -37.3925939], [145.1647536, -37.3918988], [145.1673933, -37.3920148], [145.1687734, -37.3909983], [145.1714815, -37.3888623], [145.1731897, -37.3890977], [145.1762722, -37.3858942], [145.1758297, -37.3845729], [145.1741886, -37.3829297], [145.1733581, -37.3803383], [145.1733051, -37.3802971], [145.1731423, -37.3801792], [145.172283, -37.3787972], [145.1722499, -37.3776357], [145.1708732, -37.3760048], [145.1691548, -37.3755639], [145.1666196, -37.3725026], [145.1631031, -37.3738962], [145.1617168, -37.37399], [145.1594236, -37.3729081], [145.1597894, -37.3707744], [145.1594331, -37.3700036], [145.1575119, -37.3685779], [145.1570789, -37.3660516], [145.1520328, -37.3641947], [145.151075, -37.3633623], [145.1507939, -37.3628472], [145.1499314, -37.3622444], [145.1497976, -37.3620491], [145.1490237, -37.3617364], [145.1444298, -37.3610762], [145.1431814, -37.3612443], [145.1420464, -37.3621226], [145.1375217, -37.3630174], [145.1366229, -37.3628616], [145.1341998, -37.3639403], [145.1295791, -37.3634687], [145.1276327, -37.3641395], [145.126271, -37.3634613], [145.1252414, -37.3620801], [145.1208595, -37.3604174], [145.1193739, -37.3605289], [145.1178843, -37.3600889], [145.1177827, -37.3600385], [145.1163611, -37.3592839], [145.1159028, -37.3592726], [145.1141905, -37.3586308], [145.113027, -37.3567035], [145.1124757, -37.3556055], [145.111481, -37.3555676], [145.1113591, -37.3555994], [145.1107203, -37.3557719], [145.1074109, -37.3577162], [145.1061176, -37.3570351], [145.1053155, -37.3566608], [145.1045745, -37.3564643], [145.1035438, -37.3563191], [145.1010838, -37.3586661], [145.1009576, -37.3590563], [145.0968564, -37.3618273], [145.0965239, -37.3640281], [145.0958196, -37.3649892], [145.0951964, -37.3677256], [145.0952602, -37.3680681], [145.0943459, -37.3709939], [145.0984768, -37.3742284], [145.0977789, -37.3767918], [145.0990536, -37.3782921], [145.0972653, -37.3812627], [145.0959855, -37.3810295], [145.0946225, -37.3793275], [145.0902534, -37.3790252], [145.0896676, -37.3792718], [145.0866603, -37.3792155], [145.0865983, -37.3792361], [145.0853781, -37.3798741], [145.0838972, -37.3812558], [145.0837841, -37.3813027], [145.0781758, -37.3775912], [145.0776305, -37.3776105], [145.0767732, -37.3774118], [145.0764209, -37.3750691], [145.0721463, -37.375506], [145.0715086, -37.3746297], [145.0692759, -37.3742706], [145.0676003, -37.3755457], [145.066993, -37.3771871], [145.0687728, -37.3786053], [145.0692857, -37.3789897], [145.0727125, -37.3784841], [145.073327, -37.3787854], [145.0736044, -37.3795016], [145.0737468, -37.3796034], [145.076577, -37.3820574], [145.075213, -37.3847634], [145.0753106, -37.3851139], [145.0726002, -37.3885517], [145.0678546, -37.3833693], [145.0671914, -37.3831741], [145.0655055, -37.3834589], [145.0651043, -37.3841448], [145.0651439, -37.3844702], [145.0629783, -37.3889635], [145.0630767, -37.3891762], [145.0613865, -37.3909955], [145.0622139, -37.3934848], [145.0579188, -37.3977919], [145.0577273, -37.398583], [145.0566959, -37.4000813], [145.058129, -37.4054694], [145.0580412, -37.4058515], [145.0575018, -37.406534], [145.0543047, -37.4078475], [145.0500811, -37.4080107], [145.04506, -37.4067637], [145.0440829, -37.4067658], [145.0423311, -37.4072252], [145.0407111, -37.4070535], [145.0392045, -37.4078688], [145.0322487, -37.4064435], [145.0302128, -37.408504], [145.0296446, -37.4088177], [145.0274643, -37.4083955], [145.0267966, -37.4080299], [145.026749, -37.4076668], [145.0238199, -37.4042322], [145.0209244, -37.4027259], [145.0203653, -37.4029461], [145.0194755, -37.4045826], [145.0176098, -37.4126114], [145.0329626, -37.463831], [145.0509592, -37.4827721], [145.1599865, -37.4397806]]]}}, {"type": "Feature", "properties": {"level": "primary", "school": "Wallan Primary School", "year_level": "P6", "boundary_year": 2026}, "geometry": {"type": "Polygon", "coordinates": [[[145.0194755, -37.4045826], [145.0208565, -37.3986367], [145.0197781, -37.3977958], [145.0186823, -37.395472], [145.0204213, -37.3945257], [145.0221163, -37.3915416], [145.0219613, -37.3883702], [145.0193466, -37.3852904], [145.0165229, -37.3861192], [145.0105663, -37.3853121], [145.0095387, -37.384685], [145.009069, -37.3804212], [145.0059626, -37.3779082], [145.0046457, -37.3772235], [145.0018401, -37.3768985], [145.0006145, -37.377607], [144.9951985, -37.376506], [144.9940321, -37.3773441], [144.9953294, -37.379685], [144.9945891, -37.3811754], [144.9925444, -37.3823953], [144.9865986, -37.3777877], [144.9859365, -37.3769274], [144.9829505, -37.3763257], [144.9813352, -37.3753498], [144.9785745, -37.3747472], [144.9771838, -37.3740036], [144.9790062, -37.3644998], [144.9789087, -37.3629912], [144.9782707, -37.3615294], [144.975201, -37.3620846], [144.9724803, -37.3620697], [144.9701977, -37.3642761], [144.9700713, -37.3643365], [144.968985, -37.364529], [144.9540667, -37.3547089], [144.9443718, -37.3561772], [144.9431777, -37.3621223], [144.9271506, -37.4417427], [145.0176098, -37.4126114], [145.0194755, -37.4045826]]]}}, {"type": "Feature", "properties": {"level": "primary", "school": "Flowerdale Primary School", "year_level": "P6", "boundary_year": 2026}, "geometry": {"type": "Polygon", "coordinates": [[[145.3992418, -37.441373], [145.4032418, -37.4380453], [145.4059971, -37.4344197], [145.407418, -37.4315988], [145.409853, -37.4308894], [145.4122016, -37.4278895], [145.4127107, -37.4269344], [145.4121531, -37.4247672], [145.4128179, -37.4219109], [145.411622, -37.4205814], [145.4130191, -37.418204], [145.4150484, -37.4188323], [145.4144349, -37.4134914], [145.416084, -37.412354], [145.4171321, -37.4121394], [145.4187098, -37.4122051], [145.4202871, -37.4130601], [145.4237604, -37.4127612], [145.4283069, -37.4108112], [145.4312096, -37.40316], [145.4384956, -37.4037704], [145.4418035, -37.3987696], [145.4418283, -37.3986091], [145.4432897, -37.3962165], [145.4432717, -37.3937006], [145.4447093, -37.3919496], [145.4469625, -37.3912121], [145.4506029, -37.3916239], [145.4545328, -37.3943575], [145.4576742, -37.3910473], [145.4566492, -37.3892335], [145.457397, -37.385352], [145.4540514, -37.3803239], [145.450825, -37.3805119], [145.4473871, -37.3787333], [145.4462452, -37.3767343], [145.4459644, -37.3764398], [145.4408789, -37.3755025], [145.4407374, -37.3754544], [145.4382628, -37.3738109], [145.43596, -37.3705743], [145.4358676, -37.3694076], [145.4352563, -37.3683644], [145.4352523, -37.3642984], [145.4353023, -37.3641514], [145.435295, -37.3637108], [145.4359678, -37.3614896], [145.434273, -37.3606631], [145.4216248, -37.3615917], [145.4225229, -37.3604818], [145.4260701, -37.3579073], [145.4268588, -37.3551767], [145.4277736, -37.3544605], [145.4305817, -37.3539719], [145.4313293, -37.3534015], [145.4338534, -37.3526499], [145.4349542, -37.3514978], [145.4359458, -37.3509751], [145.4372879, -37.3507566], [145.4444442, -37.346062], [145.4441475, -37.3443835], [145.4441537, -37.3432913], [145.4438992, -37.3420423], [145.4424262, -37.3412744], [145.4360078, -37.3407114], [145.4353055, -37.3404625], [145.4303962, -37.3415474], [145.4285697, -37.3411233], [145.4280624, -37.3408034], [145.4265025, -37.3408081], [145.4234228, -37.3388337], [145.4247659, -37.3362139], [145.4238989, -37.3355618], [145.4193608, -37.3355499], [145.4166253, -37.3337319], [145.4164609, -37.3336334], [145.4151117, -37.3335111], [145.4119146, -37.3324992], [145.4118116, -37.3324239], [145.4095313, -37.3293976], [145.4104833, -37.3257501], [145.410566, -37.325145], [145.425144, -37.3186561], [145.425046, -37.3154644], [145.4236053, -37.31447], [145.4189584, -37.3125345], [145.4185936, -37.3124225], [145.4136848, -37.3095729], [145.4132667, -37.3090617], [145.4133209, -37.3050836], [145.4137963, -37.3043774], [145.4140197, -37.303142], [145.4046972, -37.2951221], [145.4055454, -37.2938269], [145.4023656, -37.2887216], [145.3974305, -37.285157], [145.3963151, -37.2853868], [145.3922205, -37.2867829], [145.3880918, -37.2894918], [145.3804013, -37.2896292], [145.3799742, -37.29043], [145.3769731, -37.2915804], [145.3719731, -37.292316], [145.3689099, -37.2940388], [145.3667313, -37.2927613], [145.3659594, -37.2912857], [145.3654395, -37.2896373], [145.363963, -37.2886748], [145.3627451, -37.2858731], [145.3607773, -37.2845292], [145.3596222, -37.2825491], [145.3586699, -37.2817799], [145.3573687, -37.2794009], [145.3547243, -37.2770001], [145.3546542, -37.2769986], [145.3504321, -37.2745814], [145.3465893, -37.2689307], [145.3463103, -37.2658386], [145.3460156, -37.265743], [145.3427614, -37.2637663], [145.3408308, -37.2576294], [145.3415593, -37.2539179], [145.3412969, -37.2527329], [145.341405, -37.2519394], [145.3413203, -37.2506214], [145.3342702, -37.2483857], [145.3328585, -37.2465078], [145.3323949, -37.2446628], [145.3319448, -37.2442683], [145.3313684, -37.2439222], [145.3260701, -37.243879], [145.3242729, -37.2432694], [145.3220127, -37.2413795], [145.316847, -37.2389456], [145.3123802, -37.2378814], [145.3116975, -37.2382303], [145.3090804, -37.2374204], [145.3056094, -37.2356542], [145.3020526, -37.2345313], [145.3020265, -37.2345162], [145.2985958, -37.2333775], [145.2971506, -37.2325125], [145.283944, -37.2285695], [145.2853163, -37.220362], [145.2822201, -37.2177477], [145.2796454, -37.2180899], [145.2666789, -37.2219868], [145.2606079, -37.2222219], [145.2576862, -37.2172762], [145.2576746, -37.2172646], [145.2608774, -37.2100805], [145.2623541, -37.2063247], [145.2626803, -37.2058663], [145.2628631, -37.1990889], [145.2625003, -37.197454], [145.2639972, -37.1937703], [145.2642842, -37.1934227], [145.2652457, -37.1916993], [145.2655067, -37.1912247], [145.2657406, -37.1907752], [145.2665267, -37.1898148], [145.2668085, -37.1827749], [145.2628644, -37.1818239], [145.2601223, -37.1817091], [145.2588529, -37.1813308], [145.2519215, -37.1799153], [145.2509552, -37.1799229], [145.2484663, -37.181681], [145.2519397, -37.1833669], [145.2497058, -37.185622], [145.2511282, -37.1876124], [145.2477571, -37.1897867], [145.247147, -37.1909804], [145.2426259, -37.1925008], [145.2415661, -37.1950454], [145.2402333, -37.1964737], [145.2379545, -37.1964684], [145.2356701, -37.1957574], [145.232025, -37.1929151], [145.2282664, -37.1912064], [145.2270661, -37.1901994], [145.2267461, -37.1902], [145.2219602, -37.1891014], [145.2214657, -37.1891691], [145.2186844, -37.1903125], [145.2147983, -37.1906888], [145.2129189, -37.1896714], [145.2081834, -37.1917082], [145.2074149, -37.1936878], [145.2069669, -37.1938245], [145.2058334, -37.1945673], [145.2042408, -37.1917242], [145.2012737, -37.1929881], [145.1998267, -37.1936826], [145.1996532, -37.1936109], [145.1976833, -37.191518], [145.1970154, -37.1916037], [145.1933035, -37.1937349], [145.1937435, -37.1966523], [145.1958893, -37.1969462], [145.1967974, -37.199695], [145.1967181, -37.1998844], [145.1949645, -37.2009876], [145.1949181, -37.2017439], [145.1967835, -37.2029646], [145.1978337, -37.2035026], [145.19667, -37.2053142], [145.1954015, -37.2057227], [145.1911774, -37.2074155], [145.1910145, -37.2076953], [145.1845715, -37.2106226], [145.1845041, -37.212105], [145.1821817, -37.2152988], [145.181279, -37.2176596], [145.1793335, -37.2193793], [145.1767266, -37.2210583], [145.1765633, -37.2249734], [145.1789173, -37.2286979], [145.1807174, -37.229875], [145.1811025, -37.2301591], [145.1843776, -37.2348565], [145.1848791, -37.23528], [145.1860042, -37.236733], [145.186311, -37.2367766], [145.1889021, -37.2404475], [145.1909324, -37.2423267], [145.1900615, -37.2460871], [145.1915698, -37.2470174], [145.1916268, -37.2472506], [145.1948932, -37.2484097], [145.1949737, -37.2494647], [145.19848, -37.2534521], [145.1997415, -37.2556479], [145.1974751, -37.2594042], [145.1871399, -37.2617207], [145.1858218, -37.2641054], [145.1847839, -37.26709], [145.1806067, -37.2695818], [145.1804501, -37.2697351], [145.1714768, -37.2703081], [145.1687879, -37.2714032], [145.1666453, -37.2739602], [145.16682, -37.2749368], [145.1650602, -37.2768471], [145.1614778, -37.2758498], [145.1603037, -37.2730316], [145.1599125, -37.2726853], [145.155303, -37.2766944], [145.1542828, -37.279583], [145.1560722, -37.2810937], [145.1563128, -37.2817711], [145.1582379, -37.2833817], [145.1546115, -37.2898711], [145.1532968, -37.289443], [145.1518815, -37.2879633], [145.1480371, -37.2876402], [145.1472638, -37.2889721], [145.1454584, -37.289734], [145.145, -37.2901852], [145.1453662, -37.2923259], [145.1443711, -37.2932427], [145.1442345, -37.2956291], [145.1458438, -37.2971573], [145.1458137, -37.2985867], [145.143426, -37.2998907], [145.1427101, -37.3014434], [145.1421258, -37.3026058], [145.1466399, -37.3040881], [145.1479724, -37.3058672], [145.1453083, -37.3080638], [145.1447276, -37.3105814], [145.1442271, -37.3108524], [145.1437413, -37.3121931], [145.1438872, -37.3129399], [145.1423434, -37.3152524], [145.1402254, -37.3157802], [145.1400029, -37.3162571], [145.1408796, -37.3168292], [145.1419186, -37.3190548], [145.1431467, -37.3194624], [145.1426086, -37.3212971], [145.1400568, -37.3227473], [145.1366527, -37.323474], [145.1357684, -37.3249555], [145.136532, -37.326056], [145.1393053, -37.3277028], [145.1376507, -37.3338235], [145.1424162, -37.3348164], [145.1428471, -37.33476], [145.1440296, -37.3352028], [145.1488524, -37.3353285], [145.1490231, -37.3367332], [145.1492202, -37.3370718], [145.1520051, -37.338975], [145.1538499, -37.3394087], [145.1553637, -37.3383705], [145.159465, -37.338878], [145.1600297, -37.3401064], [145.1593845, -37.3424899], [145.1596374, -37.3435645], [145.1590867, -37.3453199], [145.1622916, -37.3469935], [145.1631626, -37.34953], [145.1603049, -37.3522822], [145.1600472, -37.353265], [145.1600822, -37.3533028], [145.1633283, -37.3546447], [145.1644568, -37.3570114], [145.1646399, -37.3571174], [145.1658236, -37.3605464], [145.1673359, -37.3613401], [145.1672344, -37.3629353], [145.1666287, -37.3636859], [145.1650192, -37.3655427], [145.165137, -37.3656723], [145.1647555, -37.3693729], [145.1678172, -37.3707077], [145.1693699, -37.3702711], [145.1719066, -37.3711308], [145.1708732, -37.3760048], [145.1722499, -37.3776357], [145.172283, -37.3787972], [145.1731423, -37.3801792], [145.1733051, -37.3802971], [145.1733581, -37.3803383], [145.1762075, -37.3799134], [145.1816693, -37.3812451], [145.1833642, -37.3798043], [145.1846261, -37.3795276], [145.1848786, -37.3793019], [145.1974335, -37.3793485], [145.1996419, -37.3805073], [145.200322, -37.381055], [145.2020506, -37.3839285], [145.2026905, -37.3841518], [145.2055675, -37.3836431], [145.2068798, -37.382864], [145.2089332, -37.3821143], [145.2148962, -37.3786749], [145.2155062, -37.377925], [145.2137855, -37.3680245], [145.2162018, -37.3684391], [145.2177142, -37.369042], [145.2208529, -37.3717396], [145.2216417, -37.3719409], [145.2308292, -37.3689092], [145.2313486, -37.3685189], [145.2311561, -37.3680362], [145.2379417, -37.3625241], [145.2405437, -37.3635281], [145.2409072, -37.3638734], [145.242112, -37.3653822], [145.2425077, -37.36553], [145.2463238, -37.3630802], [145.246474, -37.3624058], [145.2486618, -37.3616271], [145.2504891, -37.3615178], [145.2550944, -37.3578395], [145.255286, -37.3578085], [145.2562392, -37.3578543], [145.256522, -37.3580535], [145.2580128, -37.3605413], [145.2580342, -37.3605637], [145.2590702, -37.3621448], [145.2592834, -37.3646702], [145.2568734, -37.3665526], [145.2563856, -37.3671366], [145.2570273, -37.3702685], [145.2568732, -37.3704897], [145.2572788, -37.3725199], [145.2575569, -37.3726356], [145.2587845, -37.3730295], [145.2615761, -37.3760891], [145.261888, -37.3771509], [145.2605708, -37.380569], [145.2607349, -37.3813996], [145.2610968, -37.3818242], [145.2609515, -37.3842808], [145.2658301, -37.3891346], [145.2665769, -37.393014], [145.2662452, -37.3940636], [145.2660741, -37.394266], [145.2654339, -37.3982001], [145.2683423, -37.4001292], [145.2697143, -37.4022096], [145.2805448, -37.4010733], [145.2805949, -37.4011337], [145.2808983, -37.4019116], [145.2803423, -37.4043072], [145.2804998, -37.4050339], [145.2816746, -37.4065586], [145.2834859, -37.4082414], [145.2836272, -37.4130475], [145.2825645, -37.4140909], [145.2834156, -37.4187595], [145.28266, -37.4209105], [145.2883251, -37.4236193], [145.2912778, -37.4243142], [145.2926829, -37.4241621], [145.2947222, -37.4249519], [145.2971815, -37.4240247], [145.3040044, -37.4243879], [145.3050816, -37.421661], [145.3071422, -37.4202734], [145.3082475, -37.4180916], [145.3087545, -37.4177443], [145.3066532, -37.4121428], [145.3074622, -37.4108061], [145.3049921, -37.4092579], [145.3037356, -37.407778], [145.3041224, -37.4053637], [145.3027515, -37.4040515], [145.3028522, -37.402368], [145.308585, -37.3996417], [145.3093623, -37.3999623], [145.3106966, -37.4014052], [145.310746, -37.4016421], [145.3128579, -37.4037145], [145.3207189, -37.4037955], [145.3209112, -37.4035993], [145.3213922, -37.4013769], [145.3221805, -37.4002842], [145.3244924, -37.3988948], [145.3261351, -37.396113], [145.3272926, -37.3952554], [145.3318566, -37.395443], [145.3331438, -37.4033757], [145.333839, -37.40349], [145.3364122, -37.4029746], [145.3373143, -37.4033623], [145.3464342, -37.4032965], [145.3500546, -37.3998868], [145.3514898, -37.4004882], [145.3518585, -37.4005753], [145.3562696, -37.4008795], [145.3582155, -37.4015548], [145.3622515, -37.4090852], [145.3631803, -37.4091312], [145.3652847, -37.41008], [145.3708934, -37.4086388], [145.3723042, -37.4074611], [145.3725887, -37.4074134], [145.3729963, -37.407122], [145.377474, -37.4071115], [145.3776051, -37.4072976], [145.3779286, -37.4094368], [145.3781764, -37.4095278], [145.3800886, -37.4115143], [145.3802678, -37.4121029], [145.380195, -37.4121726], [145.3745022, -37.4135585], [145.3741704, -37.4138326], [145.3749372, -37.4179132], [145.3772201, -37.4210087], [145.377048, -37.4227232], [145.3775576, -37.4254899], [145.3769734, -37.4264217], [145.3780569, -37.427724], [145.3799151, -37.4291871], [145.3855253, -37.4323087], [145.391703, -37.432228], [145.3919043, -37.4324735], [145.3933968, -37.4363696], [145.3972181, -37.4401616], [145.3992418, -37.441373]]]}}, {"type": "Feature", "properties": {"level": "primary", "school": "Darraweit Guim Primary School", "year_level": "P6", "boundary_year": 2026}, "geometry": {"type": "Polygon", "coordinates": [[[144.9431777, -37.3621223], [144.9410072, -37.3614392], [144.9379339, -37.3602184], [144.9368962, -37.3605666], [144.9352207, -37.3605883], [144.9303287, -37.3561654], [144.9278101, -37.3561405], [144.9263835, -37.356965], [144.9214812, -37.3564312], [144.9164845, -37.3567503], [144.9161821, -37.3566673], [144.9146486, -37.3561147], [144.9131719, -37.356219], [144.909339, -37.3555447], [144.9070081, -37.3515697], [144.905783, -37.3509056], [144.901902, -37.3502679], [144.9012249, -37.3501441], [144.8852087, -37.3521006], [144.8840052, -37.3513919], [144.8699335, -37.3553569], [144.8673522, -37.3557984], [144.8669057, -37.3767215], [144.8656934, -37.3770337], [144.8546925, -37.3772533], [144.8466702, -37.3786761], [144.8456538, -37.3780333], [144.8446895, -37.3770037], [144.8375691, -37.3741358], [144.8349439, -37.3736348], [144.8345234, -37.3733703], [144.8196951, -37.3734532], [144.8192244, -37.3739428], [144.8101177, -37.3748468], [144.8098767, -37.3750573], [144.8069387, -37.3794592], [144.8055271, -37.38396], [144.8054547, -37.3870859], [144.8062066, -37.3871782], [144.8097277, -37.3881398], [144.8201809, -37.4006423], [144.8188435, -37.4015721], [144.8182195, -37.4017991], [144.8150486, -37.4041805], [144.8148835, -37.4042387], [144.8139374, -37.4048889], [144.8111549, -37.4059576], [144.8108265, -37.4062474], [144.8121198, -37.4149633], [144.8115486, -37.4162403], [144.811643, -37.4164414], [144.8187185, -37.4141842], [144.8280437, -37.4166086], [144.8287552, -37.4182208], [144.8293612, -37.4189561], [144.8284652, -37.4209895], [144.8311379, -37.4258613], [144.8310659, -37.4297089], [144.8295694, -37.431939], [144.8293209, -37.4323946], [144.8293797, -37.433375], [144.8287971, -37.4346386], [144.8287935, -37.4347502], [144.8288307, -37.4348071], [144.8313286, -37.4370833], [144.8305295, -37.4417906], [144.8310351, -37.4420445], [144.8328799, -37.4418578], [144.8335364, -37.4419785], [144.8347492, -37.4495859], [144.8406718, -37.4529055], [144.8423078, -37.4526581], [144.8470565, -37.4560182], [144.8480658, -37.4588301], [144.8487501, -37.4631058], [144.8527414, -37.4685643], [144.8977434, -37.4650953], [144.9258292, -37.4439457], [144.9271506, -37.4417427], [144.9431777, -37.3621223]]]}}, {"type": "Feature", "properties": {"level": "primary", "school": "Tyabb Railway Station Primary School", "year_level": "P6", "boundary_year": 2026}, "geometry": {"type": "Polygon", "coordinates": [[[145.2483993, -38.2475387], [145.2196447, -38.235564], [145.1868032, -38.2427654], [145.1807725, -38.2456735], [145.1782504, -38.2784234], [145.184294, -38.2804871], [145.2199758, -38.2822623], [145.222125, -38.2823409], [145.2262802, -38.2738986], [145.2386093, -38.2636745], [145.2525032, -38.2492338], [145.2483993, -38.2475387]]]}}, {"type": "Feature", "properties": {"level": "primary", "school": "Hastings Primary School", "year_level": "P6", "boundary_year": 2026}, "geometry": {"type": "Polygon", "coordinates": [[[145.184294, -38.2804871], [145.1776024, -38.3189591], [145.1885887, -38.3219799], [145.1959688, -38.3240268], [145.1984947, -38.3208392], [145.1977128, -38.3153062], [145.2008404, -38.3107354], [145.1987353, -38.3082095], [145.1972318, -38.3010526], [145.2013815, -38.2985868], [145.2055437, -38.3041569], [145.2185442, -38.3074854], [145.2261598, -38.307999], [145.2306706, -38.2913397], [145.2292871, -38.2889942], [145.2228521, -38.2869493], [145.222125, -38.2823409], [145.2199758, -38.2822623], [145.184294, -38.2804871]]]}}, {"type": "Feature", "properties": {"level": "primary", "school": "Koo Wee Rup Primary School", "year_level": "P6", "boundary_year": 2026}, "geometry": {"type": "Polygon", "coordinates": [[[145.5437793, -38.2201795], [145.5091158, -38.1361064], [145.4952012, -38.1379013], [145.4339623, -38.1916892], [145.4385758, -38.2173593], [145.4388702, -38.2192106], [145.4511346, -38.2198469], [145.4535433, -38.2225377], [145.458593, -38.2278401], [145.486756, -38.2354888], [145.4893448, -38.2502886], [145.4924756, -38.2559177], [145.5437793, -38.2201795]]]}}, {"type": "Feature", "properties": {"level": "primary", "school": "Cardinia Primary School", "year_level": "P6", "boundary_year": 2026}, "geometry": {"type": "Polygon", "coordinates": [[[145.4952012, -38.1379013], [145.4423674, -38.1130052], [145.4292714, -38.1107958], [145.4009422, -38.1295311], [145.3993141, -38.1429761], [145.3932232, -38.1719175], [145.4339623, -38.1916892], [145.4952012, -38.1379013]]]}}, {"type": "Feature", "properties": {"level": "primary", "school": "Tooradin Primary School", "year_level": "P6", "boundary_year": 2026}, "geometry": {"type": "Polygon", "coordinates": [[[145.4339623, -38.1916892], [145.3932232, -38.1719175], [145.3568212, -38.1671645], [145.3551338, -38.1688132], [145.3107071, -38.2155968], [145.3037146, -38.2231096], [145.3057261, -38.2303887], [145.3078159, -38.2495773], [145.3264027, -38.2432636], [145.3437565, -38.2295848], [145.3429196, -38.2209893], [145.3484793, -38.2161503], [145.3648611, -38.2233365], [145.3843035, -38.2240888], [145.3937222, -38.2269157], [145.4118153, -38.2297912], [145.419372, -38.2262002], [145.4249456, -38.2172856], [145.4388702, -38.2192106], [145.4385758, -38.2173593], [145.4339623, -38.1916892]]]}}, {"type": "Feature", "properties": {"level": "primary", "school": "Boneo Primary School", "year_level": "P6", "boundary_year": 2026}, "geometry": {"type": "Polygon", "coordinates": [[[144.9452134, -38.3950912], [144.9254052, -38.3903492], [144.8644681, -38.3941027], [144.8459882, -38.4021882], [144.8264558, -38.4219886], [144.8684144, -38.4568371], [144.8870183, -38.4770576], [144.8834853, -38.4907699], [144.8881433, -38.5002739], [144.8946753, -38.4920322], [144.9118101, -38.4894655], [144.9217192, -38.4974315], [144.9372538, -38.4970136], [144.9433435, -38.4944937], [144.9427017, -38.4903044], [144.9596023, -38.4868158], [144.9698606, -38.4870845], [144.9747882, -38.4906991], [144.9846047, -38.4853803], [144.9946302, -38.4857641], [145.0042764, -38.4823838], [144.9452134, -38.3950912]]]}}, {"type": "Feature", "properties": {"level": "primary", "school": "Red Hill Consolidated School", "year_level": "P6", "boundary_year": 2026}, "geometry": {"type": "Polygon", "coordinates": [[[145.0042764, -38.4823838], [145.0113403, -38.4799083], [145.0326547, -38.4867009], [145.0262165, -38.4791178], [145.0268253, -38.4706717], [145.0321102, -38.4651709], [145.0326344, -38.4560179], [145.0509786, -38.4301971], [145.0516072, -38.4302067], [145.0645093, -38.328653], [145.0150407, -38.3224477], [144.9490399, -38.3763656], [144.9452134, -38.3950912], [145.0042764, -38.4823838]]]}}, {"type": "Feature", "properties": {"level": "primary", "school": "Rye Primary School", "year_level": "P6", "boundary_year": 2026}, "geometry": {"type": "Polygon", "coordinates": [[[144.8459882, -38.4021882], [144.8402275, -38.369326], [144.8349227, -38.3699611], [144.7960445, -38.3639417], [144.7806292, -38.3599394], [144.7699055, -38.3774086], [144.7880567, -38.390055], [144.8264558, -38.4219886], [144.8459882, -38.4021882]]]}}, {"type": "Feature", "properties": {"level": "primary", "school": "Tootgarook Primary School", "year_level": "P6", "boundary_year": 2026}, "geometry": {"type": "Polygon", "coordinates": [[[144.8402275, -38.369326], [144.8459882, -38.4021882], [144.8644681, -38.3941027], [144.8726666, -38.3630854], [144.8658618, -38.3649849], [144.8402275, -38.369326]]]}}, {"type": "Feature", "properties": {"level": "primary", "school": "Eastbourne Primary School", "year_level": "P6", "boundary_year": 2026}, "geometry": {"type": "Polygon", "coordinates": [[[144.8644681, -38.3941027], [144.9254052, -38.3903492], [144.8891086, -38.3584905], [144.8850551, -38.3596236], [144.8726666, -38.3630854], [144.8644681, -38.3941027]]]}}, {"type": "Feature", "properties": {"level": "primary", "school": "Rosebud Primary School", "year_level": "P6", "boundary_year": 2026}, "geometry": {"type": "Polygon", "coordinates": [[[144.8891086, -38.3584905], [144.9254052, -38.3903492], [144.9452134, -38.3950912], [144.9490399, -38.3763656], [144.9330985, -38.345307], [144.9233498, -38.3489134], [144.9070678, -38.3527051], [144.8891086, -38.3584905]]]}}, {"type": "Feature", "properties": {"level": "primary", "school": "Bittern Primary School", "year_level": "P6", "boundary_year": 2026}, "geometry": {"type": "Polygon", "coordinates": [[[145.1776024, -38.3189591], [145.0978562, -38.3176726], [145.1553125, -38.3649109], [145.1678974, -38.3659669], [145.2008623, -38.3373625], [145.2024563, -38.33598], [145.1989759, -38.3332284], [145.1983744, -38.3287779], [145.1955235, -38.3278278], [145.195247, -38.3250492], [145.1959688, -38.3240268], [145.1885887, -38.3219799], [145.1776024, -38.3189591]]]}}, {"type": "Feature", "properties": {"level": "primary", "school": "Crib Point Primary School", "year_level": "P6", "boundary_year": 2026}, "geometry": {"type": "Polygon", "coordinates": [[[145.1678974, -38.3659669], [145.2262018, -38.4069899], [145.2299059, -38.4093727], [145.234121, -38.4103152], [145.2356547, -38.4071126], [145.2346643, -38.4045996], [145.2294207, -38.3982633], [145.2225286, -38.3946407], [145.2181571, -38.3855955], [145.2174517, -38.3810068], [145.2230955, -38.378481], [145.2246938, -38.3721777], [145.2144095, -38.366314], [145.2152216, -38.3553081], [145.2201834, -38.3476398], [145.2142292, -38.3414152], [145.2024563, -38.33598], [145.2008623, -38.3373625], [145.1678974, -38.3659669]]]}}, {"type": "Feature", "properties": {"level": "primary", "school": "Somers Primary School", "year_level": "P6", "boundary_year": 2026}, "geometry": {"type": "Polygon", "coordinates": [[[145.1553125, -38.3649109], [145.1391526, -38.39209], [145.1651537, -38.3969636], [145.1746259, -38.3974147], [145.2126021, -38.4071967], [145.2239872, -38.408628], [145.2299059, -38.4093727], [145.2262018, -38.4069899], [145.1678974, -38.3659669], [145.1553125, -38.3649109]]]}}, {"type": "Feature", "properties": {"level": "primary", "school": "Balnarring Primary School", "year_level": "P6", "boundary_year": 2026}, "geometry": {"type": "Polygon", "coordinates": [[[145.0516072, -38.4302067], [145.0577264, -38.4302977], [145.0650108, -38.4255733], [145.0718051, -38.425373], [145.0729238, -38.4253399], [145.0767032, -38.4252287], [145.0776233, -38.4180655], [145.0918145, -38.405412], [145.1118856, -38.4014337], [145.1189023, -38.3955487], [145.1248962, -38.3944152], [145.1314904, -38.391079], [145.1391526, -38.39209], [145.1553125, -38.3649109], [145.0978562, -38.3176726], [145.0897207, -38.3144713], [145.087071, -38.3146958], [145.0823855, -38.3166878], [145.0645093, -38.328653], [145.0516072, -38.4302067]]]}}, {"type": "Feature", "properties": {"level": "primary", "school": "Sorrento Primary School", "year_level": "P6", "boundary_year": 2026}, "geometry": {"type": "Polygon", "coordinates": [[[144.7806292, -38.3599394], [144.7691518, -38.3565053], [144.764014, -38.3527051], [144.7644111, -38.3486441], [144.7589758, -38.3447356], [144.7518967, -38.3425651], [144.7475504, -38.3403121], [144.7452355, -38.3380791], [144.7467315, -38.336125], [144.7457132, -38.3346812], [144.7433115, -38.3340181], [144.7422471, -38.3328865], [144.740544, -38.3289405], [144.7398917, -38.3244303], [144.7340597, -38.3221097], [144.7186094, -38.3173462], [144.7071209, -38.3172319], [144.7059069, -38.3151478], [144.6802275, -38.3050103], [144.6629716, -38.3069165], [144.6582206, -38.3053314], [144.6531129, -38.3012851], [144.651409, -38.3012565], [144.6505478, -38.3026592], [144.6527586, -38.3057464], [144.6618762, -38.312247], [144.6749732, -38.3204189], [144.6753932, -38.3206245], [144.7306344, -38.3477529], [144.7363479, -38.3541447], [144.7423111, -38.3541755], [144.7434903, -38.3595826], [144.75325, -38.3657975], [144.7699055, -38.3774086], [144.7806292, -38.3599394]]]}}, {"type": "Feature", "properties": {"level": "primary", "school": "Barwon Heads Primary School", "year_level": "P6", "boundary_year": 2026}, "geometry": {"type": "Polygon", "coordinates": [[[144.443318, -38.2390824], [144.4382993, -38.2398356], [144.4111256, -38.2814748], [144.4130656, -38.289558], [144.4134548, -38.2914014], [144.4327104, -38.2833476], [144.476383, -38.2896218], [144.4995431, -38.2914655], [144.5035766, -38.2895299], [144.5001817, -38.2879447], [144.5020505, -38.2844615], [144.5080053, -38.2769219], [144.5066936, -38.2754179], [144.4841485, -38.2470434], [144.443318, -38.2390824]]]}}, {"type": "Feature", "properties": {"level": "primary", "school": "Wallington Primary School", "year_level": "P6", "boundary_year": 2026}, "geometry": {"type": "Polygon", "coordinates": [[[144.4841485, -38.2470434], [144.5267407, -38.2384294], [144.5407792, -38.2314509], [144.5684481, -38.2176882], [144.5514911, -38.20363], [144.5105386, -38.1810214], [144.443318, -38.2390824], [144.4841485, -38.2470434]]]}}, {"type": "Feature", "properties": {"level": "primary", "school": "Dromana Primary School", "year_level": "P6", "boundary_year": 2026}, "geometry": {"type": "Polygon", "coordinates": [[[144.9490399, -38.3763656], [145.0150407, -38.3224477], [144.9914782, -38.3101084], [144.9860604, -38.3184303], [144.9745338, -38.3268272], [144.9330985, -38.345307], [144.9490399, -38.3763656]]]}}, {"type": "Feature", "properties": {"level": "primary", "school": "Mount Martha Primary School", "year_level": "P6", "boundary_year": 2026}, "geometry": {"type": "Polygon", "coordinates": [[[145.0150407, -38.3224477], [145.0645093, -38.328653], [145.0823855, -38.3166878], [145.0197727, -38.2594275], [145.0096345, -38.2681972], [145.0062737, -38.2701876], [145.0041981, -38.2701766], [145.0022871, -38.2699141], [145.0006064, -38.2710866], [144.9992386, -38.2769883], [144.9930632, -38.2827728], [144.9886664, -38.2880295], [144.9814499, -38.296995], [144.984508, -38.3002307], [144.9890223, -38.3024302], [144.9914649, -38.3062775], [144.9914782, -38.3101084], [145.0150407, -38.3224477]]]}}, {"type": "Feature", "properties": {"level": "primary", "school": "Leopold Primary School", "year_level": "P6", "boundary_year": 2026}, "geometry": {"type": "Polygon", "coordinates": [[[144.5105386, -38.1810214], [144.5031373, -38.1620649], [144.5028451, -38.1610558], [144.4984178, -38.1605977], [144.479456, -38.1646206], [144.4579015, -38.1583166], [144.4575002, -38.1589556], [144.4238245, -38.2104944], [144.4221665, -38.2183555], [144.4382993, -38.2398356], [144.443318, -38.2390824], [144.5105386, -38.1810214]]]}}, {"type": "Feature", "properties": {"level": "primary", "school": "Surfside Primary School", "year_level": "P6", "boundary_year": 2026}, "geometry": {"type": "Polygon", "coordinates": [[[144.5785218, -38.2788572], [144.5932672, -38.2227191], [144.5684481, -38.2176882], [144.5407792, -38.2314509], [144.5337959, -38.2662891], [144.533491, -38.2711159], [144.5334191, -38.2719156], [144.5695474, -38.2782883], [144.5781357, -38.2803997], [144.5785218, -38.2788572]]]}}, {"type": "Feature", "properties": {"level": "primary", "school": "Point Lonsdale Primary School", "year_level": "P6", "boundary_year": 2026}, "geometry": {"type": "Polygon", "coordinates": [[[144.5785218, -38.2788572], [144.5781357, -38.2803997], [144.5945477, -38.2863691], [144.6144562, -38.2932394], [144.6171432, -38.2875905], [144.6157387, -38.2856668], [144.6156473, -38.2834989], [144.6186702, -38.278308], [144.6239525, -38.275224], [144.6392732, -38.2726743], [144.6392155, -38.2724796], [144.6381309, -38.2692021], [144.6373801, -38.265743], [144.6250747, -38.2564607], [144.627863, -38.2533174], [144.6296372, -38.2526238], [144.6340825, -38.2478499], [144.6406529, -38.2395268], [144.6435175, -38.2382315], [144.6452456, -38.2360945], [144.6454715, -38.2346896], [144.6482808, -38.2325521], [144.6503572, -38.2306285], [144.657197, -38.2233612], [144.6629678, -38.2171628], [144.6654105, -38.2118497], [144.6649776, -38.2116917], [144.6422729, -38.2030108], [144.6201923, -38.2148551], [144.5932672, -38.2227191], [144.5785218, -38.2788572]]]}}, {"type": "Feature", "properties": {"level": "primary", "school": "Wallaroo Primary School", "year_level": "P6", "boundary_year": 2026}, "geometry": {"type": "Polygon", "coordinates": [[[145.184294, -38.2804871], [145.1782504, -38.2784234], [145.1262058, -38.2837335], [145.0897207, -38.3144713], [145.0978562, -38.3176726], [145.1776024, -38.3189591], [145.184294, -38.2804871]]]}}, {"type": "Feature", "properties": {"level": "primary", "school": "Osborne Primary School", "year_level": "P6", "boundary_year": 2026}, "geometry": {"type": "Polygon", "coordinates": [[[145.0823855, -38.3166878], [145.087071, -38.3146958], [145.0802199, -38.2843952], [145.0402327, -38.2393882], [145.0270735, -38.2388821], [145.0262847, -38.2388422], [145.0272616, -38.2446658], [145.0271054, -38.2476753], [145.0247213, -38.253655], [145.0197727, -38.2594275], [145.0823855, -38.3166878]]]}}, {"type": "Feature", "properties": {"level": "primary", "school": "Moorooduc Primary School", "year_level": "P6", "boundary_year": 2026}, "geometry": {"type": "Polygon", "coordinates": [[[145.087071, -38.3146958], [145.0897207, -38.3144713], [145.1262058, -38.2837335], [145.1390919, -38.2447279], [145.1264541, -38.2174756], [145.0929921, -38.2226075], [145.0841407, -38.2341968], [145.0802199, -38.2843952], [145.087071, -38.3146958]]]}}, {"type": "Feature", "properties": {"level": "primary", "school": "Tyabb Primary School", "year_level": "P6", "boundary_year": 2026}, "geometry": {"type": "Polygon", "coordinates": [[[145.1782504, -38.2784234], [145.1807725, -38.2456735], [145.1390919, -38.2447279], [145.1262058, -38.2837335], [145.1782504, -38.2784234]]]}}, {"type": "Feature", "properties": {"level": "primary", "school": "Somerville Rise Primary School", "year_level": "P6", "boundary_year": 2026}, "geometry": {"type": "Polygon", "coordinates": [[[145.1868032, -38.2427654], [145.1594759, -38.2105505], [145.1393493, -38.2048507], [145.1375368, -38.2058005], [145.1279692, -38.2154174], [145.1264541, -38.2174756], [145.1390919, -38.2447279], [145.1807725, -38.2456735], [145.1868032, -38.2427654]]]}}, {"type": "Feature", "properties": {"level": "primary", "school": "Benton Junior College", "year_level": "P6", "boundary_year": 2026}, "geometry": {"type": "Polygon", "coordinates": [[[145.0841407, -38.2341968], [145.0452224, -38.2370706], [145.0402327, -38.2393882], [145.0802199, -38.2843952], [145.0841407, -38.2341968]]]}}, {"type": "Feature", "properties": {"level": "primary", "school": "Mornington Primary School", "year_level": "P6", "boundary_year": 2026}, "geometry": {"type": "Polygon", "coordinates": [[[145.0402327, -38.2393882], [145.0452224, -38.2370706], [145.0593099, -38.2045292], [145.0580832, -38.2037866], [145.0571121, -38.2031389], [145.0535516, -38.2058922], [145.0511097, -38.2081435], [145.0451915, -38.2125581], [145.0410488, -38.2127536], [145.0385474, -38.2142876], [145.0358976, -38.2145032], [145.0348537, -38.2140629], [145.0356745, -38.2113075], [145.035108, -38.2112488], [145.0322255, -38.2125973], [145.0323302, -38.2129973], [145.0320957, -38.2157571], [145.0329875, -38.2170138], [145.0319287, -38.2177203], [145.0310726, -38.2201014], [145.0307505, -38.2240511], [145.0248583, -38.2264721], [145.0262847, -38.2388422], [145.0270735, -38.2388821], [145.0402327, -38.2393882]]]}}, {"type": "Feature", "properties": {"level": "primary", "school": "Ocean Grove Primary School", "year_level": "P6", "boundary_year": 2026}, "geometry": {"type": "Polygon", "coordinates": [[[144.5267407, -38.2384294], [144.4841485, -38.2470434], [144.5066936, -38.2754179], [144.5080053, -38.2769219], [144.5334191, -38.2719156], [144.533491, -38.2711159], [144.5337959, -38.2662891], [144.5407792, -38.2314509], [144.5267407, -38.2384294]]]}}, {"type": "Feature", "properties": {"level": "primary", "school": "Mornington Park Primary School", "year_level": "P6", "boundary_year": 2026}, "geometry": {"type": "Polygon", "coordinates": [[[145.0841407, -38.2341968], [145.0929921, -38.2226075], [145.0714476, -38.2079728], [145.0593099, -38.2045292], [145.0452224, -38.2370706], [145.0841407, -38.2341968]]]}}, {"type": "Feature", "properties": {"level": "primary", "school": "Somerville Primary School", "year_level": "P6", "boundary_year": 2026}, "geometry": {"type": "Polygon", "coordinates": [[[145.2196447, -38.235564], [145.2054779, -38.2133871], [145.1594759, -38.2105505], [145.1868032, -38.2427654], [145.2196447, -38.235564]]]}}, {"type": "Feature", "properties": {"level": "primary", "school": "Pearcedale Primary School", "year_level": "P6", "boundary_year": 2026}, "geometry": {"type": "Polygon", "coordinates": [[[145.2196447, -38.235564], [145.2483993, -38.2475387], [145.2525032, -38.2492338], [145.2627638, -38.2453139], [145.2720295, -38.2490191], [145.3078159, -38.2495773], [145.3057261, -38.2303887], [145.3037146, -38.2231096], [145.3002475, -38.2163504], [145.2902987, -38.2074241], [145.2635175, -38.1791774], [145.2264982, -38.1736979], [145.2204346, -38.1758361], [145.2087127, -38.1830538], [145.2054779, -38.2133871], [145.2196447, -38.235564]]]}}, {"type": "Feature", "properties": {"level": "primary", "school": "Baxter Primary School", "year_level": "P6", "boundary_year": 2026}, "geometry": {"type": "Polygon", "coordinates": [[[145.2087127, -38.1830538], [145.1781255, -38.1790274], [145.1454895, -38.1956648], [145.1393493, -38.2048507], [145.1594759, -38.2105505], [145.2054779, -38.2133871], [145.2087127, -38.1830538]]]}}, {"type": "Feature", "properties": {"level": "primary", "school": "Mount Eliza Primary School", "year_level": "P6", "boundary_year": 2026}, "geometry": {"type": "Polygon", "coordinates": [[[145.1264541, -38.2174756], [145.1279692, -38.2154174], [145.0884809, -38.1860234], [145.0714476, -38.2079728], [145.0929921, -38.2226075], [145.1264541, -38.2174756]]]}}, {"type": "Feature", "properties": {"level": "primary", "school": "Kunyung Primary School", "year_level": "P6", "boundary_year": 2026}, "geometry": {"type": "Polygon", "coordinates": [[[145.0593099, -38.2045292], [145.0714476, -38.2079728], [145.0884809, -38.1860234], [145.0895834, -38.1630202], [145.0877564, -38.1629548], [145.0822431, -38.1705447], [145.0777871, -38.1729857], [145.0775091, -38.1753133], [145.0740001, -38.1789264], [145.0726801, -38.1819489], [145.0704009, -38.1882869], [145.0636002, -38.197589], [145.0571121, -38.2031389], [145.0580832, -38.2037866], [145.0593099, -38.2045292]]]}}, {"type": "Feature", "properties": {"level": "primary", "school": "Mount Eliza North Primary School", "year_level": "P6", "boundary_year": 2026}, "geometry": {"type": "Polygon", "coordinates": [[[145.0895834, -38.1630202], [145.0884809, -38.1860234], [145.1279692, -38.2154174], [145.1375368, -38.2058005], [145.0905785, -38.1630565], [145.0903112, -38.162789], [145.0895834, -38.1630202]]]}}, {"type": "Feature", "properties": {"level": "primary", "school": "Derinya Primary School", "year_level": "P6", "boundary_year": 2026}, "geometry": {"type": "Polygon", "coordinates": [[[145.0905785, -38.1630565], [145.1375368, -38.2058005], [145.1393493, -38.2048507], [145.1454895, -38.1956648], [145.139454, -38.1751038], [145.1360691, -38.1707222], [145.0993121, -38.1608208], [145.0989899, -38.1607488], [145.0953918, -38.1632275], [145.0925317, -38.163126], [145.0918703, -38.1625068], [145.0909497, -38.1623678], [145.0903112, -38.162789], [145.0905785, -38.1630565]]]}}, {"type": "Feature", "properties": {"level": "primary", "school": "Drysdale Primary School", "year_level": "P6", "boundary_year": 2026}, "geometry": {"type": "Polygon", "coordinates": [[[144.5684481, -38.2176882], [144.5932672, -38.2227191], [144.6201923, -38.2148551], [144.6422729, -38.2030108], [144.6432287, -38.1712244], [144.5983948, -38.1278452], [144.5979602, -38.127361], [144.5950212, -38.1285709], [144.5923165, -38.1302744], [144.5843722, -38.1350098], [144.5684724, -38.1474583], [144.5514911, -38.20363], [144.5684481, -38.2176882]]]}}, {"type": "Feature", "properties": {"level": "primary", "school": "Kingsley Park Primary School", "year_level": "P6", "boundary_year": 2026}, "geometry": {"type": "Polygon", "coordinates": [[[145.1781255, -38.1790274], [145.1708326, -38.1588462], [145.1596553, -38.1579758], [145.139454, -38.1751038], [145.1454895, -38.1956648], [145.1781255, -38.1790274]]]}}, {"type": "Feature", "properties": {"level": "primary", "school": "Frankston Heights Primary School", "year_level": "P6", "boundary_year": 2026}, "geometry": {"type": "Polygon", "coordinates": [[[145.1596553, -38.1579758], [145.1511928, -38.1538907], [145.1377368, -38.1548003], [145.1360691, -38.1707222], [145.139454, -38.1751038], [145.1596553, -38.1579758]]]}}, {"type": "Feature", "properties": {"level": "primary", "school": "Langwarrin Primary School", "year_level": "P6", "boundary_year": 2026}, "geometry": {"type": "Polygon", "coordinates": [[[145.2204346, -38.1758361], [145.1846979, -38.1460957], [145.1737396, -38.1544198], [145.1708326, -38.1588462], [145.1781255, -38.1790274], [145.2087127, -38.1830538], [145.2204346, -38.1758361]]]}}, {"type": "Feature", "properties": {"level": "primary", "school": "Ballam Park Primary School", "year_level": "P6", "boundary_year": 2026}, "geometry": {"type": "Polygon", "coordinates": [[[145.1737396, -38.1544198], [145.1589364, -38.1412533], [145.1522325, -38.1438871], [145.1511928, -38.1538907], [145.1596553, -38.1579758], [145.1708326, -38.1588462], [145.1737396, -38.1544198]]]}}, {"type": "Feature", "properties": {"level": "primary", "school": "Clifton Springs Primary School", "year_level": "P6", "boundary_year": 2026}, "geometry": {"type": "Polygon", "coordinates": [[[144.5105386, -38.1810214], [144.5514911, -38.20363], [144.5684724, -38.1474583], [144.5617896, -38.1522727], [144.5521188, -38.1538873], [144.5433339, -38.1562007], [144.5028451, -38.1610558], [144.5031373, -38.1620649], [144.5105386, -38.1810214]]]}}, {"type": "Feature", "properties": {"level": "primary", "school": "Devon Meadows Primary School", "year_level": "P6", "boundary_year": 2026}, "geometry": {"type": "Polygon", "coordinates": [[[145.3107071, -38.2155968], [145.3551338, -38.1688132], [145.3568212, -38.1671645], [145.3503747, -38.1663217], [145.3451699, -38.1635885], [145.3102281, -38.1452543], [145.2643185, -38.177182], [145.2635175, -38.1791774], [145.2902987, -38.2074241], [145.3002475, -38.2163504], [145.3037146, -38.2231096], [145.3107071, -38.2155968]]]}}, {"type": "Feature", "properties": {"level": "primary", "school": "Overport Primary School", "year_level": "P6", "boundary_year": 2026}, "geometry": {"type": "Polygon", "coordinates": [[[145.1360691, -38.1707222], [145.1377368, -38.1548003], [145.1351636, -38.1526521], [145.1027961, -38.157228], [145.1020806, -38.1573361], [145.1013263, -38.1581321], [145.0989899, -38.1607488], [145.0993121, -38.1608208], [145.1360691, -38.1707222]]]}}, {"type": "Feature", "properties": {"level": "primary", "school": "Frankston East Primary School", "year_level": "P6", "boundary_year": 2026}, "geometry": {"type": "Polygon", "coordinates": [[[145.1511928, -38.1538907], [145.1522325, -38.1438871], [145.1370317, -38.1365362], [145.1341297, -38.137698], [145.1351636, -38.1526521], [145.1377368, -38.1548003], [145.1511928, -38.1538907]]]}}, {"type": "Feature", "properties": {"level": "primary", "school": "Cranbourne South Primary School", "year_level": "P6", "boundary_year": 2026}, "geometry": {"type": "Polygon", "coordinates": [[[145.2643185, -38.177182], [145.2679792, -38.131029], [145.2650108, -38.1288319], [145.2647252, -38.1260401], [145.2594225, -38.1253609], [145.2495139, -38.1240837], [145.2310326, -38.1327165], [145.2294137, -38.1329013], [145.22332, -38.1453115], [145.2264982, -38.1736979], [145.2635175, -38.1791774], [145.2643185, -38.177182]]]}}, {"type": "Feature", "properties": {"level": "primary", "school": "Langwarrin Park Primary School", "year_level": "P6", "boundary_year": 2026}, "geometry": {"type": "Polygon", "coordinates": [[[145.2264982, -38.1736979], [145.22332, -38.1453115], [145.1866349, -38.1415288], [145.1846979, -38.1460957], [145.2204346, -38.1758361], [145.2264982, -38.1736979]]]}}, {"type": "Feature", "properties": {"level": "primary", "school": "St Leonards Primary School", "year_level": "P6", "boundary_year": 2026}, "geometry": {"type": "Polygon", "coordinates": [[[144.6422729, -38.2030108], [144.6649776, -38.2116917], [144.6654105, -38.2118497], [144.666754, -38.2103535], [144.6740212, -38.2073611], [144.6770179, -38.2039891], [144.6933386, -38.1949815], [144.6970368, -38.1973406], [144.6961284, -38.1989947], [144.6981435, -38.20043], [144.7002503, -38.2004604], [144.7032121, -38.2019871], [144.7013496, -38.2059871], [144.701475, -38.2088859], [144.6995787, -38.2120941], [144.69851, -38.2135597], [144.6937456, -38.2171316], [144.694174, -38.2180788], [144.6953954, -38.2200636], [144.6973496, -38.220094], [144.6965862, -38.2215597], [144.6956702, -38.2223231], [144.6960062, -38.2232697], [144.6970442, -38.2237888], [144.6986931, -38.2229033], [144.7007696, -38.220888], [144.7011718, -38.2195024], [144.7039453, -38.2153918], [144.7069374, -38.2116971], [144.70822, -38.2047658], [144.7173997, -38.1774889], [144.7204794, -38.1737733], [144.7181315, -38.1634001], [144.7174717, -38.1541396], [144.7208919, -38.1463229], [144.7161634, -38.1434971], [144.7120978, -38.1365518], [144.7069344, -38.130039], [144.706155, -38.1295777], [144.7060816, -38.1296262], [144.6432287, -38.1712244], [144.6422729, -38.2030108]]]}}, {"type": "Feature", "properties": {"level": "primary", "school": "Bayles Regional Primary School", "year_level": "P6", "boundary_year": 2026}, "geometry": {"type": "Polygon", "coordinates": [[[145.6559052, -38.2174493], [145.6667535, -38.1700881], [145.6184291, -38.1319789], [145.5232058, -38.1268914], [145.5091158, -38.1361064], [145.5437793, -38.2201795], [145.6559052, -38.2174493]]]}}, {"type": "Feature", "properties": {"level": "primary", "school": "Karingal Primary School", "year_level": "P6", "boundary_year": 2026}, "geometry": {"type": "Polygon", "coordinates": [[[145.1589364, -38.1412533], [145.1619303, -38.1336118], [145.1444632, -38.1290756], [145.1370317, -38.1365362], [145.1522325, -38.1438871], [145.1589364, -38.1412533]]]}}, {"type": "Feature", "properties": {"level": "primary", "school": "Karingal Heights Primary School", "year_level": "P6", "boundary_year": 2026}, "geometry": {"type": "Polygon", "coordinates": [[[145.1846979, -38.1460957], [145.1866349, -38.1415288], [145.1836462, -38.1292438], [145.1810059, -38.1268568], [145.1797082, -38.1270255], [145.1619303, -38.1336118], [145.1589364, -38.1412533], [145.1737396, -38.1544198], [145.1846979, -38.1460957]]]}}, {"type": "Feature", "properties": {"level": "primary", "school": "Frankston Primary School", "year_level": "P6", "boundary_year": 2026}, "geometry": {"type": "Polygon", "coordinates": [[[145.1351636, -38.1526521], [145.1341297, -38.137698], [145.119819, -38.1346257], [145.1194363, -38.136874], [145.1155102, -38.1456058], [145.1131161, -38.149757], [145.1095473, -38.1526179], [145.1064323, -38.1542187], [145.103135, -38.1562237], [145.1020806, -38.1573361], [145.1027961, -38.157228], [145.1351636, -38.1526521]]]}}, {"type": "Feature", "properties": {"level": "primary", "school": "Botanic Ridge Primary School", "year_level": "P6", "boundary_year": 2026}, "geometry": {"type": "Polygon", "coordinates": [[[145.3102281, -38.1452543], [145.3045023, -38.1375402], [145.2742748, -38.1310095], [145.2679792, -38.131029], [145.2643185, -38.177182], [145.3102281, -38.1452543]]]}}, {"type": "Feature", "properties": {"level": "primary", "school": "Clyde Primary School", "year_level": "P6", "boundary_year": 2026}, "geometry": {"type": "Polygon", "coordinates": [[[145.3451699, -38.1635885], [145.3487282, -38.1346595], [145.3485401, -38.1344053], [145.3148114, -38.1227706], [145.3045023, -38.1375402], [145.3102281, -38.1452543], [145.3451699, -38.1635885]]]}}, {"type": "Feature", "properties": {"level": "primary", "school": "Woodlands Primary School", "year_level": "P6", "boundary_year": 2026}, "geometry": {"type": "Polygon", "coordinates": [[[145.2294137, -38.1329013], [145.2210613, -38.1243414], [145.1836462, -38.1292438], [145.1866349, -38.1415288], [145.22332, -38.1453115], [145.2294137, -38.1329013]]]}}, {"type": "Feature", "properties": {"level": "primary", "school": "Kananook Primary School", "year_level": "P6", "boundary_year": 2026}, "geometry": {"type": "Polygon", "coordinates": [[[145.1341297, -38.137698], [145.1370317, -38.1365362], [145.1444632, -38.1290756], [145.1446981, -38.1208188], [145.1347464, -38.114661], [145.1231472, -38.1150958], [145.119819, -38.1346257], [145.1341297, -38.137698]]]}}, {"type": "Feature", "properties": {"level": "primary", "school": "Mahogany Rise Primary School", "year_level": "P6", "boundary_year": 2026}, "geometry": {"type": "Polygon", "coordinates": [[[145.1797082, -38.1270255], [145.1504076, -38.1184542], [145.1446981, -38.1208188], [145.1444632, -38.1290756], [145.1619303, -38.1336118], [145.1797082, -38.1270255]]]}}, {"type": "Feature", "properties": {"level": "primary", "school": "Belvedere Park Primary School", "year_level": "P6", "boundary_year": 2026}, "geometry": {"type": "Polygon", "coordinates": [[[145.1504076, -38.1184542], [145.1552508, -38.1119013], [145.1426746, -38.0996099], [145.1347464, -38.114661], [145.1446981, -38.1208188], [145.1504076, -38.1184542]]]}}, {"type": "Feature", "properties": {"level": "primary", "school": "Aldercourt Primary School", "year_level": "P6", "boundary_year": 2026}, "geometry": {"type": "Polygon", "coordinates": [[[145.1810059, -38.1268568], [145.1814197, -38.1174394], [145.1734497, -38.1048585], [145.1552508, -38.1119013], [145.1504076, -38.1184542], [145.1797082, -38.1270255], [145.1810059, -38.1268568]]]}}, {"type": "Feature", "properties": {"level": "primary", "school": "Casey Fields Primary School", "year_level": "P6", "boundary_year": 2026}, "geometry": {"type": "Polygon", "coordinates": [[[145.3149824, -38.1215287], [145.3099413, -38.1155215], [145.2978503, -38.1122404], [145.2742748, -38.1310095], [145.3045023, -38.1375402], [145.3148114, -38.1227706], [145.3149824, -38.1215287]]]}}, {"type": "Feature", "properties": {"level": "primary", "school": "Skye Primary School", "year_level": "P6", "boundary_year": 2026}, "geometry": {"type": "Polygon", "coordinates": [[[145.2210613, -38.1243414], [145.2184869, -38.1021231], [145.1814197, -38.1174394], [145.1810059, -38.1268568], [145.1836462, -38.1292438], [145.2210613, -38.1243414]]]}}, {"type": "Feature", "properties": {"level": "primary", "school": "Barton Primary School", "year_level": "P6", "boundary_year": 2026}, "geometry": {"type": "Polygon", "coordinates": [[[145.2594225, -38.1253609], [145.2608818, -38.1180005], [145.2601531, -38.1178954], [145.25915, -38.1177562], [145.2584477, -38.1176593], [145.2576628, -38.1175484], [145.2571888, -38.1174814], [145.2509945, -38.1165651], [145.2525564, -38.1094988], [145.2429645, -38.1081612], [145.2205005, -38.0965743], [145.2184869, -38.1021231], [145.2210613, -38.1243414], [145.2294137, -38.1329013], [145.2310326, -38.1327165], [145.2495139, -38.1240837], [145.2594225, -38.1253609]]]}}, {"type": "Feature", "properties": {"level": "primary", "school": "Cranbourne Primary School", "year_level": "P6", "boundary_year": 2026}, "geometry": {"type": "Polygon", "coordinates": [[[145.2742748, -38.1310095], [145.2978503, -38.1122404], [145.2916749, -38.1007818], [145.2694076, -38.118791], [145.2646515, -38.1253184], [145.2647252, -38.1260401], [145.2650108, -38.1288319], [145.2679792, -38.131029], [145.2742748, -38.1310095]]]}}, {"type": "Feature", "properties": {"level": "primary", "school": "Wilandra Rise Primary School", "year_level": "P6", "boundary_year": 2026}, "geometry": {"type": "Polygon", "coordinates": [[[145.3274171, -38.115052], [145.3308426, -38.1084263], [145.3234263, -38.0952381], [145.3158895, -38.0939415], [145.3099413, -38.1155215], [145.3149824, -38.1215287], [145.3274171, -38.115052]]]}}, {"type": "Feature", "properties": {"level": "primary", "school": "Cranbourne East Primary School", "year_level": "P6", "boundary_year": 2026}, "geometry": {"type": "Polygon", "coordinates": [[[145.3158895, -38.0939415], [145.3133235, -38.0924554], [145.309623, -38.090311], [145.2918577, -38.0994102], [145.2916749, -38.1007818], [145.2978503, -38.1122404], [145.3099413, -38.1155215], [145.3158895, -38.0939415]]]}}, {"type": "Feature", "properties": {"level": "primary", "school": "Cranbourne West Primary School", "year_level": "P6", "boundary_year": 2026}, "geometry": {"type": "Polygon", "coordinates": [[[145.2694076, -38.118791], [145.2743587, -38.0958631], [145.2636919, -38.0921763], [145.2525471, -38.1076352], [145.2525564, -38.1094988], [145.2509945, -38.1165651], [145.2571888, -38.1174814], [145.2576628, -38.1175484], [145.2584477, -38.1176593], [145.25915, -38.1177562], [145.2601531, -38.1178954], [145.2608818, -38.1180005], [145.2594225, -38.1253609], [145.2647252, -38.1260401], [145.2646515, -38.1253184], [145.2694076, -38.118791]]]}}, {"type": "Feature", "properties": {"level": "primary", "school": "Gembrook Primary School", "year_level": "P6", "boundary_year": 2026}, "geometry": {"type": "Polygon", "coordinates": [[[145.6839119, -37.977988], [145.7042766, -37.9394612], [145.6547634, -37.9145091], [145.5568767, -37.8876595], [145.5421806, -37.8836228], [145.5388329, -37.9004817], [145.4990413, -38.0000379], [145.5180729, -38.0056037], [145.570257, -38.015751], [145.6340012, -38.0069965], [145.6839119, -37.977988]]]}}, {"type": "Feature", "properties": {"level": "primary", "school": "Cockatoo Primary School", "year_level": "P6", "boundary_year": 2026}, "geometry": {"type": "Polygon", "coordinates": [[[145.5388329, -37.9004817], [145.4726401, -37.9181032], [145.4627537, -37.9739393], [145.4912712, -37.9999591], [145.4990413, -38.0000379], [145.5388329, -37.9004817]]]}}, {"type": "Feature", "properties": {"level": "primary", "school": "Pakenham Primary School", "year_level": "P6", "boundary_year": 2026}, "geometry": {"type": "Polygon", "coordinates": [[[145.5180729, -38.0056037], [145.4969892, -38.0819539], [145.5228326, -38.1129382], [145.570257, -38.015751], [145.5180729, -38.0056037]]]}}, {"type": "Feature", "properties": {"level": "primary", "school": "Seaford Park Primary School", "year_level": "P6", "boundary_year": 2026}, "geometry": {"type": "Polygon", "coordinates": [[[145.1734497, -38.1048585], [145.1734372, -38.1043469], [145.1637806, -38.085012], [145.1571082, -38.0861552], [145.1469685, -38.0950236], [145.1426746, -38.0996099], [145.1552508, -38.1119013], [145.1734497, -38.1048585]]]}}, {"type": "Feature", "properties": {"level": "primary", "school": "Rowellyn Park Primary School", "year_level": "P6", "boundary_year": 2026}, "geometry": {"type": "Polygon", "coordinates": [[[145.2184869, -38.1021231], [145.2205005, -38.0965743], [145.2190576, -38.091166], [145.1734372, -38.1043469], [145.1734497, -38.1048585], [145.1814197, -38.1174394], [145.2184869, -38.1021231]]]}}, {"type": "Feature", "properties": {"level": "primary", "school": "Cranbourne Park Primary School", "year_level": "P6", "boundary_year": 2026}, "geometry": {"type": "Polygon", "coordinates": [[[145.2916749, -38.1007818], [145.2918577, -38.0994102], [145.2824701, -38.0953993], [145.2743587, -38.0958631], [145.2694076, -38.118791], [145.2916749, -38.1007818]]]}}, {"type": "Feature", "properties": {"level": "primary", "school": "Seaford Primary School", "year_level": "P6", "boundary_year": 2026}, "geometry": {"type": "Polygon", "coordinates": [[[145.1231472, -38.1150958], [145.1347464, -38.114661], [145.1426746, -38.0996099], [145.1469685, -38.0950236], [145.1422758, -38.0945214], [145.1349359, -38.0976903], [145.1229748, -38.0960623], [145.1242134, -38.10884], [145.1231472, -38.1150958]]]}}, {"type": "Feature", "properties": {"level": "primary", "school": "Rangebank Primary School", "year_level": "P6", "boundary_year": 2026}, "geometry": {"type": "Polygon", "coordinates": [[[145.2824701, -38.0953993], [145.2826782, -38.0855178], [145.2689354, -38.0769393], [145.2608463, -38.0859586], [145.2636919, -38.0921763], [145.2743587, -38.0958631], [145.2824701, -38.0953993]]]}}, {"type": "Feature", "properties": {"level": "primary", "school": "Cranbourne Carlisle Primary School", "year_level": "P6", "boundary_year": 2026}, "geometry": {"type": "Polygon", "coordinates": [[[145.309623, -38.090311], [145.3079888, -38.0837269], [145.3072239, -38.0806442], [145.3003305, -38.0771687], [145.2826782, -38.0855178], [145.2824701, -38.0953993], [145.2918577, -38.0994102], [145.309623, -38.090311]]]}}, {"type": "Feature", "properties": {"level": "primary", "school": "Grayling Primary School", "year_level": "P6", "boundary_year": 2026}, "geometry": {"type": "Polygon", "coordinates": [[[145.3637501, -38.1001823], [145.3975181, -38.0904681], [145.3857623, -38.0716333], [145.3766002, -38.0656588], [145.3687813, -38.0658084], [145.3632083, -38.0716176], [145.3624035, -38.0998121], [145.3637501, -38.1001823]]]}}, {"type": "Feature", "properties": {"level": "primary", "school": "Pakenham Springs Primary School", "year_level": "P6", "boundary_year": 2026}, "geometry": {"type": "Polygon", "coordinates": [[[145.5091158, -38.1361064], [145.5232058, -38.1268914], [145.5228326, -38.1129382], [145.4969892, -38.0819539], [145.4819329, -38.0723645], [145.4619969, -38.0758886], [145.4585344, -38.0752667], [145.4423674, -38.1130052], [145.4952012, -38.1379013], [145.5091158, -38.1361064]]]}}, {"type": "Feature", "properties": {"level": "primary", "school": "Tulliallan Primary School", "year_level": "P6", "boundary_year": 2026}, "geometry": {"type": "Polygon", "coordinates": [[[145.339789, -38.0896231], [145.3404795, -38.0774002], [145.337218, -38.0745783], [145.3254459, -38.0732171], [145.3133235, -38.0924554], [145.3158895, -38.0939415], [145.3234263, -38.0952381], [145.339789, -38.0896231]]]}}, {"type": "Feature", "properties": {"level": "primary", "school": "Lyndhurst Primary School", "year_level": "P6", "boundary_year": 2026}, "geometry": {"type": "Polygon", "coordinates": [[[145.219114, -38.080814], [145.2608463, -38.0859586], [145.2689354, -38.0769393], [145.2709406, -38.0698034], [145.2662108, -38.0616021], [145.2135191, -38.0690324], [145.219114, -38.080814]]]}}, {"type": "Feature", "properties": {"level": "primary", "school": "John Henry Primary School", "year_level": "P6", "boundary_year": 2026}, "geometry": {"type": "Polygon", "coordinates": [[[145.4585344, -38.0752667], [145.4564892, -38.0748258], [145.453224, -38.074259], [145.4426965, -38.0722151], [145.4324812, -38.0703171], [145.4212678, -38.1017082], [145.4292714, -38.1107958], [145.4423674, -38.1130052], [145.4585344, -38.0752667]]]}}, {"type": "Feature", "properties": {"level": "primary", "school": "Bridgewood Primary School", "year_level": "P6", "boundary_year": 2026}, "geometry": {"type": "Polygon", "coordinates": [[[145.4212678, -38.1017082], [145.4324812, -38.0703171], [145.4291609, -38.0696163], [145.421863, -38.068181], [145.4131569, -38.066569], [145.4081303, -38.0939481], [145.4212678, -38.1017082]]]}}, {"type": "Feature", "properties": {"level": "primary", "school": "Seaford North Primary School", "year_level": "P6", "boundary_year": 2026}, "geometry": {"type": "Polygon", "coordinates": [[[145.1229748, -38.0960623], [145.1349359, -38.0976903], [145.1422758, -38.0945214], [145.1469685, -38.0950236], [145.1571082, -38.0861552], [145.1493166, -38.0834713], [145.1419288, -38.0824443], [145.1385504, -38.0831275], [145.1362186, -38.0825085], [145.1338311, -38.0833635], [145.1319957, -38.0838259], [145.1313765, -38.0836977], [145.1220993, -38.0870246], [145.1229748, -38.0960623]]]}}, {"type": "Feature", "properties": {"level": "primary", "school": "Carrum Primary School", "year_level": "P6", "boundary_year": 2026}, "geometry": {"type": "Polygon", "coordinates": [[[145.1220993, -38.0870246], [145.1313765, -38.0836977], [145.1319957, -38.0838259], [145.1338311, -38.0833635], [145.1362186, -38.0825085], [145.1385504, -38.0831275], [145.1419288, -38.0824443], [145.1323213, -38.0693112], [145.1192395, -38.0733798], [145.1220993, -38.0870246]]]}}, {"type": "Feature", "properties": {"level": "primary", "school": "Nar Nar Goon Primary School", "year_level": "P6", "boundary_year": 2026}, "geometry": {"type": "Polygon", "coordinates": [[[145.6340012, -38.0069965], [145.570257, -38.015751], [145.5228326, -38.1129382], [145.5232058, -38.1268914], [145.6184291, -38.1319789], [145.6340012, -38.0069965]]]}}, {"type": "Feature", "properties": {"level": "primary", "school": "Patterson Lakes Primary School", "year_level": "P6", "boundary_year": 2026}, "geometry": {"type": "Polygon", "coordinates": [[[145.1637806, -38.085012], [145.1943739, -38.0517124], [145.1935329, -38.0485759], [145.1382218, -38.0579719], [145.1380112, -38.0581687], [145.1401815, -38.0646145], [145.1349772, -38.0690316], [145.1323213, -38.0693112], [145.1419288, -38.0824443], [145.1493166, -38.0834713], [145.1571082, -38.0861552], [145.1637806, -38.085012]]]}}, {"type": "Feature", "properties": {"level": "primary", "school": "Chelsea Heights Primary School", "year_level": "P6", "boundary_year": 2026}, "geometry": {"type": "Polygon", "coordinates": [[[145.1935329, -38.0485759], [145.1938757, -38.0453637], [145.1430394, -38.0245363], [145.1297688, -38.0323812], [145.1242031, -38.0439871], [145.1382218, -38.0579719], [145.1935329, -38.0485759]]]}}, {"type": "Feature", "properties": {"level": "primary", "school": "Courtenay Gardens Primary School", "year_level": "P6", "boundary_year": 2026}, "geometry": {"type": "Polygon", "coordinates": [[[145.3003305, -38.0771687], [145.2992781, -38.0761434], [145.2960597, -38.0730073], [145.2709406, -38.0698034], [145.2689354, -38.0769393], [145.2826782, -38.0855178], [145.3003305, -38.0771687]]]}}, {"type": "Feature", "properties": {"level": "primary", "school": "Hillsmeade Primary School", "year_level": "P6", "boundary_year": 2026}, "geometry": {"type": "Polygon", "coordinates": [[[145.2992781, -38.0761434], [145.3274164, -38.0642153], [145.3274809, -38.0636341], [145.3176603, -38.05329], [145.304243, -38.0497787], [145.2982566, -38.0553694], [145.2960597, -38.0730073], [145.2992781, -38.0761434]]]}}, {"type": "Feature", "properties": {"level": "primary", "school": "Banyan Fields Primary School", "year_level": "P6", "boundary_year": 2026}, "geometry": {"type": "Polygon", "coordinates": [[[145.2190576, -38.091166], [145.219114, -38.080814], [145.2135191, -38.0690324], [145.1943739, -38.0517124], [145.1637806, -38.085012], [145.1734372, -38.1043469], [145.2190576, -38.091166]]]}}, {"type": "Feature", "properties": {"level": "primary", "school": "Pakenham Lakeside Primary School", "year_level": "P6", "boundary_year": 2026}, "geometry": {"type": "Polygon", "coordinates": [[[145.453224, -38.074259], [145.4506228, -38.0607108], [145.4483032, -38.0605697], [145.4422744, -38.0616531], [145.4292127, -38.0551846], [145.421863, -38.068181], [145.4291609, -38.0696163], [145.4324812, -38.0703171], [145.4426965, -38.0722151], [145.453224, -38.074259]]]}}, {"type": "Feature", "properties": {"level": "primary", "school": "Pakenham Consolidated School", "year_level": "P6", "boundary_year": 2026}, "geometry": {"type": "Polygon", "coordinates": [[[145.4819329, -38.0723645], [145.4740445, -38.0414428], [145.4555985, -38.0620047], [145.4506228, -38.0607108], [145.453224, -38.074259], [145.4564892, -38.0748258], [145.4585344, -38.0752667], [145.4619969, -38.0758886], [145.4819329, -38.0723645]]]}}, {"type": "Feature", "properties": {"level": "primary", "school": "Pakenham Hills Primary School", "year_level": "P6", "boundary_year": 2026}, "geometry": {"type": "Polygon", "coordinates": [[[145.5180729, -38.0056037], [145.4990413, -38.0000379], [145.4912712, -37.9999591], [145.478805, -38.0094952], [145.4740445, -38.0414428], [145.4819329, -38.0723645], [145.4969892, -38.0819539], [145.5180729, -38.0056037]]]}}, {"type": "Feature", "properties": {"level": "primary", "school": "Strathaird Primary School", "year_level": "P6", "boundary_year": 2026}, "geometry": {"type": "Polygon", "coordinates": [[[145.2982566, -38.0553694], [145.2700439, -38.0578009], [145.2674546, -38.0588561], [145.2662108, -38.0616021], [145.2709406, -38.0698034], [145.2960597, -38.0730073], [145.2982566, -38.0553694]]]}}, {"type": "Feature", "properties": {"level": "primary", "school": "Portarlington Primary School", "year_level": "P6", "boundary_year": 2026}, "geometry": {"type": "Polygon", "coordinates": [[[144.6432287, -38.1712244], [144.7060816, -38.1296262], [144.706155, -38.1295777], [144.6979475, -38.1256772], [144.6922219, -38.1199953], [144.6860088, -38.1176469], [144.6662252, -38.1120697], [144.6615939, -38.1114526], [144.6496349, -38.1124856], [144.6382657, -38.1080937], [144.6339601, -38.1072082], [144.6299601, -38.1077884], [144.6146775, -38.1170098], [144.608983, -38.1218801], [144.5979602, -38.127361], [144.5983948, -38.1278452], [144.6432287, -38.1712244]]]}}, {"type": "Feature", "properties": {"level": "primary", "school": "Berwick Chase Primary School", "year_level": "P6", "boundary_year": 2026}, "geometry": {"type": "Polygon", "coordinates": [[[145.3404795, -38.0774002], [145.3632083, -38.0716176], [145.3687813, -38.0658084], [145.3625999, -38.0607388], [145.3365308, -38.0598288], [145.3274809, -38.0636341], [145.3274164, -38.0642153], [145.3290461, -38.0675016], [145.3254459, -38.0732171], [145.337218, -38.0745783], [145.3404795, -38.0774002]]]}}, {"type": "Feature", "properties": {"level": "primary", "school": "Berwick Fields Primary School", "year_level": "P6", "boundary_year": 2026}, "geometry": {"type": "Polygon", "coordinates": [[[145.3365308, -38.0598288], [145.3434996, -38.0460846], [145.344384, -38.0463678], [145.341068, -38.0374292], [145.3297566, -38.0402276], [145.3176603, -38.05329], [145.3274809, -38.0636341], [145.3365308, -38.0598288]]]}}, {"type": "Feature", "properties": {"level": "primary", "school": "Officer Primary School", "year_level": "P6", "boundary_year": 2026}, "geometry": {"type": "Polygon", "coordinates": [[[145.421863, -38.068181], [145.4292127, -38.0551846], [145.4269942, -38.0275015], [145.4152173, -38.0269663], [145.4024984, -38.0587914], [145.4037244, -38.0590177], [145.4046828, -38.0591998], [145.4041725, -38.0615623], [145.4040335, -38.0633031], [145.4039507, -38.0648207], [145.4131569, -38.066569], [145.421863, -38.068181]]]}}, {"type": "Feature", "properties": {"level": "primary", "school": "Brentwood Park Primary School", "year_level": "P6", "boundary_year": 2026}, "geometry": {"type": "Polygon", "coordinates": [[[145.3365308, -38.0598288], [145.3625999, -38.0607388], [145.3602982, -38.0528429], [145.3546265, -38.0501911], [145.344384, -38.0463678], [145.3434996, -38.0460846], [145.3365308, -38.0598288]]]}}, {"type": "Feature", "properties": {"level": "primary", "school": "Beaconsfield Primary School", "year_level": "P6", "boundary_year": 2026}, "geometry": {"type": "Polygon", "coordinates": [[[145.3766002, -38.0656588], [145.3803465, -38.0600729], [145.3791655, -38.0594677], [145.3780314, -38.0587338], [145.3769386, -38.0577987], [145.3780926, -38.0568454], [145.3794167, -38.0560031], [145.3805446, -38.0555191], [145.3819564, -38.0552576], [145.3826986, -38.0552856], [145.3955473, -38.0232054], [145.3822598, -38.016469], [145.374475, -38.0191692], [145.3602982, -38.0528429], [145.3625999, -38.0607388], [145.3687813, -38.0658084], [145.3766002, -38.0656588]]]}}, {"type": "Feature", "properties": {"level": "primary", "school": "Bonbeach Primary School", "year_level": "P6", "boundary_year": 2026}, "geometry": {"type": "Polygon", "coordinates": [[[145.1323213, -38.0693112], [145.1349772, -38.0690316], [145.1401815, -38.0646145], [145.1380112, -38.0581687], [145.1160654, -38.0621126], [145.1192395, -38.0733798], [145.1323213, -38.0693112]]]}}, {"type": "Feature", "properties": {"level": "primary", "school": "Chelsea Primary School", "year_level": "P6", "boundary_year": 2026}, "geometry": {"type": "Polygon", "coordinates": [[[145.1242031, -38.0439871], [145.110271, -38.0486658], [145.1104472, -38.049076], [145.1147971, -38.0591687], [145.1160654, -38.0621126], [145.1380112, -38.0581687], [145.1382218, -38.0579719], [145.1242031, -38.0439871]]]}}, {"type": "Feature", "properties": {"level": "primary", "school": "Narre Warren South P-12 College", "year_level": "P6", "boundary_year": 2026}, "geometry": {"type": "Polygon", "coordinates": [[[145.2982566, -38.0553694], [145.304243, -38.0497787], [145.2984831, -38.0383748], [145.2843584, -38.0415001], [145.2700439, -38.0578009], [145.2982566, -38.0553694]]]}}, {"type": "Feature", "properties": {"level": "primary", "school": "Lynbrook Primary School", "year_level": "P6", "boundary_year": 2026}, "geometry": {"type": "Polygon", "coordinates": [[[145.2662108, -38.0616021], [145.2674546, -38.0588561], [145.2604397, -38.0458345], [145.2489955, -38.0411847], [145.2058457, -38.0363788], [145.198316, -38.0396869], [145.1938757, -38.0453637], [145.1935329, -38.0485759], [145.1943739, -38.0517124], [145.2135191, -38.0690324], [145.2662108, -38.0616021]]]}}, {"type": "Feature", "properties": {"level": "primary", "school": "Coral Park Primary School", "year_level": "P6", "boundary_year": 2026}, "geometry": {"type": "Polygon", "coordinates": [[[145.2700439, -38.0578009], [145.2843584, -38.0415001], [145.2701323, -38.0367031], [145.2604397, -38.0458345], [145.2674546, -38.0588561], [145.2700439, -38.0578009]]]}}, {"type": "Feature", "properties": {"level": "primary", "school": "Berwick Primary School", "year_level": "P6", "boundary_year": 2026}, "geometry": {"type": "Polygon", "coordinates": [[[145.374475, -38.0191692], [145.352853, -38.0220643], [145.341068, -38.0374292], [145.344384, -38.0463678], [145.3546265, -38.0501911], [145.3602982, -38.0528429], [145.374475, -38.0191692]]]}}, {"type": "Feature", "properties": {"level": "primary", "school": "Fleetwood Primary School", "year_level": "P6", "boundary_year": 2026}, "geometry": {"type": "Polygon", "coordinates": [[[145.3297566, -38.0402276], [145.3101853, -38.0262233], [145.3042509, -38.0255133], [145.3008802, -38.0271291], [145.2984831, -38.0383748], [145.304243, -38.0497787], [145.3176603, -38.05329], [145.3297566, -38.0402276]]]}}, {"type": "Feature", "properties": {"level": "primary", "school": "River Gum Primary School", "year_level": "P6", "boundary_year": 2026}, "geometry": {"type": "Polygon", "coordinates": [[[145.2701323, -38.0367031], [145.2693785, -38.0182898], [145.2489955, -38.0411847], [145.2604397, -38.0458345], [145.2701323, -38.0367031]]]}}, {"type": "Feature", "properties": {"level": "primary", "school": "Kilberry Valley Primary School", "year_level": "P6", "boundary_year": 2026}, "geometry": {"type": "Polygon", "coordinates": [[[145.2984831, -38.0383748], [145.3008802, -38.0271291], [145.2732099, -38.0161894], [145.2695073, -38.0177138], [145.2693785, -38.0182898], [145.2701323, -38.0367031], [145.2843584, -38.0415001], [145.2984831, -38.0383748]]]}}, {"type": "Feature", "properties": {"level": "primary", "school": "Berwick Lodge Primary School", "year_level": "P6", "boundary_year": 2026}, "geometry": {"type": "Polygon", "coordinates": [[[145.341068, -38.0374292], [145.352853, -38.0220643], [145.3455634, -38.0193925], [145.3101853, -38.0262233], [145.3297566, -38.0402276], [145.341068, -38.0374292]]]}}, {"type": "Feature", "properties": {"level": "primary", "school": "Edithvale Primary School", "year_level": "P6", "boundary_year": 2026}, "geometry": {"type": "Polygon", "coordinates": [[[145.1242031, -38.0439871], [145.1297688, -38.0323812], [145.1067414, -38.028702], [145.1011506, -38.0313852], [145.105949, -38.0386353], [145.110271, -38.0486658], [145.1242031, -38.0439871]]]}}, {"type": "Feature", "properties": {"level": "primary", "school": "Aspendale Gardens Primary School", "year_level": "P6", "boundary_year": 2026}, "geometry": {"type": "Polygon", "coordinates": [[[145.1430394, -38.0245363], [145.1338418, -38.0048211], [145.1296625, -38.0037924], [145.1143505, -38.0020943], [145.1117653, -38.0047706], [145.1067414, -38.028702], [145.1297688, -38.0323812], [145.1430394, -38.0245363]]]}}, {"type": "Feature", "properties": {"level": "primary", "school": "Fountain Gate Primary School", "year_level": "P6", "boundary_year": 2026}, "geometry": {"type": "Polygon", "coordinates": [[[145.3042509, -38.0255133], [145.3075785, -38.0162271], [145.3068838, -38.0131676], [145.2989973, -38.0058115], [145.2970158, -38.0033864], [145.2943998, -38.001519], [145.2864644, -37.9941109], [145.2834719, -37.9954937], [145.2800748, -37.9985828], [145.2791033, -37.9984427], [145.2732099, -38.0161894], [145.3008802, -38.0271291], [145.3042509, -38.0255133]]]}}, {"type": "Feature", "properties": {"level": "primary", "school": "Timbarra P-9 College", "year_level": "P6", "boundary_year": 2026}, "geometry": {"type": "Polygon", "coordinates": [[[145.3455634, -38.0193925], [145.3313293, -38.0057475], [145.3075785, -38.0162271], [145.3042509, -38.0255133], [145.3101853, -38.0262233], [145.3455634, -38.0193925]]]}}, {"type": "Feature", "properties": {"level": "primary", "school": "Oatlands Primary School", "year_level": "P6", "boundary_year": 2026}, "geometry": {"type": "Polygon", "coordinates": [[[145.3313293, -38.0057475], [145.3273081, -37.9926896], [145.3151079, -37.9924897], [145.3068838, -38.0131676], [145.3075785, -38.0162271], [145.3313293, -38.0057475]]]}}, {"type": "Feature", "properties": {"level": "primary", "school": "Keysborough Gardens Primary School", "year_level": "P6", "boundary_year": 2026}, "geometry": {"type": "Polygon", "coordinates": [[[145.198316, -38.0396869], [145.1897115, -38.0141319], [145.1623211, -37.994937], [145.1424227, -37.9990659], [145.1338418, -38.0048211], [145.1430394, -38.0245363], [145.1938757, -38.0453637], [145.198316, -38.0396869]]]}}, {"type": "Feature", "properties": {"level": "primary", "school": "Hampton Park Primary School", "year_level": "P6", "boundary_year": 2026}, "geometry": {"type": "Polygon", "coordinates": [[[145.2693785, -38.0182898], [145.2695073, -38.0177138], [145.2335775, -38.0135131], [145.2058457, -38.0363788], [145.2489955, -38.0411847], [145.2693785, -38.0182898]]]}}, {"type": "Feature", "properties": {"level": "primary", "school": "Harkaway Primary School", "year_level": "P6", "boundary_year": 2026}, "geometry": {"type": "Polygon", "coordinates": [[[145.374475, -38.0191692], [145.3822598, -38.016469], [145.3763088, -37.9688667], [145.3596735, -37.9669616], [145.3273081, -37.9926896], [145.3313293, -38.0057475], [145.3455634, -38.0193925], [145.352853, -38.0220643], [145.374475, -38.0191692]]]}}, {"type": "Feature", "properties": {"level": "primary", "school": "Hallam Primary School", "year_level": "P6", "boundary_year": 2026}, "geometry": {"type": "Polygon", "coordinates": [[[145.2732099, -38.0161894], [145.2791033, -37.9984427], [145.2682861, -37.9961872], [145.2548521, -37.992436], [145.2340719, -38.0083571], [145.2335775, -38.0135131], [145.2695073, -38.0177138], [145.2732099, -38.0161894]]]}}, {"type": "Feature", "properties": {"level": "primary", "school": "Dandenong South Primary School", "year_level": "P6", "boundary_year": 2026}, "geometry": {"type": "Polygon", "coordinates": [[[145.2058457, -38.0363788], [145.2335775, -38.0135131], [145.2340719, -38.0083571], [145.2302695, -38.0004029], [145.2071312, -37.9893888], [145.1967506, -37.9933207], [145.1897115, -38.0141319], [145.198316, -38.0396869], [145.2058457, -38.0363788]]]}}, {"type": "Feature", "properties": {"level": "primary", "school": "Beaconsfield Upper Primary School", "year_level": "P6", "boundary_year": 2026}, "geometry": {"type": "Polygon", "coordinates": [[[145.478805, -38.0094952], [145.4912712, -37.9999591], [145.4627537, -37.9739393], [145.4016328, -37.9568498], [145.3964178, -37.9577087], [145.3763088, -37.9688667], [145.3822598, -38.016469], [145.3955473, -38.0232054], [145.4152173, -38.0269663], [145.4269942, -38.0275015], [145.478805, -38.0094952]]]}}, {"type": "Feature", "properties": {"level": "primary", "school": "Aspendale Primary School", "year_level": "P6", "boundary_year": 2026}, "geometry": {"type": "Polygon", "coordinates": [[[145.1011506, -38.0313852], [145.1067414, -38.028702], [145.1117653, -38.0047706], [145.0901987, -38.0148314], [145.1011506, -38.0313852]]]}}, {"type": "Feature", "properties": {"level": "primary", "school": "Doveton College", "year_level": "P6", "boundary_year": 2026}, "geometry": {"type": "Polygon", "coordinates": [[[145.2548521, -37.992436], [145.2539284, -37.9903405], [145.2515884, -37.9881202], [145.2481571, -37.9848461], [145.2321708, -37.9822617], [145.2302695, -38.0004029], [145.2340719, -38.0083571], [145.2548521, -37.992436]]]}}, {"type": "Feature", "properties": {"level": "primary", "school": "Mordialloc Beach Primary School", "year_level": "P6", "boundary_year": 2026}, "geometry": {"type": "Polygon", "coordinates": [[[145.0901987, -38.0148314], [145.1117653, -38.0047706], [145.1143505, -38.0020943], [145.1080353, -37.9959683], [145.0966759, -37.996188], [145.0766102, -38.0017981], [145.0812833, -38.0066313], [145.083228, -38.009503], [145.0842813, -38.0105394], [145.0839214, -38.0112628], [145.0848659, -38.0117996], [145.0855795, -38.0111892], [145.0901987, -38.0148314]]]}}, {"type": "Feature", "properties": {"level": "primary", "school": "Southern Cross Primary School", "year_level": "P6", "boundary_year": 2026}, "geometry": {"type": "Polygon", "coordinates": [[[145.2791033, -37.9984427], [145.2800748, -37.9985828], [145.2834719, -37.9954937], [145.2605731, -37.9777366], [145.2598544, -37.9776617], [145.2515884, -37.9881202], [145.2539284, -37.9903405], [145.2548521, -37.992436], [145.2682861, -37.9961872], [145.2791033, -37.9984427]]]}}, {"type": "Feature", "properties": {"level": "primary", "school": "Dingley Primary School", "year_level": "P6", "boundary_year": 2026}, "geometry": {"type": "Polygon", "coordinates": [[[145.1424227, -37.9990659], [145.1424683, -37.977995], [145.1376604, -37.9734391], [145.1273131, -37.9712468], [145.1296625, -38.0037924], [145.1338418, -38.0048211], [145.1424227, -37.9990659]]]}}, {"type": "Feature", "properties": {"level": "primary", "school": "Kingswood Primary School", "year_level": "P6", "boundary_year": 2026}, "geometry": {"type": "Polygon", "coordinates": [[[145.1273131, -37.9712468], [145.1100269, -37.96283], [145.1085718, -37.9629873], [145.1048486, -37.9681503], [145.1040951, -37.9746323], [145.1080353, -37.9959683], [145.1143505, -38.0020943], [145.1296625, -38.0037924], [145.1273131, -37.9712468]]]}}, {"type": "Feature", "properties": {"level": "primary", "school": "Parkdale Primary School", "year_level": "P6", "boundary_year": 2026}, "geometry": {"type": "Polygon", "coordinates": [[[145.0766102, -38.0017981], [145.0966759, -37.996188], [145.0794973, -37.9864516], [145.0769692, -37.9864892], [145.068441, -37.9946968], [145.0712951, -37.9968398], [145.0766102, -38.0017981]]]}}, {"type": "Feature", "properties": {"level": "primary", "school": "Chandler Park Primary School", "year_level": "P6", "boundary_year": 2026}, "geometry": {"type": "Polygon", "coordinates": [[[145.1967506, -37.9933207], [145.1855506, -37.981321], [145.1642963, -37.9913821], [145.1623211, -37.994937], [145.1897115, -38.0141319], [145.1967506, -37.9933207]]]}}, {"type": "Feature", "properties": {"level": "primary", "school": "Keysborough Primary School", "year_level": "P6", "boundary_year": 2026}, "geometry": {"type": "Polygon", "coordinates": [[[145.1623211, -37.994937], [145.1642963, -37.9913821], [145.1601919, -37.9756445], [145.1424683, -37.977995], [145.1424227, -37.9990659], [145.1623211, -37.994937]]]}}, {"type": "Feature", "properties": {"level": "primary", "school": "Parktone Primary School", "year_level": "P6", "boundary_year": 2026}, "geometry": {"type": "Polygon", "coordinates": [[[145.1080353, -37.9959683], [145.1040951, -37.9746323], [145.0794973, -37.9864516], [145.0966759, -37.996188], [145.1080353, -37.9959683]]]}}, {"type": "Feature", "properties": {"level": "primary", "school": "Dandenong West Primary School", "year_level": "P6", "boundary_year": 2026}, "geometry": {"type": "Polygon", "coordinates": [[[145.2071312, -37.9893888], [145.2100897, -37.9843772], [145.2049325, -37.9733018], [145.2012798, -37.9726845], [145.185566, -37.9810596], [145.1855506, -37.981321], [145.1967506, -37.9933207], [145.2071312, -37.9893888]]]}}, {"type": "Feature", "properties": {"level": "primary", "school": "Dandenong Primary School", "year_level": "P6", "boundary_year": 2026}, "geometry": {"type": "Polygon", "coordinates": [[[145.2321708, -37.9822617], [145.2300883, -37.9784277], [145.2100897, -37.9843772], [145.2071312, -37.9893888], [145.2302695, -38.0004029], [145.2321708, -37.9822617]]]}}, {"type": "Feature", "properties": {"level": "primary", "school": "Maramba Primary School", "year_level": "P6", "boundary_year": 2026}, "geometry": {"type": "Polygon", "coordinates": [[[145.3151079, -37.9924897], [145.2959102, -37.9862958], [145.2864644, -37.9941109], [145.2943998, -38.001519], [145.2970158, -38.0033864], [145.2989973, -38.0058115], [145.3068838, -38.0131676], [145.3151079, -37.9924897]]]}}, {"type": "Feature", "properties": {"level": "primary", "school": "Mentone Primary School", "year_level": "P6", "boundary_year": 2026}, "geometry": {"type": "Polygon", "coordinates": [[[145.0653963, -37.9928692], [145.068441, -37.9946968], [145.0769692, -37.9864892], [145.0730721, -37.9741676], [145.0642686, -37.9740494], [145.0523946, -37.980968], [145.0531399, -37.9870667], [145.0543788, -37.9873774], [145.056138, -37.9880361], [145.0575676, -37.9886033], [145.0596062, -37.9896088], [145.0625954, -37.9912066], [145.0653963, -37.9928692]]]}}, {"type": "Feature", "properties": {"level": "primary", "school": "Mentone Park Primary School", "year_level": "P6", "boundary_year": 2026}, "geometry": {"type": "Polygon", "coordinates": [[[145.0794973, -37.9864516], [145.1040951, -37.9746323], [145.1048486, -37.9681503], [145.0766471, -37.9719753], [145.0730721, -37.9741676], [145.0769692, -37.9864892], [145.0794973, -37.9864516]]]}}, {"type": "Feature", "properties": {"level": "primary", "school": "Thomas Mitchell Primary School", "year_level": "P6", "boundary_year": 2026}, "geometry": {"type": "Polygon", "coordinates": [[[145.2864644, -37.9941109], [145.2959102, -37.9862958], [145.29449, -37.9669264], [145.2605731, -37.9777366], [145.2834719, -37.9954937], [145.2864644, -37.9941109]]]}}, {"type": "Feature", "properties": {"level": "primary", "school": "Narre Warren North Primary School", "year_level": "P6", "boundary_year": 2026}, "geometry": {"type": "Polygon", "coordinates": [[[145.3596735, -37.9669616], [145.3205428, -37.9457351], [145.3020764, -37.943979], [145.29449, -37.9669264], [145.2959102, -37.9862958], [145.3151079, -37.9924897], [145.3273081, -37.9926896], [145.3596735, -37.9669616]]]}}, {"type": "Feature", "properties": {"level": "primary", "school": "James Cook Primary School", "year_level": "P6", "boundary_year": 2026}, "geometry": {"type": "Polygon", "coordinates": [[[145.2598544, -37.9776617], [145.2584359, -37.9758411], [145.2308293, -37.9724214], [145.2300883, -37.9784277], [145.2321708, -37.9822617], [145.2481571, -37.9848461], [145.2515884, -37.9881202], [145.2598544, -37.9776617]]]}}, {"type": "Feature", "properties": {"level": "primary", "school": "Wallarano Primary School", "year_level": "P6", "boundary_year": 2026}, "geometry": {"type": "Polygon", "coordinates": [[[145.1855506, -37.981321], [145.185566, -37.9810596], [145.1829278, -37.9773924], [145.1619946, -37.9728952], [145.1601919, -37.9756445], [145.1642963, -37.9913821], [145.1855506, -37.981321]]]}}, {"type": "Feature", "properties": {"level": "primary", "school": "Beaumaris Primary School", "year_level": "P6", "boundary_year": 2026}, "geometry": {"type": "Polygon", "coordinates": [[[145.0521268, -37.9868125], [145.0531399, -37.9870667], [145.0523946, -37.980968], [145.0494396, -37.9790736], [145.0252381, -37.9804092], [145.0213563, -37.9829209], [145.0212518, -37.982979], [145.0216876, -37.9833038], [145.022636, -37.9845261], [145.0230971, -37.9849048], [145.0233452, -37.9856623], [145.0238825, -37.9859379], [145.0242748, -37.9858346], [145.0256249, -37.9871018], [145.0267542, -37.9880454], [145.027427, -37.9890859], [145.027877, -37.9906351], [145.0280342, -37.9908648], [145.0294611, -37.991916], [145.0298364, -37.9927327], [145.029752, -37.9932934], [145.0297838, -37.9933961], [145.0304116, -37.9936997], [145.0306937, -37.9936929], [145.0308428, -37.9940445], [145.0306731, -37.9943526], [145.0307815, -37.9946291], [145.0323537, -37.9947879], [145.0337588, -37.9948637], [145.035756, -37.9954077], [145.036947, -37.9961597], [145.0374089, -37.9964202], [145.0378222, -37.9965442], [145.0384711, -37.9964391], [145.0385521, -37.9958761], [145.0391513, -37.9955524], [145.0393303, -37.9949257], [145.0397848, -37.9947259], [145.040081, -37.9942233], [145.0406803, -37.9941406], [145.042335, -37.9927633], [145.0425192, -37.9919297], [145.0427808, -37.9917577], [145.043008, -37.9914477], [145.0434765, -37.9912824], [145.044329, -37.9908266], [145.0449158, -37.9903733], [145.0454877, -37.9901047], [145.0459628, -37.9902217], [145.046073, -37.9901115], [145.045894, -37.9899049], [145.0469339, -37.9894158], [145.0474643, -37.988865], [145.0484354, -37.9886584], [145.0495647, -37.9881074], [145.0507492, -37.987336], [145.0515621, -37.9868884], [145.0521268, -37.9868125]]]}}, {"type": "Feature", "properties": {"level": "primary", "school": "Beaumaris North Primary School", "year_level": "P6", "boundary_year": 2026}, "geometry": {"type": "Polygon", "coordinates": [[[145.0494396, -37.9790736], [145.0399515, -37.9600438], [145.0330845, -37.9635704], [145.0252381, -37.9804092], [145.0494396, -37.9790736]]]}}, {"type": "Feature", "properties": {"level": "primary", "school": "Cheltenham Primary School", "year_level": "P6", "boundary_year": 2026}, "geometry": {"type": "Polygon", "coordinates": [[[145.0642686, -37.9740494], [145.0597455, -37.9624447], [145.0511338, -37.9546439], [145.0492788, -37.9545447], [145.048544, -37.9548053], [145.0483109, -37.9548874], [145.0415773, -37.9572764], [145.0399515, -37.9600438], [145.0494396, -37.9790736], [145.0523946, -37.980968], [145.0642686, -37.9740494]]]}}, {"type": "Feature", "properties": {"level": "primary", "school": "Yarraman Oaks Primary School", "year_level": "P6", "boundary_year": 2026}, "geometry": {"type": "Polygon", "coordinates": [[[145.2012798, -37.9726845], [145.1930738, -37.9597947], [145.1914419, -37.9597288], [145.1825136, -37.9638365], [145.1829278, -37.9773924], [145.185566, -37.9810596], [145.2012798, -37.9726845]]]}}, {"type": "Feature", "properties": {"level": "primary", "school": "Mossgiel Park Primary School", "year_level": "P6", "boundary_year": 2026}, "geometry": {"type": "Polygon", "coordinates": [[[145.29449, -37.9669264], [145.3020764, -37.943979], [145.3000652, -37.9426291], [145.2904302, -37.9417257], [145.273712, -37.9428307], [145.2557666, -37.9509428], [145.2584359, -37.9758411], [145.2598544, -37.9776617], [145.2605731, -37.9777366], [145.29449, -37.9669264]]]}}, {"type": "Feature", "properties": {"level": "primary", "school": "Athol Road Primary School", "year_level": "P6", "boundary_year": 2026}, "geometry": {"type": "Polygon", "coordinates": [[[145.1601919, -37.9756445], [145.1619946, -37.9728952], [145.1619613, -37.9716698], [145.1485894, -37.963511], [145.1376604, -37.9734391], [145.1424683, -37.977995], [145.1601919, -37.9756445]]]}}, {"type": "Feature", "properties": {"level": "primary", "school": "Dandenong North Primary School", "year_level": "P6", "boundary_year": 2026}, "geometry": {"type": "Polygon", "coordinates": [[[145.2300883, -37.9784277], [145.2308293, -37.9724214], [145.2298551, -37.9694863], [145.2142445, -37.9683582], [145.2049325, -37.9733018], [145.2100897, -37.9843772], [145.2300883, -37.9784277]]]}}, {"type": "Feature", "properties": {"level": "primary", "school": "Lyndale Greens Primary School", "year_level": "P6", "boundary_year": 2026}, "geometry": {"type": "Polygon", "coordinates": [[[145.2142445, -37.9683582], [145.2049947, -37.9542359], [145.1930738, -37.9597947], [145.2012798, -37.9726845], [145.2049325, -37.9733018], [145.2142445, -37.9683582]]]}}, {"type": "Feature", "properties": {"level": "primary", "school": "Cheltenham East Primary School", "year_level": "P6", "boundary_year": 2026}, "geometry": {"type": "Polygon", "coordinates": [[[145.0766471, -37.9719753], [145.0730239, -37.9621535], [145.0597455, -37.9624447], [145.0642686, -37.9740494], [145.0730721, -37.9741676], [145.0766471, -37.9719753]]]}}, {"type": "Feature", "properties": {"level": "primary", "school": "Noble Park Primary School", "year_level": "P6", "boundary_year": 2026}, "geometry": {"type": "Polygon", "coordinates": [[[145.1825136, -37.9638365], [145.1705345, -37.9610576], [145.1619613, -37.9716698], [145.1619946, -37.9728952], [145.1829278, -37.9773924], [145.1825136, -37.9638365]]]}}, {"type": "Feature", "properties": {"level": "primary", "school": "Spring Parks Primary School", "year_level": "P6", "boundary_year": 2026}, "geometry": {"type": "Polygon", "coordinates": [[[145.1485894, -37.963511], [145.1484758, -37.9618257], [145.1155761, -37.9594211], [145.1100269, -37.96283], [145.1273131, -37.9712468], [145.1376604, -37.9734391], [145.1485894, -37.963511]]]}}, {"type": "Feature", "properties": {"level": "primary", "school": "Chalcot Lodge Primary School", "year_level": "P6", "boundary_year": 2026}, "geometry": {"type": "Polygon", "coordinates": [[[145.2557666, -37.9509428], [145.2380876, -37.9524341], [145.2298551, -37.9694863], [145.2308293, -37.9724214], [145.2584359, -37.9758411], [145.2557666, -37.9509428]]]}}, {"type": "Feature", "properties": {"level": "primary", "school": "Kingston Heath Primary School", "year_level": "P6", "boundary_year": 2026}, "geometry": {"type": "Polygon", "coordinates": [[[145.1048486, -37.9681503], [145.1085718, -37.9629873], [145.0915693, -37.9451248], [145.0912674, -37.9449996], [145.085892, -37.9461498], [145.0806643, -37.9472679], [145.0730239, -37.9621535], [145.0766471, -37.9719753], [145.1048486, -37.9681503]]]}}, {"type": "Feature", "properties": {"level": "primary", "school": "Heatherhill Primary School", "year_level": "P6", "boundary_year": 2026}, "geometry": {"type": "Polygon", "coordinates": [[[145.1705345, -37.9610576], [145.1662436, -37.9539281], [145.1492654, -37.9594002], [145.1484758, -37.9618257], [145.1485894, -37.963511], [145.1619613, -37.9716698], [145.1705345, -37.9610576]]]}}, {"type": "Feature", "properties": {"level": "primary", "school": "Wooranna Park Primary School", "year_level": "P6", "boundary_year": 2026}, "geometry": {"type": "Polygon", "coordinates": [[[145.2380876, -37.9524341], [145.2342354, -37.9499993], [145.2057633, -37.9532084], [145.2049947, -37.9542359], [145.2142445, -37.9683582], [145.2298551, -37.9694863], [145.2380876, -37.9524341]]]}}, {"type": "Feature", "properties": {"level": "primary", "school": "Le Page Primary School", "year_level": "P6", "boundary_year": 2026}, "geometry": {"type": "Polygon", "coordinates": [[[145.0730239, -37.9621535], [145.0806643, -37.9472679], [145.0759242, -37.947115], [145.0709807, -37.946955], [145.0511338, -37.9546439], [145.0597455, -37.9624447], [145.0730239, -37.9621535]]]}}, {"type": "Feature", "properties": {"level": "primary", "school": "Black Rock Primary School", "year_level": "P6", "boundary_year": 2026}, "geometry": {"type": "Polygon", "coordinates": [[[145.0213563, -37.9829209], [145.0252381, -37.9804092], [145.0330845, -37.9635704], [145.0102032, -37.9629502], [145.0092993, -37.9699371], [145.0158245, -37.9774391], [145.0163064, -37.9781209], [145.0172707, -37.9796912], [145.0171466, -37.980442], [145.017856, -37.9811376], [145.0180552, -37.9815565], [145.0179562, -37.9818115], [145.0180245, -37.9818673], [145.0191027, -37.9821912], [145.0212518, -37.982979], [145.0213563, -37.9829209]]]}}, {"type": "Feature", "properties": {"level": "primary", "school": "Spring Parks Primary School", "year_level": "P6", "boundary_year": 2026}, "geometry": {"type": "Polygon", "coordinates": [[[145.1492654, -37.9594002], [145.1416633, -37.9499441], [145.1245314, -37.9523704], [145.1155761, -37.9594211], [145.1484758, -37.9618257], [145.1492654, -37.9594002]]]}}, {"type": "Feature", "properties": {"level": "primary", "school": "Harrisfield Primary School", "year_level": "P6", "boundary_year": 2026}, "geometry": {"type": "Polygon", "coordinates": [[[145.1914419, -37.9597288], [145.1843575, -37.948668], [145.1734241, -37.9434453], [145.1668927, -37.9490684], [145.1662436, -37.9539281], [145.1705345, -37.9610576], [145.1825136, -37.9638365], [145.1914419, -37.9597288]]]}}, {"type": "Feature", "properties": {"level": "primary", "school": "Silverton Primary School", "year_level": "P6", "boundary_year": 2026}, "geometry": {"type": "Polygon", "coordinates": [[[145.2049947, -37.9542359], [145.2057633, -37.9532084], [145.2013861, -37.9421692], [145.2006076, -37.9420354], [145.1843575, -37.948668], [145.1914419, -37.9597288], [145.1930738, -37.9597947], [145.2049947, -37.9542359]]]}}, {"type": "Feature", "properties": {"level": "primary", "school": "Macclesfield Primary School", "year_level": "P6", "boundary_year": 2026}, "geometry": {"type": "Polygon", "coordinates": [[[145.5388329, -37.9004817], [145.5421806, -37.8836228], [145.5442908, -37.8709914], [145.5199039, -37.8386693], [145.4975832, -37.8315117], [145.4716737, -37.8450293], [145.4596173, -37.8564391], [145.455944, -37.8718583], [145.4371369, -37.9012606], [145.4726401, -37.9181032], [145.5388329, -37.9004817]]]}}, {"type": "Feature", "properties": {"level": "primary", "school": "Sandringham East Primary School", "year_level": "P6", "boundary_year": 2026}, "geometry": {"type": "Polygon", "coordinates": [[[145.0399515, -37.9600438], [145.0415773, -37.9572764], [145.024341, -37.9444634], [145.0079428, -37.9591564], [145.0102032, -37.9629502], [145.0330845, -37.9635704], [145.0399515, -37.9600438]]]}}, {"type": "Feature", "properties": {"level": "primary", "school": "Springvale Rise Primary School", "year_level": "P6", "boundary_year": 2026}, "geometry": {"type": "Polygon", "coordinates": [[[145.1662436, -37.9539281], [145.1668927, -37.9490684], [145.1479045, -37.9432686], [145.1416633, -37.9499441], [145.1492654, -37.9594002], [145.1662436, -37.9539281]]]}}, {"type": "Feature", "properties": {"level": "primary", "school": "Silvan Primary School", "year_level": "P6", "boundary_year": 2026}, "geometry": {"type": "Polygon", "coordinates": [[[145.4975832, -37.8315117], [145.4944043, -37.8267973], [145.4878103, -37.8232734], [145.4126743, -37.8031429], [145.3899716, -37.8169348], [145.3937127, -37.8395947], [145.4017546, -37.8488556], [145.4596173, -37.8564391], [145.4716737, -37.8450293], [145.4975832, -37.8315117]]]}}, {"type": "Feature", "properties": {"level": "primary", "school": "Clayton South Primary School", "year_level": "P6", "boundary_year": 2026}, "geometry": {"type": "Polygon", "coordinates": [[[145.1100269, -37.96283], [145.1155761, -37.9594211], [145.1245314, -37.9523704], [145.1280648, -37.927375], [145.1212718, -37.926446], [145.0915693, -37.9451248], [145.1085718, -37.9629873], [145.1100269, -37.96283]]]}}, {"type": "Feature", "properties": {"level": "primary", "school": "Southmoor Primary School", "year_level": "P6", "boundary_year": 2026}, "geometry": {"type": "Polygon", "coordinates": [[[145.0709807, -37.946955], [145.0612005, -37.9355038], [145.0602864, -37.9344331], [145.0592627, -37.9332344], [145.0481292, -37.9396686], [145.0492788, -37.9545447], [145.0511338, -37.9546439], [145.0709807, -37.946955]]]}}, {"type": "Feature", "properties": {"level": "primary", "school": "Westall Primary School", "year_level": "P6", "boundary_year": 2026}, "geometry": {"type": "Polygon", "coordinates": [[[145.1416633, -37.9499441], [145.1479045, -37.9432686], [145.1438591, -37.9230892], [145.1280648, -37.927375], [145.1245314, -37.9523704], [145.1416633, -37.9499441]]]}}, {"type": "Feature", "properties": {"level": "primary", "school": "Springvale Rise Primary School", "year_level": "P6", "boundary_year": 2026}, "geometry": {"type": "Polygon", "coordinates": [[[145.1734241, -37.9434453], [145.1740841, -37.9400198], [145.1494928, -37.9208354], [145.1474349, -37.9201001], [145.1438591, -37.9230892], [145.1479045, -37.9432686], [145.1668927, -37.9490684], [145.1734241, -37.9434453]]]}}, {"type": "Feature", "properties": {"level": "primary", "school": "Carwatha College P-12", "year_level": "P6", "boundary_year": 2026}, "geometry": {"type": "Polygon", "coordinates": [[[145.2006076, -37.9420354], [145.1843185, -37.9331157], [145.1740841, -37.9400198], [145.1734241, -37.9434453], [145.1843575, -37.948668], [145.2006076, -37.9420354]]]}}, {"type": "Feature", "properties": {"level": "primary", "school": "Rosewood Downs Primary School", "year_level": "P6", "boundary_year": 2026}, "geometry": {"type": "Polygon", "coordinates": [[[145.2342354, -37.9499993], [145.225039, -37.9333456], [145.2172084, -37.9278632], [145.2013861, -37.9421692], [145.2057633, -37.9532084], [145.2342354, -37.9499993]]]}}, {"type": "Feature", "properties": {"level": "primary", "school": "Heany Park Primary School", "year_level": "P6", "boundary_year": 2026}, "geometry": {"type": "Polygon", "coordinates": [[[145.2557666, -37.9509428], [145.273712, -37.9428307], [145.2509599, -37.9248126], [145.225039, -37.9333456], [145.2342354, -37.9499993], [145.2380876, -37.9524341], [145.2557666, -37.9509428]]]}}, {"type": "Feature", "properties": {"level": "primary", "school": "Mulgrave Primary School", "year_level": "P6", "boundary_year": 2026}, "geometry": {"type": "Polygon", "coordinates": [[[145.2172084, -37.9278632], [145.2125427, -37.9162499], [145.2063635, -37.916832], [145.1826294, -37.9275161], [145.1853556, -37.9298131], [145.1843185, -37.9331157], [145.2006076, -37.9420354], [145.2013861, -37.9421692], [145.2172084, -37.9278632]]]}}, {"type": "Feature", "properties": {"level": "primary", "school": "Sandringham Primary School", "year_level": "P6", "boundary_year": 2026}, "geometry": {"type": "Polygon", "coordinates": [[[145.024341, -37.9444634], [145.0230803, -37.9402022], [145.0219881, -37.9365047], [144.9980488, -37.9426522], [144.9941275, -37.9436848], [144.9938636, -37.944201], [144.9954308, -37.9466037], [145.0079428, -37.9591564], [145.024341, -37.9444634]]]}}, {"type": "Feature", "properties": {"level": "primary", "school": "Belgrave South Primary School", "year_level": "P6", "boundary_year": 2026}, "geometry": {"type": "Polygon", "coordinates": [[[145.3964178, -37.9577087], [145.3769267, -37.9256439], [145.3532997, -37.9184495], [145.3424459, -37.9221009], [145.3205428, -37.9457351], [145.3596735, -37.9669616], [145.3763088, -37.9688667], [145.3964178, -37.9577087]]]}}, {"type": "Feature", "properties": {"level": "primary", "school": "Clarinda Primary School", "year_level": "P6", "boundary_year": 2026}, "geometry": {"type": "Polygon", "coordinates": [[[145.1212718, -37.926446], [145.1131567, -37.919767], [145.103062, -37.9200238], [145.0880999, -37.9361366], [145.0899342, -37.9412699], [145.0912674, -37.9449996], [145.0915693, -37.9451248], [145.1212718, -37.926446]]]}}, {"type": "Feature", "properties": {"level": "primary", "school": "Albany Rise Primary School", "year_level": "P6", "boundary_year": 2026}, "geometry": {"type": "Polygon", "coordinates": [[[145.1843185, -37.9331157], [145.1853556, -37.9298131], [145.1826294, -37.9275161], [145.1781909, -37.924173], [145.1746413, -37.9212466], [145.1494928, -37.9208354], [145.1740841, -37.9400198], [145.1843185, -37.9331157]]]}}, {"type": "Feature", "properties": {"level": "primary", "school": "Menzies Creek Primary School", "year_level": "P6", "boundary_year": 2026}, "geometry": {"type": "Polygon", "coordinates": [[[145.4016328, -37.9568498], [145.4297317, -37.9039065], [145.4285678, -37.9036177], [145.3841239, -37.9052232], [145.3769267, -37.9256439], [145.3964178, -37.9577087], [145.4016328, -37.9568498]]]}}, {"type": "Feature", "properties": {"level": "primary", "school": "Emerald Primary School", "year_level": "P6", "boundary_year": 2026}, "geometry": {"type": "Polygon", "coordinates": [[[145.4726401, -37.9181032], [145.4371369, -37.9012606], [145.4297317, -37.9039065], [145.4016328, -37.9568498], [145.4627537, -37.9739393], [145.4726401, -37.9181032]]]}}, {"type": "Feature", "properties": {"level": "primary", "school": "Oakleigh South Primary School", "year_level": "P6", "boundary_year": 2026}, "geometry": {"type": "Polygon", "coordinates": [[[145.103062, -37.9200238], [145.088616, -37.912423], [145.0852103, -37.9146518], [145.0828471, -37.9293653], [145.0851334, -37.9323125], [145.0880999, -37.9361366], [145.103062, -37.9200238]]]}}, {"type": "Feature", "properties": {"level": "primary", "school": "Rowville Primary School", "year_level": "P6", "boundary_year": 2026}, "geometry": {"type": "Polygon", "coordinates": [[[145.2509599, -37.9248126], [145.2471153, -37.9112501], [145.2430207, -37.9074277], [145.2399291, -37.90685], [145.215692, -37.9118937], [145.2125427, -37.9162499], [145.2172084, -37.9278632], [145.225039, -37.9333456], [145.2509599, -37.9248126]]]}}, {"type": "Feature", "properties": {"level": "primary", "school": "Park Ridge Primary School", "year_level": "P6", "boundary_year": 2026}, "geometry": {"type": "Polygon", "coordinates": [[[145.2904302, -37.9417257], [145.2669987, -37.9120312], [145.2471153, -37.9112501], [145.2509599, -37.9248126], [145.273712, -37.9428307], [145.2904302, -37.9417257]]]}}, {"type": "Feature", "properties": {"level": "primary", "school": "Waverley Meadows Primary School", "year_level": "P6", "boundary_year": 2026}, "geometry": {"type": "Polygon", "coordinates": [[[145.2063635, -37.916832], [145.1837933, -37.906639], [145.179174, -37.9079687], [145.1781909, -37.924173], [145.1826294, -37.9275161], [145.2063635, -37.916832]]]}}, {"type": "Feature", "properties": {"level": "primary", "school": "Clayton North Primary School", "year_level": "P6", "boundary_year": 2026}, "geometry": {"type": "Polygon", "coordinates": [[[145.1438591, -37.9230892], [145.1474349, -37.9201001], [145.148184, -37.9100939], [145.1480367, -37.9098192], [145.1268188, -37.8978138], [145.1121826, -37.9087887], [145.1131567, -37.919767], [145.1212718, -37.926446], [145.1280648, -37.927375], [145.1438591, -37.9230892]]]}}, {"type": "Feature", "properties": {"level": "primary", "school": "Huntingdale Primary School", "year_level": "P6", "boundary_year": 2026}, "geometry": {"type": "Polygon", "coordinates": [[[145.1131567, -37.919767], [145.1121826, -37.9087887], [145.0958283, -37.903616], [145.0918656, -37.9054552], [145.088616, -37.912423], [145.103062, -37.9200238], [145.1131567, -37.919767]]]}}, {"type": "Feature", "properties": {"level": "primary", "school": "Upwey South Primary School", "year_level": "P6", "boundary_year": 2026}, "geometry": {"type": "Polygon", "coordinates": [[[145.3424459, -37.9221009], [145.335991, -37.9102507], [145.3202564, -37.9045175], [145.3015075, -37.9129153], [145.3000652, -37.9426291], [145.3020764, -37.943979], [145.3205428, -37.9457351], [145.3424459, -37.9221009]]]}}, {"type": "Feature", "properties": {"level": "primary", "school": "Lysterfield Primary School", "year_level": "P6", "boundary_year": 2026}, "geometry": {"type": "Polygon", "coordinates": [[[145.3015075, -37.9129153], [145.2901471, -37.8959276], [145.277934, -37.8978593], [145.2669987, -37.9120312], [145.2904302, -37.9417257], [145.3000652, -37.9426291], [145.3015075, -37.9129153]]]}}, {"type": "Feature", "properties": {"level": "primary", "school": "Riverwalk Primary School", "year_level": "P6", "boundary_year": 2026}, "geometry": {"type": "Polygon", "coordinates": [[[144.5997996, -38.0022984], [144.6002718, -38.0034208], [144.6089643, -38.0022313], [144.6233113, -38.0008771], [144.6331201, -38.0024144], [144.6507613, -38.0021215], [144.655181, -37.998672], [144.6771136, -37.9833824], [144.6882398, -37.9748911], [144.6877674, -37.9738752], [144.684371, -37.9728198], [144.6783063, -37.9738762], [144.6713489, -37.9724273], [144.6680956, -37.9675614], [144.6674063, -37.9616894], [144.6683565, -37.9595765], [144.6688684, -37.9543933], [144.6640697, -37.9503276], [144.6644638, -37.9476764], [144.6697777, -37.9444433], [144.6701254, -37.9423585], [144.6708461, -37.9410495], [144.6720551, -37.9399206], [144.67204, -37.9389967], [144.671496, -37.9386974], [144.6687821, -37.9397773], [144.6677991, -37.9408771], [144.6678281, -37.9428141], [144.6669587, -37.9437652], [144.6657376, -37.9433745], [144.6650832, -37.9424637], [144.6637995, -37.9391975], [144.6635384, -37.9376696], [144.6634776, -37.9365445], [144.6631993, -37.9356499], [144.6625294, -37.9350372], [144.6611505, -37.9342362], [144.6610778, -37.933707], [144.6613431, -37.9332237], [144.6618721, -37.9327633], [144.6623329, -37.9327421], [144.6628305, -37.9329671], [144.6638302, -37.9323144], [144.6647374, -37.9313634], [144.665624, -37.9308144], [144.6671608, -37.9295302], [144.6677395, -37.9287794], [144.6681598, -37.9273353], [144.6681635, -37.926486], [144.6679706, -37.9258941], [144.6676598, -37.9255608], [144.6669091, -37.9251863], [144.6660442, -37.9250798], [144.6644447, -37.9252689], [144.6632039, -37.9251611], [144.6620865, -37.9247409], [144.6591914, -37.9226809], [144.6574532, -37.919975], [144.6564492, -37.9203241], [144.6464408, -37.9117193], [144.6284533, -37.912635], [144.5877276, -37.9784098], [144.5997996, -38.0022984]]]}}, {"type": "Feature", "properties": {"level": "primary", "school": "Tecoma Primary School", "year_level": "P6", "boundary_year": 2026}, "geometry": {"type": "Polygon", "coordinates": [[[145.3532997, -37.9184495], [145.3598336, -37.8977292], [145.352069, -37.8921374], [145.3446002, -37.8942403], [145.335991, -37.9102507], [145.3424459, -37.9221009], [145.3532997, -37.9184495]]]}}, {"type": "Feature", "properties": {"level": "primary", "school": "Selby Primary School", "year_level": "P6", "boundary_year": 2026}, "geometry": {"type": "Polygon", "coordinates": [[[145.3841239, -37.9052232], [145.376333, -37.8987068], [145.3598336, -37.8977292], [145.3532997, -37.9184495], [145.3769267, -37.9256439], [145.3841239, -37.9052232]]]}}, {"type": "Feature", "properties": {"level": "primary", "school": "Brandon Park Primary School", "year_level": "P6", "boundary_year": 2026}, "geometry": {"type": "Polygon", "coordinates": [[[145.179174, -37.9079687], [145.168678, -37.9059441], [145.148184, -37.9100939], [145.1474349, -37.9201001], [145.1494928, -37.9208354], [145.1746413, -37.9212466], [145.1781909, -37.924173], [145.179174, -37.9079687]]]}}, {"type": "Feature", "properties": {"level": "primary", "school": "Wheelers Hill Primary School", "year_level": "P6", "boundary_year": 2026}, "geometry": {"type": "Polygon", "coordinates": [[[145.1837933, -37.906639], [145.1877952, -37.8922641], [145.1761828, -37.8917357], [145.168678, -37.9059441], [145.179174, -37.9079687], [145.1837933, -37.906639]]]}}, {"type": "Feature", "properties": {"level": "primary", "school": "Jells Park Primary School", "year_level": "P6", "boundary_year": 2026}, "geometry": {"type": "Polygon", "coordinates": [[[145.2125427, -37.9162499], [145.215692, -37.9118937], [145.2048965, -37.8854645], [145.2042636, -37.8847555], [145.1877952, -37.8922641], [145.1837933, -37.906639], [145.2063635, -37.916832], [145.2125427, -37.9162499]]]}}, {"type": "Feature", "properties": {"level": "primary", "school": "Werribee Primary School", "year_level": "P6", "boundary_year": 2026}, "geometry": {"type": "Polygon", "coordinates": [[[144.6564492, -37.9203241], [144.6574532, -37.919975], [144.6812596, -37.9119355], [144.6902773, -37.9088264], [144.6863967, -37.9053992], [144.6617467, -37.8928672], [144.6491469, -37.9020399], [144.6464408, -37.9117193], [144.6564492, -37.9203241]]]}}, {"type": "Feature", "properties": {"level": "primary", "school": "Alamanda K-9 College", "year_level": "P6", "boundary_year": 2026}, "geometry": {"type": "Polygon", "coordinates": [[[144.7236789, -37.9190441], [144.7201459, -37.9569965], [144.721857, -37.9553833], [144.7329467, -37.9468007], [144.73668, -37.9429211], [144.7465572, -37.9394759], [144.7466386, -37.9391255], [144.750962, -37.9147501], [144.7529217, -37.9036964], [144.7378177, -37.9004794], [144.7236789, -37.9190441]]]}}, {"type": "Feature", "properties": {"level": "primary", "school": "Karoo Primary School", "year_level": "P6", "boundary_year": 2026}, "geometry": {"type": "Polygon", "coordinates": [[[145.277934, -37.8978593], [145.2612745, -37.8944343], [145.2600681, -37.8944531], [145.2430207, -37.9074277], [145.2471153, -37.9112501], [145.2669987, -37.9120312], [145.277934, -37.8978593]]]}}, {"type": "Feature", "properties": {"level": "primary", "school": "Thomas Chirnside Primary School", "year_level": "P6", "boundary_year": 2026}, "geometry": {"type": "Polygon", "coordinates": [[[144.6464408, -37.9117193], [144.6491469, -37.9020399], [144.6365857, -37.8968572], [144.6251056, -37.9060128], [144.6284533, -37.912635], [144.6464408, -37.9117193]]]}}, {"type": "Feature", "properties": {"level": "primary", "school": "Upwey Primary School", "year_level": "P6", "boundary_year": 2026}, "geometry": {"type": "Polygon", "coordinates": [[[145.3446002, -37.8942403], [145.3273878, -37.893127], [145.3202564, -37.9045175], [145.335991, -37.9102507], [145.3446002, -37.8942403]]]}}, {"type": "Feature", "properties": {"level": "primary", "school": "Wyndham Vale Primary School", "year_level": "P6", "boundary_year": 2026}, "geometry": {"type": "Polygon", "coordinates": [[[144.6009997, -37.904894], [144.6189184, -37.9021146], [144.6193131, -37.8870965], [144.6118096, -37.8831893], [144.6065574, -37.8843493], [144.6054612, -37.888221], [144.6043298, -37.8918982], [144.6014959, -37.8916137], [144.5826437, -37.9077383], [144.5815183, -37.9082236], [144.6000264, -37.9102404], [144.6009997, -37.904894]]]}}, {"type": "Feature", "properties": {"level": "primary", "school": "Manor Lakes P-12 College", "year_level": "P6", "boundary_year": 2026}, "geometry": {"type": "Polygon", "coordinates": [[[144.6118096, -37.8831893], [144.6178232, -37.8551469], [144.6128643, -37.8485935], [144.607779, -37.8453888], [144.5891425, -37.8764779], [144.6022395, -37.8805503], [144.6033736, -37.8824561], [144.6036392, -37.8828508], [144.6041885, -37.8831253], [144.6055328, -37.8834025], [144.6068305, -37.8833855], [144.6065574, -37.8843493], [144.6118096, -37.8831893]]]}}, {"type": "Feature", "properties": {"level": "primary", "school": "Upper Ferntree Gully Primary School", "year_level": "P6", "boundary_year": 2026}, "geometry": {"type": "Polygon", "coordinates": [[[145.3202564, -37.9045175], [145.3273878, -37.893127], [145.3164911, -37.8808695], [145.2914967, -37.8921078], [145.2901471, -37.8959276], [145.3015075, -37.9129153], [145.3202564, -37.9045175]]]}}, {"type": "Feature", "properties": {"level": "primary", "school": "Oakleigh Primary School", "year_level": "P6", "boundary_year": 2026}, "geometry": {"type": "Polygon", "coordinates": [[[145.0958283, -37.903616], [145.1007137, -37.8930336], [145.0971909, -37.8836438], [145.0803985, -37.8891018], [145.0756589, -37.8956271], [145.0793835, -37.8978861], [145.0918656, -37.9054552], [145.0958283, -37.903616]]]}}, {"type": "Feature", "properties": {"level": "primary", "school": "Amsleigh Park Primary School", "year_level": "P6", "boundary_year": 2026}, "geometry": {"type": "Polygon", "coordinates": [[[145.1268188, -37.8978138], [145.1266305, -37.8974256], [145.1007137, -37.8930336], [145.0958283, -37.903616], [145.1121826, -37.9087887], [145.1268188, -37.8978138]]]}}, {"type": "Feature", "properties": {"level": "primary", "school": "Featherbrook P-9 College", "year_level": "P6", "boundary_year": 2026}, "geometry": {"type": "Polygon", "coordinates": [[[144.7378177, -37.9004794], [144.7350219, -37.8955318], [144.7276555, -37.8973193], [144.7222468, -37.8967439], [144.7219576, -37.8984782], [144.7219452, -37.8989817], [144.7216371, -37.9006647], [144.7214072, -37.9014091], [144.720932, -37.9042701], [144.7229349, -37.904511], [144.7237157, -37.9047052], [144.7235903, -37.9054242], [144.7232218, -37.9075878], [144.7232229, -37.9078403], [144.7225761, -37.9115526], [144.7236789, -37.9190441], [144.7378177, -37.9004794]]]}}, {"type": "Feature", "properties": {"level": "primary", "school": "Iramoo Primary School", "year_level": "P6", "boundary_year": 2026}, "geometry": {"type": "Polygon", "coordinates": [[[144.6365857, -37.8968572], [144.6344408, -37.8854578], [144.6193131, -37.8870965], [144.6189184, -37.9021146], [144.6251056, -37.9060128], [144.6365857, -37.8968572]]]}}, {"type": "Feature", "properties": {"level": "primary", "school": "Manorvale Primary School", "year_level": "P6", "boundary_year": 2026}, "geometry": {"type": "Polygon", "coordinates": [[[144.6617467, -37.8928672], [144.6615903, -37.8925181], [144.6421663, -37.8802553], [144.6344408, -37.8854578], [144.6365857, -37.8968572], [144.6491469, -37.9020399], [144.6617467, -37.8928672]]]}}, {"type": "Feature", "properties": {"level": "primary", "school": "Scoresby Primary School", "year_level": "P6", "boundary_year": 2026}, "geometry": {"type": "Polygon", "coordinates": [[[145.2399291, -37.90685], [145.2362206, -37.8889757], [145.2048965, -37.8854645], [145.215692, -37.9118937], [145.2399291, -37.90685]]]}}, {"type": "Feature", "properties": {"level": "primary", "school": "Darrang Primary School", "year_level": "P6", "boundary_year": 2026}, "geometry": {"type": "Polygon", "coordinates": [[[145.2600681, -37.8944531], [145.2572066, -37.8907968], [145.240372, -37.8841805], [145.2362206, -37.8889757], [145.2399291, -37.90685], [145.2430207, -37.9074277], [145.2600681, -37.8944531]]]}}, {"type": "Feature", "properties": {"level": "primary", "school": "Glen Waverley South Primary School", "year_level": "P6", "boundary_year": 2026}, "geometry": {"type": "Polygon", "coordinates": [[[145.168678, -37.9059441], [145.1761828, -37.8917357], [145.1648726, -37.8857891], [145.1582437, -37.8857936], [145.1480367, -37.9098192], [145.148184, -37.9100939], [145.168678, -37.9059441]]]}}, {"type": "Feature", "properties": {"level": "primary", "school": "Carranballac P-9 College", "year_level": "P6", "boundary_year": 2026}, "geometry": {"type": "Polygon", "coordinates": [[[144.7378177, -37.9004794], [144.7529217, -37.9036964], [144.7535288, -37.9002822], [144.7586934, -37.9008813], [144.7608315, -37.9010879], [144.7611828, -37.9010777], [144.7664696, -37.8991358], [144.770208, -37.8976043], [144.771125, -37.8968942], [144.7720751, -37.8961504], [144.7731598, -37.8957062], [144.7738623, -37.8956185], [144.7744096, -37.895461], [144.7754373, -37.8952312], [144.7763309, -37.8951098], [144.7773948, -37.8950995], [144.7805302, -37.8951816], [144.7805637, -37.8940728], [144.7796744, -37.8930576], [144.7771044, -37.8916932], [144.7764624, -37.8899784], [144.7753758, -37.8880284], [144.7739921, -37.8865853], [144.7733984, -37.8855317], [144.7720645, -37.8848689], [144.7706804, -37.8843616], [144.7705568, -37.8843162], [144.7647065, -37.8898289], [144.7575321, -37.8896643], [144.7546685, -37.8883276], [144.7354448, -37.8913773], [144.7350219, -37.8955318], [144.7378177, -37.9004794]]]}}, {"type": "Feature", "properties": {"level": "primary", "school": "Saltwater P-9 College", "year_level": "P6", "boundary_year": 2026}, "geometry": {"type": "Polygon", "coordinates": [[[144.7529217, -37.9036964], [144.750962, -37.9147501], [144.7466386, -37.9391256], [144.7465572, -37.939476], [144.7523309, -37.9394393], [144.7543625, -37.9391558], [144.757931, -37.9382865], [144.7611105, -37.9374859], [144.7661796, -37.9340456], [144.7730056, -37.9298182], [144.7743507, -37.9292966], [144.7756796, -37.9289136], [144.7792002, -37.9281941], [144.7847846, -37.9279059], [144.7874762, -37.9285235], [144.7912094, -37.928496], [144.7939545, -37.9278098], [144.7942976, -37.9275079], [144.7947779, -37.9267942], [144.7953395, -37.9260902], [144.795824, -37.9253414], [144.7957934, -37.9244197], [144.7970426, -37.9236374], [144.7982365, -37.9235275], [144.7989641, -37.9234726], [144.7993484, -37.9231981], [144.7991426, -37.9221963], [144.7988267, -37.9213865], [144.7984784, -37.9171654], [144.7983204, -37.9133516], [144.7981515, -37.9092769], [144.7998652, -37.9044864], [144.801622, -37.9009728], [144.8025794, -37.8983835], [144.8009953, -37.8985493], [144.7985011, -37.89922], [144.7967219, -37.8995711], [144.7940536, -37.8990251], [144.7914353, -37.8985177], [144.7882228, -37.8991429], [144.7858019, -37.9], [144.7841716, -37.8999609], [144.7814031, -37.8994929], [144.7803657, -37.898479], [144.7804645, -37.8973486], [144.7805302, -37.8951816], [144.7773948, -37.8950995], [144.7763309, -37.8951098], [144.7754373, -37.8952312], [144.7744096, -37.895461], [144.7738623, -37.8956185], [144.7731598, -37.8957062], [144.7720751, -37.8961504], [144.771125, -37.8968942], [144.770208, -37.8976043], [144.7664696, -37.8991358], [144.7611828, -37.9010777], [144.7608315, -37.9010879], [144.7586934, -37.9008813], [144.7535288, -37.9002822], [144.7529217, -37.9036964]]]}}, {"type": "Feature", "properties": {"level": "primary", "school": "Murrumbeena Primary School", "year_level": "P6", "boundary_year": 2026}, "geometry": {"type": "Polygon", "coordinates": [[[145.0803985, -37.8891018], [145.0731605, -37.8798849], [145.0640009, -37.8788081], [145.0594156, -37.8818034], [145.0666853, -37.8976982], [145.0721601, -37.8964347], [145.0756589, -37.8956271], [145.0803985, -37.8891018]]]}}, {"type": "Feature", "properties": {"level": "primary", "school": "Carnegie Primary School", "year_level": "P6", "boundary_year": 2026}, "geometry": {"type": "Polygon", "coordinates": [[[145.0594156, -37.8818034], [145.0466074, -37.8810992], [145.0445063, -37.8822055], [145.0479476, -37.8881056], [145.0545654, -37.8994504], [145.0598255, -37.8997768], [145.0642406, -37.9000503], [145.0648517, -37.8994607], [145.0649179, -37.8993985], [145.0652042, -37.8991226], [145.0657641, -37.8985845], [145.0661707, -37.8981931], [145.0666853, -37.8976982], [145.0594156, -37.8818034]]]}}, {"type": "Feature", "properties": {"level": "primary", "school": "The Patch Primary School", "year_level": "P6", "boundary_year": 2026}, "geometry": {"type": "Polygon", "coordinates": [[[145.4285678, -37.9036177], [145.388291, -37.8753115], [145.376333, -37.8987068], [145.3841239, -37.9052232], [145.4285678, -37.9036177]]]}}, {"type": "Feature", "properties": {"level": "primary", "school": "Elsternwick Primary School", "year_level": "P6", "boundary_year": 2026}, "geometry": {"type": "Polygon", "coordinates": [[[144.9834726, -37.9036079], [145.0020716, -37.9014837], [145.0098836, -37.8949223], [145.007512, -37.8848506], [144.9996852, -37.8825803], [144.984154, -37.8913684], [144.9853656, -37.8926316], [144.983149, -37.9013528], [144.9834726, -37.9036079]]]}}, {"type": "Feature", "properties": {"level": "primary", "school": "Caulfield Primary School", "year_level": "P6", "boundary_year": 2026}, "geometry": {"type": "Polygon", "coordinates": [[[145.0098836, -37.8949223], [145.0199188, -37.896816], [145.0334998, -37.8840569], [145.0342556, -37.8833468], [145.0304394, -37.8806638], [145.014841, -37.8797216], [145.007512, -37.8848506], [145.0098836, -37.8949223]]]}}, {"type": "Feature", "properties": {"level": "primary", "school": "Woodville Primary School", "year_level": "P6", "boundary_year": 2026}, "geometry": {"type": "Polygon", "coordinates": [[[144.6936889, -37.9076175], [144.7041345, -37.9004623], [144.7070856, -37.8982123], [144.7079371, -37.8968586], [144.7099989, -37.8912093], [144.7097827, -37.8887356], [144.7093775, -37.8856273], [144.7090946, -37.8809028], [144.705329, -37.8816117], [144.6836133, -37.8754892], [144.682892, -37.8759198], [144.6863967, -37.9053992], [144.6902773, -37.9088264], [144.6936889, -37.9076175]]]}}, {"type": "Feature", "properties": {"level": "primary", "school": "Mountain Gate Primary School", "year_level": "P6", "boundary_year": 2026}, "geometry": {"type": "Polygon", "coordinates": [[[145.2901471, -37.8959276], [145.2914967, -37.8921078], [145.2897903, -37.8891846], [145.2693451, -37.878368], [145.2612745, -37.8944343], [145.277934, -37.8978593], [145.2901471, -37.8959276]]]}}, {"type": "Feature", "properties": {"level": "primary", "school": "Kent Park Primary School", "year_level": "P6", "boundary_year": 2026}, "geometry": {"type": "Polygon", "coordinates": [[[145.2612745, -37.8944343], [145.2693451, -37.878368], [145.2682226, -37.8769615], [145.2569206, -37.875905], [145.2572066, -37.8907968], [145.2600681, -37.8944531], [145.2612745, -37.8944343]]]}}, {"type": "Feature", "properties": {"level": "primary", "school": "Pinewood Primary School", "year_level": "P6", "boundary_year": 2026}, "geometry": {"type": "Polygon", "coordinates": [[[145.1582437, -37.8857936], [145.1578859, -37.8854263], [145.1344234, -37.8841423], [145.1268338, -37.8939595], [145.1266305, -37.8974256], [145.1268188, -37.8978138], [145.1480367, -37.9098192], [145.1582437, -37.8857936]]]}}, {"type": "Feature", "properties": {"level": "primary", "school": "Kallista Primary School", "year_level": "P6", "boundary_year": 2026}, "geometry": {"type": "Polygon", "coordinates": [[[145.388291, -37.8753115], [145.3860655, -37.8684731], [145.3712484, -37.8696424], [145.3526526, -37.8773379], [145.352069, -37.8921374], [145.3598336, -37.8977292], [145.376333, -37.8987068], [145.388291, -37.8753115]]]}}, {"type": "Feature", "properties": {"level": "primary", "school": "Mount Waverley Heights Primary School", "year_level": "P6", "boundary_year": 2026}, "geometry": {"type": "Polygon", "coordinates": [[[145.1268338, -37.8939595], [145.1088193, -37.8760044], [145.1000571, -37.8770509], [145.0971909, -37.8836438], [145.1007137, -37.8930336], [145.1266305, -37.8974256], [145.1268338, -37.8939595]]]}}, {"type": "Feature", "properties": {"level": "primary", "school": "Point Cook Prep - Year 9 College", "year_level": "P6", "boundary_year": 2026}, "geometry": {"type": "Polygon", "coordinates": [[[144.7350219, -37.8955318], [144.7354448, -37.8913773], [144.7240548, -37.8766485], [144.7090946, -37.8809028], [144.7093775, -37.8856273], [144.7097827, -37.8887356], [144.7099989, -37.8912093], [144.7079371, -37.8968586], [144.7070856, -37.8982123], [144.709416, -37.8984861], [144.7109202, -37.8984897], [144.7120584, -37.8978797], [144.7140473, -37.8961943], [144.7149299, -37.8959648], [144.7167465, -37.8961586], [144.7222468, -37.8967439], [144.7276555, -37.8973193], [144.7350219, -37.8955318]]]}}, {"type": "Feature", "properties": {"level": "primary", "school": "Ferny Creek Primary School", "year_level": "P6", "boundary_year": 2026}, "geometry": {"type": "Polygon", "coordinates": [[[145.352069, -37.8921374], [145.3526526, -37.8773379], [145.3280603, -37.8637711], [145.3267967, -37.8670005], [145.3226639, -37.8663419], [145.3164911, -37.8808695], [145.3273878, -37.893127], [145.3446002, -37.8942403], [145.352069, -37.8921374]]]}}, {"type": "Feature", "properties": {"level": "primary", "school": "Mount View Primary School", "year_level": "P6", "boundary_year": 2026}, "geometry": {"type": "Polygon", "coordinates": [[[145.2042636, -37.8847555], [145.2041166, -37.8808267], [145.1825398, -37.87415], [145.1784339, -37.8748923], [145.1648726, -37.8857891], [145.1761828, -37.8917357], [145.1877952, -37.8922641], [145.2042636, -37.8847555]]]}}, {"type": "Feature", "properties": {"level": "primary", "school": "Wyndham Park Primary School", "year_level": "P6", "boundary_year": 2026}, "geometry": {"type": "Polygon", "coordinates": [[[144.682892, -37.8759198], [144.6712579, -37.8762778], [144.6615903, -37.8925181], [144.6617467, -37.8928672], [144.6863967, -37.9053992], [144.682892, -37.8759198]]]}}, {"type": "Feature", "properties": {"level": "primary", "school": "Carranballac P-9 College", "year_level": "P6", "boundary_year": 2026}, "geometry": {"type": "Polygon", "coordinates": [[[144.7546685, -37.8883276], [144.7429974, -37.8699548], [144.7243552, -37.8765627], [144.724344, -37.8765465], [144.7240548, -37.8766485], [144.7354448, -37.8913773], [144.7546685, -37.8883276]]]}}, {"type": "Feature", "properties": {"level": "primary", "school": "Seabrook Primary School", "year_level": "P6", "boundary_year": 2026}, "geometry": {"type": "Polygon", "coordinates": [[[144.7546685, -37.8883276], [144.7575321, -37.8896643], [144.7647065, -37.8898289], [144.7705568, -37.8843162], [144.7706804, -37.8843616], [144.7729949, -37.8794096], [144.7637143, -37.8668745], [144.7493239, -37.8609943], [144.7429974, -37.8699548], [144.7546685, -37.8883276]]]}}, {"type": "Feature", "properties": {"level": "primary", "school": "Knox Gardens Primary School", "year_level": "P6", "boundary_year": 2026}, "geometry": {"type": "Polygon", "coordinates": [[[145.240372, -37.8841805], [145.2406825, -37.8810139], [145.2201469, -37.8707513], [145.2187111, -37.8706369], [145.2086587, -37.8738091], [145.2041166, -37.8808267], [145.2042636, -37.8847555], [145.2048965, -37.8854645], [145.2362206, -37.8889757], [145.240372, -37.8841805]]]}}, {"type": "Feature", "properties": {"level": "primary", "school": "Knox Park Primary School", "year_level": "P6", "boundary_year": 2026}, "geometry": {"type": "Polygon", "coordinates": [[[145.2569206, -37.875905], [145.2513204, -37.8725435], [145.2406825, -37.8810139], [145.240372, -37.8841805], [145.2572066, -37.8907968], [145.2569206, -37.875905]]]}}, {"type": "Feature", "properties": {"level": "primary", "school": "Mount Waverley Primary School", "year_level": "P6", "boundary_year": 2026}, "geometry": {"type": "Polygon", "coordinates": [[[145.1344234, -37.8841423], [145.1327004, -37.8746163], [145.1270868, -37.8700255], [145.1110159, -37.8747094], [145.1088193, -37.8760044], [145.1268338, -37.8939595], [145.1344234, -37.8841423]]]}}, {"type": "Feature", "properties": {"level": "primary", "school": "Ripponlea Primary School", "year_level": "P6", "boundary_year": 2026}, "geometry": {"type": "Polygon", "coordinates": [[[145.014841, -37.8797216], [145.0108613, -37.8631997], [145.0096929, -37.8627828], [144.9997579, -37.8661619], [144.9954282, -37.8761094], [144.9996852, -37.8825803], [145.007512, -37.8848506], [145.014841, -37.8797216]]]}}, {"type": "Feature", "properties": {"level": "primary", "school": "Monbulk Primary School", "year_level": "P6", "boundary_year": 2026}, "geometry": {"type": "Polygon", "coordinates": [[[145.4371369, -37.9012606], [145.455944, -37.8718583], [145.4596173, -37.8564391], [145.4017546, -37.8488556], [145.3860655, -37.8684731], [145.388291, -37.8753115], [145.4285678, -37.9036177], [145.4297317, -37.9039065], [145.4371369, -37.9012606]]]}}, {"type": "Feature", "properties": {"level": "primary", "school": "Malvern Valley Primary School", "year_level": "P6", "boundary_year": 2026}, "geometry": {"type": "Polygon", "coordinates": [[[145.0971909, -37.8836438], [145.1000571, -37.8770509], [145.0947895, -37.8723366], [145.0845363, -37.8715948], [145.0731605, -37.8798849], [145.0803985, -37.8891018], [145.0971909, -37.8836438]]]}}, {"type": "Feature", "properties": {"level": "primary", "school": "Ferntree Gully North Primary School", "year_level": "P6", "boundary_year": 2026}, "geometry": {"type": "Polygon", "coordinates": [[[145.3164911, -37.8808695], [145.3226639, -37.8663419], [145.3103278, -37.8641959], [145.3027969, -37.8650291], [145.28819, -37.8684559], [145.2897903, -37.8891846], [145.2914967, -37.8921078], [145.3164911, -37.8808695]]]}}, {"type": "Feature", "properties": {"level": "primary", "school": "Glen Waverley Primary School", "year_level": "P6", "boundary_year": 2026}, "geometry": {"type": "Polygon", "coordinates": [[[145.1784339, -37.8748923], [145.1665637, -37.8686114], [145.155335, -37.8765145], [145.1578859, -37.8854263], [145.1582437, -37.8857936], [145.1648726, -37.8857891], [145.1784339, -37.8748923]]]}}, {"type": "Feature", "properties": {"level": "primary", "school": "Syndal South Primary School", "year_level": "P6", "boundary_year": 2026}, "geometry": {"type": "Polygon", "coordinates": [[[145.155335, -37.8765145], [145.1506214, -37.8726337], [145.1327004, -37.8746163], [145.1344234, -37.8841423], [145.1578859, -37.8854263], [145.155335, -37.8765145]]]}}, {"type": "Feature", "properties": {"level": "primary", "school": "Elwood Primary School", "year_level": "P6", "boundary_year": 2026}, "geometry": {"type": "Polygon", "coordinates": [[[144.9996852, -37.8825803], [144.9954282, -37.8761094], [144.975179, -37.8753699], [144.9741372, -37.8753696], [144.9752494, -37.8820796], [144.984154, -37.8913684], [144.9996852, -37.8825803]]]}}, {"type": "Feature", "properties": {"level": "primary", "school": "Wattle View Primary School", "year_level": "P6", "boundary_year": 2026}, "geometry": {"type": "Polygon", "coordinates": [[[145.28819, -37.8684559], [145.2861263, -37.8673265], [145.2755774, -37.8671485], [145.2682226, -37.8769615], [145.2693451, -37.878368], [145.2897903, -37.8891846], [145.28819, -37.8684559]]]}}, {"type": "Feature", "properties": {"level": "primary", "school": "Malvern Primary School", "year_level": "P6", "boundary_year": 2026}, "geometry": {"type": "Polygon", "coordinates": [[[145.0466074, -37.8810992], [145.0480342, -37.8619005], [145.0296717, -37.8649058], [145.0304394, -37.8806638], [145.0342556, -37.8833468], [145.0368886, -37.8838821], [145.0445063, -37.8822055], [145.0466074, -37.8810992]]]}}, {"type": "Feature", "properties": {"level": "primary", "school": "Bellbridge Primary School", "year_level": "P6", "boundary_year": 2026}, "geometry": {"type": "Polygon", "coordinates": [[[144.7240548, -37.8766485], [144.724344, -37.8765465], [144.7097324, -37.8557019], [144.7019486, -37.8643007], [144.705329, -37.8816117], [144.7090946, -37.8809028], [144.7240548, -37.8766485]]]}}, {"type": "Feature", "properties": {"level": "primary", "school": "Lloyd Street Primary School", "year_level": "P6", "boundary_year": 2026}, "geometry": {"type": "Polygon", "coordinates": [[[145.0640009, -37.8788081], [145.0648138, -37.8684148], [145.0496187, -37.8605826], [145.0480342, -37.8619005], [145.0466074, -37.8810992], [145.0594156, -37.8818034], [145.0640009, -37.8788081]]]}}, {"type": "Feature", "properties": {"level": "primary", "school": "Solway Primary School", "year_level": "P6", "boundary_year": 2026}, "geometry": {"type": "Polygon", "coordinates": [[[145.0845363, -37.8715948], [145.0741599, -37.8652199], [145.0648138, -37.8684148], [145.0640009, -37.8788081], [145.0731605, -37.8798849], [145.0845363, -37.8715948]]]}}, {"type": "Feature", "properties": {"level": "primary", "school": "Caulfield Junior College", "year_level": "P6", "boundary_year": 2026}, "geometry": {"type": "Polygon", "coordinates": [[[145.0296717, -37.8649058], [145.0233018, -37.861714], [145.0108613, -37.8631997], [145.014841, -37.8797216], [145.0304394, -37.8806638], [145.0296717, -37.8649058]]]}}, {"type": "Feature", "properties": {"level": "primary", "school": "Fairhills Primary School", "year_level": "P6", "boundary_year": 2026}, "geometry": {"type": "Polygon", "coordinates": [[[145.2755774, -37.8671485], [145.2682982, -37.8614768], [145.2644442, -37.862046], [145.2511848, -37.8717456], [145.2513204, -37.8725435], [145.2569206, -37.875905], [145.2682226, -37.8769615], [145.2755774, -37.8671485]]]}}, {"type": "Feature", "properties": {"level": "primary", "school": "Westgrove Primary School", "year_level": "P6", "boundary_year": 2026}, "geometry": {"type": "Polygon", "coordinates": [[[144.6712579, -37.8762778], [144.6613468, -37.8672177], [144.6484375, -37.866964], [144.6431552, -37.8687281], [144.6421663, -37.8802553], [144.6615903, -37.8925181], [144.6712579, -37.8762778]]]}}, {"type": "Feature", "properties": {"level": "primary", "school": "Cambridge Primary School", "year_level": "P6", "boundary_year": 2026}, "geometry": {"type": "Polygon", "coordinates": [[[144.682892, -37.8759198], [144.6836133, -37.8754892], [144.6868111, -37.8680193], [144.6824033, -37.8623972], [144.6660642, -37.8632369], [144.6613468, -37.8672177], [144.6712579, -37.8762778], [144.682892, -37.8759198]]]}}, {"type": "Feature", "properties": {"level": "primary", "school": "Mossfiel Primary School", "year_level": "P6", "boundary_year": 2026}, "geometry": {"type": "Polygon", "coordinates": [[[144.7019486, -37.8643007], [144.6868111, -37.8680193], [144.6836133, -37.8754892], [144.705329, -37.8816117], [144.7019486, -37.8643007]]]}}, {"type": "Feature", "properties": {"level": "primary", "school": "Highvale Primary School", "year_level": "P6", "boundary_year": 2026}, "geometry": {"type": "Polygon", "coordinates": [[[145.1825398, -37.87415], [145.1805753, -37.8644376], [145.1665082, -37.8604243], [145.1665637, -37.8686114], [145.1784339, -37.8748923], [145.1825398, -37.87415]]]}}, {"type": "Feature", "properties": {"level": "primary", "school": "Mount Waverley North Primary School", "year_level": "P6", "boundary_year": 2026}, "geometry": {"type": "Polygon", "coordinates": [[[145.1506214, -37.8726337], [145.150122, -37.8666851], [145.1326188, -37.8527971], [145.1324497, -37.8527775], [145.1270868, -37.8700255], [145.1327004, -37.8746163], [145.1506214, -37.8726337]]]}}, {"type": "Feature", "properties": {"level": "primary", "school": "Glendal Primary School", "year_level": "P6", "boundary_year": 2026}, "geometry": {"type": "Polygon", "coordinates": [[[145.1665637, -37.8686114], [145.1665082, -37.8604243], [145.1646598, -37.8576941], [145.150122, -37.8666851], [145.1506214, -37.8726337], [145.155335, -37.8765145], [145.1665637, -37.8686114]]]}}, {"type": "Feature", "properties": {"level": "primary", "school": "Parkhill Primary School", "year_level": "P6", "boundary_year": 2026}, "geometry": {"type": "Polygon", "coordinates": [[[145.1088193, -37.8760044], [145.1110159, -37.8747094], [145.1115123, -37.849986], [145.0968964, -37.8542981], [145.0955719, -37.8555561], [145.0947895, -37.8723366], [145.1000571, -37.8770509], [145.1088193, -37.8760044]]]}}, {"type": "Feature", "properties": {"level": "primary", "school": "Wantirna South Primary School", "year_level": "P6", "boundary_year": 2026}, "geometry": {"type": "Polygon", "coordinates": [[[145.2513204, -37.8725435], [145.2511848, -37.8717456], [145.2435809, -37.8643336], [145.2201469, -37.8707513], [145.2406825, -37.8810139], [145.2513204, -37.8725435]]]}}, {"type": "Feature", "properties": {"level": "primary", "school": "Camelot Rise Primary School", "year_level": "P6", "boundary_year": 2026}, "geometry": {"type": "Polygon", "coordinates": [[[145.2086587, -37.8738091], [145.198695, -37.8538657], [145.1865061, -37.8582603], [145.1805753, -37.8644376], [145.1825398, -37.87415], [145.2041166, -37.8808267], [145.2086587, -37.8738091]]]}}, {"type": "Feature", "properties": {"level": "primary", "school": "Ashburton Primary School", "year_level": "P6", "boundary_year": 2026}, "geometry": {"type": "Polygon", "coordinates": [[[145.0955719, -37.8555561], [145.0757622, -37.8548134], [145.0741599, -37.8652199], [145.0845363, -37.8715948], [145.0947895, -37.8723366], [145.0955719, -37.8555561]]]}}, {"type": "Feature", "properties": {"level": "primary", "school": "Essex Heights Primary School", "year_level": "P6", "boundary_year": 2026}, "geometry": {"type": "Polygon", "coordinates": [[[145.1270868, -37.8700255], [145.1324497, -37.8527775], [145.1303658, -37.8509995], [145.1153803, -37.8478037], [145.1115123, -37.849986], [145.1110159, -37.8747094], [145.1270868, -37.8700255]]]}}, {"type": "Feature", "properties": {"level": "primary", "school": "Glen Iris Primary School", "year_level": "P6", "boundary_year": 2026}, "geometry": {"type": "Polygon", "coordinates": [[[145.0741599, -37.8652199], [145.0757622, -37.8548134], [145.0734886, -37.8526794], [145.0505545, -37.8564395], [145.0496187, -37.8605826], [145.0648138, -37.8684148], [145.0741599, -37.8652199]]]}}, {"type": "Feature", "properties": {"level": "primary", "school": "Dillbadin Primary School", "year_level": "P6", "boundary_year": 2026}, "geometry": {"type": "Polygon", "coordinates": [[[145.2755774, -37.8671485], [145.2861263, -37.8673265], [145.2856372, -37.8500737], [145.2779273, -37.8438344], [145.2729728, -37.847739], [145.2682982, -37.8614768], [145.2755774, -37.8671485]]]}}, {"type": "Feature", "properties": {"level": "primary", "school": "Boronia K-12 College", "year_level": "P6", "boundary_year": 2026}, "geometry": {"type": "Polygon", "coordinates": [[[145.3103278, -37.8641959], [145.2991485, -37.8520643], [145.2856372, -37.8500737], [145.2861263, -37.8673265], [145.28819, -37.8684559], [145.3027969, -37.8650291], [145.3103278, -37.8641959]]]}}, {"type": "Feature", "properties": {"level": "primary", "school": "St Kilda Primary School", "year_level": "P6", "boundary_year": 2026}, "geometry": {"type": "Polygon", "coordinates": [[[144.9997579, -37.8661619], [144.9823808, -37.8605249], [144.9817424, -37.8641178], [144.9813957, -37.8639151], [144.980654, -37.8631581], [144.9734369, -37.8673806], [144.9732892, -37.8674671], [144.9751271, -37.8703678], [144.9751386, -37.8714776], [144.9740136, -37.8717869], [144.9729686, -37.8715581], [144.9728981, -37.8724586], [144.9741372, -37.8753696], [144.975179, -37.8753699], [144.9954282, -37.8761094], [144.9997579, -37.8661619]]]}}, {"type": "Feature", "properties": {"level": "primary", "school": "Templeton Primary School", "year_level": "P6", "boundary_year": 2026}, "geometry": {"type": "Polygon", "coordinates": [[[145.2435809, -37.8643336], [145.243621, -37.8616792], [145.2262397, -37.8546998], [145.2187111, -37.8706369], [145.2201469, -37.8707513], [145.2435809, -37.8643336]]]}}, {"type": "Feature", "properties": {"level": "primary", "school": "Altona Meadows Primary School", "year_level": "P6", "boundary_year": 2026}, "geometry": {"type": "Polygon", "coordinates": [[[144.7729949, -37.8794096], [144.8014559, -37.8742796], [144.8014231, -37.8733775], [144.7963938, -37.8552224], [144.7637143, -37.8668745], [144.7729949, -37.8794096]]]}}, {"type": "Feature", "properties": {"level": "primary", "school": "Altona Green Primary School", "year_level": "P6", "boundary_year": 2026}, "geometry": {"type": "Polygon", "coordinates": [[[144.7706804, -37.8843616], [144.7720645, -37.8848689], [144.7733984, -37.8855317], [144.7739921, -37.8865853], [144.7753758, -37.8880284], [144.7764624, -37.8899784], [144.7771044, -37.8916932], [144.7796744, -37.8930576], [144.7805637, -37.8940728], [144.7805302, -37.8951816], [144.7804645, -37.8973486], [144.7803657, -37.898479], [144.7814031, -37.8994929], [144.7841716, -37.8999609], [144.7858019, -37.9], [144.7882228, -37.8991429], [144.7914353, -37.8985177], [144.7940536, -37.8990251], [144.7967219, -37.8995711], [144.7985011, -37.89922], [144.8009953, -37.8985493], [144.8025794, -37.8983835], [144.8087453, -37.8895948], [144.8089238, -37.8834597], [144.8083201, -37.8828355], [144.8014559, -37.8742796], [144.7729949, -37.8794096], [144.7706804, -37.8843616]]]}}, {"type": "Feature", "properties": {"level": "primary", "school": "Altona Primary School", "year_level": "P6", "boundary_year": 2026}, "geometry": {"type": "Polygon", "coordinates": [[[144.8014559, -37.8742796], [144.8083201, -37.8828355], [144.8089238, -37.8834597], [144.8091022, -37.8807834], [144.8150863, -37.8756503], [144.8236782, -37.8721092], [144.8334779, -37.8724797], [144.8331027, -37.8714482], [144.8296589, -37.8608197], [144.8014231, -37.8733775], [144.8014559, -37.8742796]]]}}, {"type": "Feature", "properties": {"level": "primary", "school": "Seaholme Primary School", "year_level": "P6", "boundary_year": 2026}, "geometry": {"type": "Polygon", "coordinates": [[[144.8609437, -37.8609998], [144.8516582, -37.8521164], [144.8392315, -37.8494596], [144.8318004, -37.8483737], [144.8296589, -37.8608197], [144.8331027, -37.8714482], [144.8334779, -37.8724797], [144.840052, -37.8723013], [144.8531456, -37.8657133], [144.8608044, -37.8660976], [144.86462, -37.8643957], [144.8609437, -37.8609998]]]}}, {"type": "Feature", "properties": {"level": "primary", "school": "Baden Powell P-9 College", "year_level": "P6", "boundary_year": 2026}, "geometry": {"type": "Polygon", "coordinates": [[[144.7019486, -37.8643007], [144.7097324, -37.8557019], [144.7101722, -37.8536622], [144.6845055, -37.8499304], [144.6824033, -37.8623972], [144.6868111, -37.8680193], [144.7019486, -37.8643007]]]}}, {"type": "Feature", "properties": {"level": "primary", "school": "Truganina South Primary School", "year_level": "P6", "boundary_year": 2026}, "geometry": {"type": "Polygon", "coordinates": [[[144.7429974, -37.8699548], [144.7493239, -37.8609943], [144.7485546, -37.8582743], [144.7215754, -37.8517763], [144.7102553, -37.8535884], [144.7101722, -37.8536622], [144.7097324, -37.8557019], [144.724344, -37.8765465], [144.7243552, -37.8765627], [144.7429974, -37.8699548]]]}}, {"type": "Feature", "properties": {"level": "primary", "school": "Wantirna Primary School", "year_level": "P6", "boundary_year": 2026}, "geometry": {"type": "Polygon", "coordinates": [[[145.2187111, -37.8706369], [145.2262397, -37.8546998], [145.2253396, -37.846652], [145.2160279, -37.8418046], [145.2103079, -37.8431797], [145.1990477, -37.8515036], [145.198695, -37.8538657], [145.2086587, -37.8738091], [145.2187111, -37.8706369]]]}}, {"type": "Feature", "properties": {"level": "primary", "school": "Davis Creek Primary School", "year_level": "P6", "boundary_year": 2026}, "geometry": {"type": "Polygon", "coordinates": [[[144.6660642, -37.8632369], [144.6699672, -37.8472667], [144.6563752, -37.8448423], [144.6484375, -37.866964], [144.6613468, -37.8672177], [144.6660642, -37.8632369]]]}}, {"type": "Feature", "properties": {"level": "primary", "school": "The Grange P-12 College", "year_level": "P6", "boundary_year": 2026}, "geometry": {"type": "Polygon", "coordinates": [[[144.6824033, -37.8623972], [144.6845055, -37.8499304], [144.6828646, -37.8486053], [144.6713654, -37.846901], [144.6699672, -37.8472667], [144.6660642, -37.8632369], [144.6824033, -37.8623972]]]}}, {"type": "Feature", "properties": {"level": "primary", "school": "Knox Central Primary School", "year_level": "P6", "boundary_year": 2026}, "geometry": {"type": "Polygon", "coordinates": [[[145.2644442, -37.862046], [145.2536601, -37.8551496], [145.2467249, -37.8558443], [145.243621, -37.8616792], [145.2435809, -37.8643336], [145.2511848, -37.8717456], [145.2644442, -37.862046]]]}}, {"type": "Feature", "properties": {"level": "primary", "school": "Sassafras Primary School", "year_level": "P6", "boundary_year": 2026}, "geometry": {"type": "Polygon", "coordinates": [[[145.3712484, -37.8696424], [145.3474272, -37.8444884], [145.3442253, -37.8439922], [145.3353506, -37.8463194], [145.3280603, -37.8637711], [145.3526526, -37.8773379], [145.3712484, -37.8696424]]]}}, {"type": "Feature", "properties": {"level": "primary", "school": "Bayswater South Primary School", "year_level": "P6", "boundary_year": 2026}, "geometry": {"type": "Polygon", "coordinates": [[[145.2682982, -37.8614768], [145.2729728, -37.847739], [145.2604256, -37.8490931], [145.2536601, -37.8551496], [145.2644442, -37.862046], [145.2682982, -37.8614768]]]}}, {"type": "Feature", "properties": {"level": "primary", "school": "Altona College", "year_level": "P6", "boundary_year": 2026}, "geometry": {"type": "Polygon", "coordinates": [[[144.8296589, -37.8608197], [144.8318004, -37.8483737], [144.8058639, -37.8309284], [144.8011685, -37.8311423], [144.7963938, -37.8552224], [144.8014231, -37.8733775], [144.8296589, -37.8608197]]]}}, {"type": "Feature", "properties": {"level": "primary", "school": "Weeden Heights Primary School", "year_level": "P6", "boundary_year": 2026}, "geometry": {"type": "Polygon", "coordinates": [[[145.1865061, -37.8582603], [145.1700465, -37.8532545], [145.1646407, -37.8571878], [145.1646598, -37.8576941], [145.1665082, -37.8604243], [145.1805753, -37.8644376], [145.1865061, -37.8582603]]]}}, {"type": "Feature", "properties": {"level": "primary", "school": "Malvern Central School", "year_level": "P6", "boundary_year": 2026}, "geometry": {"type": "Polygon", "coordinates": [[[145.0480342, -37.8619005], [145.0496187, -37.8605826], [145.0505545, -37.8564395], [145.0481013, -37.8510678], [145.0300436, -37.8432748], [145.0233018, -37.861714], [145.0296717, -37.8649058], [145.0480342, -37.8619005]]]}}, {"type": "Feature", "properties": {"level": "primary", "school": "Armadale Primary School", "year_level": "P6", "boundary_year": 2026}, "geometry": {"type": "Polygon", "coordinates": [[[145.0233018, -37.861714], [145.0300436, -37.8432748], [145.027178, -37.8393534], [145.0063884, -37.8538127], [145.0096929, -37.8627828], [145.0108613, -37.8631997], [145.0233018, -37.861714]]]}}, {"type": "Feature", "properties": {"level": "primary", "school": "Windsor Primary School", "year_level": "P6", "boundary_year": 2026}, "geometry": {"type": "Polygon", "coordinates": [[[144.9997579, -37.8661619], [145.0096929, -37.8627828], [145.0063884, -37.8538127], [144.9915947, -37.842989], [144.9912981, -37.8429665], [144.9895893, -37.8513275], [144.9806335, -37.850202], [144.9783266, -37.8507341], [144.9792633, -37.8534272], [144.9800563, -37.8545537], [144.9823479, -37.8555847], [144.9828314, -37.8579653], [144.9823808, -37.8605249], [144.9997579, -37.8661619]]]}}, {"type": "Feature", "properties": {"level": "primary", "school": "Olinda Primary School", "year_level": "P6", "boundary_year": 2026}, "geometry": {"type": "Polygon", "coordinates": [[[145.3860655, -37.8684731], [145.4017546, -37.8488556], [145.3937127, -37.8395947], [145.3474272, -37.8444884], [145.3712484, -37.8696424], [145.3860655, -37.8684731]]]}}, {"type": "Feature", "properties": {"level": "primary", "school": "Regency Park Primary School", "year_level": "P6", "boundary_year": 2026}, "geometry": {"type": "Polygon", "coordinates": [[[145.2467249, -37.8558443], [145.2407731, -37.8449589], [145.2253396, -37.846652], [145.2262397, -37.8546998], [145.243621, -37.8616792], [145.2467249, -37.8558443]]]}}, {"type": "Feature", "properties": {"level": "primary", "school": "Bayswater West Primary School", "year_level": "P6", "boundary_year": 2026}, "geometry": {"type": "Polygon", "coordinates": [[[145.2536601, -37.8551496], [145.2604256, -37.8490931], [145.2463406, -37.8393965], [145.2407731, -37.8449589], [145.2467249, -37.8558443], [145.2536601, -37.8551496]]]}}, {"type": "Feature", "properties": {"level": "primary", "school": "Burwood East Primary School", "year_level": "P6", "boundary_year": 2026}, "geometry": {"type": "Polygon", "coordinates": [[[145.1646598, -37.8576941], [145.1646407, -37.8571878], [145.1510821, -37.8496562], [145.1326188, -37.8527971], [145.150122, -37.8666851], [145.1646598, -37.8576941]]]}}, {"type": "Feature", "properties": {"level": "primary", "school": "The Basin Primary School", "year_level": "P6", "boundary_year": 2026}, "geometry": {"type": "Polygon", "coordinates": [[[145.3280603, -37.8637711], [145.3353506, -37.8463194], [145.3182722, -37.8328347], [145.3095717, -37.8362192], [145.2991485, -37.8520643], [145.3103278, -37.8641959], [145.3226639, -37.8663419], [145.3267967, -37.8670005], [145.3280603, -37.8637711]]]}}, {"type": "Feature", "properties": {"level": "primary", "school": "Williamstown North Primary School", "year_level": "P6", "boundary_year": 2026}, "geometry": {"type": "Polygon", "coordinates": [[[144.8845516, -37.8677903], [144.9023247, -37.8555508], [144.9024288, -37.8554916], [144.902022, -37.8542198], [144.9015957, -37.8535692], [144.9011119, -37.8536207], [144.900448, -37.8529465], [144.8990378, -37.8516701], [144.8954252, -37.8488046], [144.895507, -37.8483297], [144.8958263, -37.8479025], [144.8964078, -37.8476915], [144.8972365, -37.8477069], [144.8980857, -37.8478357], [144.8988681, -37.8487929], [144.8995473, -37.8491944], [144.8999333, -37.849565], [144.9000981, -37.8494775], [144.8998152, -37.8491944], [144.8994752, -37.8487981], [144.8990532, -37.8480466], [144.8987887, -37.8472768], [144.8992696, -37.8470585], [144.8998717, -37.8469452], [144.8994341, -37.8456018], [144.8995063, -37.8453805], [144.8993774, -37.8451747], [144.9003194, -37.8445159], [144.8982513, -37.8407981], [144.896046, -37.8418568], [144.8815618, -37.8488458], [144.8728063, -37.860648], [144.8710157, -37.8634623], [144.8736235, -37.8640937], [144.8775761, -37.8680466], [144.8792095, -37.8688288], [144.8803899, -37.8677308], [144.8813643, -37.8665094], [144.8826544, -37.8667427], [144.8832385, -37.867596], [144.8839447, -37.8681975], [144.8845516, -37.8677903]]]}}, {"type": "Feature", "properties": {"level": "primary", "school": "Burwood Heights Primary School", "year_level": "P6", "boundary_year": 2026}, "geometry": {"type": "Polygon", "coordinates": [[[145.1700465, -37.8532545], [145.1718222, -37.8500887], [145.1676173, -37.837449], [145.1591315, -37.8366624], [145.1510821, -37.8496562], [145.1646407, -37.8571878], [145.1700465, -37.8532545]]]}}, {"type": "Feature", "properties": {"level": "primary", "school": "Livingstone Primary School", "year_level": "P6", "boundary_year": 2026}, "geometry": {"type": "Polygon", "coordinates": [[[145.198695, -37.8538657], [145.1990477, -37.8515036], [145.1889537, -37.8459355], [145.1718222, -37.8500887], [145.1700465, -37.8532545], [145.1865061, -37.8582603], [145.198695, -37.8538657]]]}}, {"type": "Feature", "properties": {"level": "primary", "school": "Hartwell Primary School", "year_level": "P6", "boundary_year": 2026}, "geometry": {"type": "Polygon", "coordinates": [[[145.0968964, -37.8542981], [145.0869215, -37.8393556], [145.0736239, -37.8400016], [145.0734886, -37.8526794], [145.0757622, -37.8548134], [145.0955719, -37.8555561], [145.0968964, -37.8542981]]]}}, {"type": "Feature", "properties": {"level": "primary", "school": "Laverton P-12 College", "year_level": "P6", "boundary_year": 2026}, "geometry": {"type": "Polygon", "coordinates": [[[144.7963938, -37.8552224], [144.8011685, -37.8311423], [144.7802884, -37.8216229], [144.7678178, -37.8227302], [144.7485546, -37.8582743], [144.7493239, -37.8609943], [144.7637143, -37.8668745], [144.7963938, -37.8552224]]]}}, {"type": "Feature", "properties": {"level": "primary", "school": "Boronia Heights Primary School", "year_level": "P6", "boundary_year": 2026}, "geometry": {"type": "Polygon", "coordinates": [[[145.3095717, -37.8362192], [145.2782816, -37.8372959], [145.2779273, -37.8438344], [145.2856372, -37.8500737], [145.2991485, -37.8520643], [145.3095717, -37.8362192]]]}}, {"type": "Feature", "properties": {"level": "primary", "school": "Dohertys Creek P-9 College", "year_level": "P6", "boundary_year": 2026}, "geometry": {"type": "Polygon", "coordinates": [[[144.7678178, -37.8227302], [144.7652196, -37.8218393], [144.7285967, -37.8362232], [144.7279103, -37.8377442], [144.7215754, -37.8517763], [144.7485546, -37.8582743], [144.7678178, -37.8227302]]]}}, {"type": "Feature", "properties": {"level": "primary", "school": "Newport Gardens Primary School", "year_level": "P6", "boundary_year": 2026}, "geometry": {"type": "Polygon", "coordinates": [[[144.8728063, -37.860648], [144.8815618, -37.8488458], [144.8640924, -37.8334429], [144.8516582, -37.8521164], [144.8609437, -37.8609998], [144.86462, -37.8643957], [144.8710157, -37.8634623], [144.8728063, -37.860648]]]}}, {"type": "Feature", "properties": {"level": "primary", "school": "Truganina P-9 College", "year_level": "P6", "boundary_year": 2026}, "geometry": {"type": "Polygon", "coordinates": [[[144.7215754, -37.8517763], [144.7279103, -37.8377442], [144.7088673, -37.8361445], [144.7075093, -37.8442898], [144.7082777, -37.8455763], [144.7102553, -37.8535884], [144.7215754, -37.8517763]]]}}, {"type": "Feature", "properties": {"level": "primary", "school": "Wattle Park Primary School", "year_level": "P6", "boundary_year": 2026}, "geometry": {"type": "Polygon", "coordinates": [[[145.1115123, -37.849986], [145.1153803, -37.8478037], [145.1098389, -37.835475], [145.0945713, -37.8334907], [145.0869215, -37.8393556], [145.0968964, -37.8542981], [145.1115123, -37.849986]]]}}, {"type": "Feature", "properties": {"level": "primary", "school": "Parkmore Primary School", "year_level": "P6", "boundary_year": 2026}, "geometry": {"type": "Polygon", "coordinates": [[[145.1889537, -37.8459355], [145.1834446, -37.8367918], [145.1722708, -37.8354514], [145.1676173, -37.837449], [145.1718222, -37.8500887], [145.1889537, -37.8459355]]]}}, {"type": "Feature", "properties": {"level": "primary", "school": "Vermont Primary School", "year_level": "P6", "boundary_year": 2026}, "geometry": {"type": "Polygon", "coordinates": [[[145.2103079, -37.8431797], [145.1933391, -37.8267111], [145.1834446, -37.8367918], [145.1889537, -37.8459355], [145.1990477, -37.8515036], [145.2103079, -37.8431797]]]}}, {"type": "Feature", "properties": {"level": "primary", "school": "Bayswater Primary School", "year_level": "P6", "boundary_year": 2026}, "geometry": {"type": "Polygon", "coordinates": [[[145.2729728, -37.847739], [145.2779273, -37.8438344], [145.2782816, -37.8372959], [145.2770269, -37.8353237], [145.2470213, -37.8377571], [145.2463406, -37.8393965], [145.2604256, -37.8490931], [145.2729728, -37.847739]]]}}, {"type": "Feature", "properties": {"level": "primary", "school": "Orchard Grove Primary School", "year_level": "P6", "boundary_year": 2026}, "geometry": {"type": "Polygon", "coordinates": [[[145.1510821, -37.8496562], [145.1591315, -37.8366624], [145.1525656, -37.8302631], [145.1365221, -37.8358893], [145.1303658, -37.8509995], [145.1324497, -37.8527775], [145.1326188, -37.8527971], [145.1510821, -37.8496562]]]}}, {"type": "Feature", "properties": {"level": "primary", "school": "Tarneit Rise Primary School", "year_level": "P6", "boundary_year": 2026}, "geometry": {"type": "Polygon", "coordinates": [[[144.6713654, -37.846901], [144.67393, -37.829088], [144.6570094, -37.8264137], [144.6553704, -37.8262347], [144.654709, -37.8262105], [144.6543678, -37.8283883], [144.6534245, -37.8329938], [144.651853, -37.841371], [144.6512481, -37.8447287], [144.6563752, -37.8448423], [144.6699672, -37.8472667], [144.6713654, -37.846901]]]}}, {"type": "Feature", "properties": {"level": "primary", "school": "Exford Primary School", "year_level": "P6", "boundary_year": 2026}, "geometry": {"type": "Polygon", "coordinates": [[[144.4792402, -37.7558607], [144.6182748, -37.7779266], [144.6151545, -37.7625006], [144.6100976, -37.7553483], [144.5831387, -37.736981], [144.5764424, -37.7362896], [144.5654479, -37.7343605], [144.5649444, -37.7320113], [144.5623011, -37.729558], [144.5613866, -37.7256308], [144.5604637, -37.7247427], [144.5578254, -37.7231323], [144.5567756, -37.7215043], [144.5557908, -37.7213839], [144.5549038, -37.7221634], [144.5543712, -37.7226756], [144.5535916, -37.7226727], [144.5523702, -37.7223249], [144.5480763, -37.7202033], [144.544542, -37.7195708], [144.5412933, -37.7180349], [144.540279, -37.7168436], [144.5379893, -37.7141543], [144.5371693, -37.7107562], [144.5342146, -37.7070996], [144.5302217, -37.7072922], [144.5225039, -37.7090847], [144.5149015, -37.7079969], [144.5105107, -37.7086259], [144.5065191, -37.7084426], [144.5016664, -37.708666], [144.4972436, -37.7128945], [144.4725617, -37.7378188], [144.4704819, -37.7399181], [144.4792402, -37.7558607]]]}}, {"type": "Feature", "properties": {"level": "primary", "school": "Tarneit P-9 College", "year_level": "P6", "boundary_year": 2026}, "geometry": {"type": "Polygon", "coordinates": [[[144.67393, -37.829088], [144.6713654, -37.846901], [144.6828646, -37.8486053], [144.6917446, -37.8317823], [144.6759625, -37.8293957], [144.67393, -37.829088]]]}}, {"type": "Feature", "properties": {"level": "primary", "school": "Altona North Primary School", "year_level": "P6", "boundary_year": 2026}, "geometry": {"type": "Polygon", "coordinates": [[[144.8640924, -37.8334429], [144.8642503, -37.831451], [144.856318, -37.8235436], [144.8392315, -37.8494596], [144.8516582, -37.8521164], [144.8640924, -37.8334429]]]}}, {"type": "Feature", "properties": {"level": "primary", "school": "Marlborough Primary School", "year_level": "P6", "boundary_year": 2026}, "geometry": {"type": "Polygon", "coordinates": [[[145.2407731, -37.8449589], [145.2463406, -37.8393965], [145.2470213, -37.8377571], [145.2449159, -37.8323537], [145.2220606, -37.8270147], [145.2160279, -37.8418046], [145.2253396, -37.846652], [145.2407731, -37.8449589]]]}}, {"type": "Feature", "properties": {"level": "primary", "school": "Roberts McCubbin Primary School", "year_level": "P6", "boundary_year": 2026}, "geometry": {"type": "Polygon", "coordinates": [[[145.1365221, -37.8358893], [145.12171, -37.8188718], [145.1186649, -37.820858], [145.1098389, -37.835475], [145.1153803, -37.8478037], [145.1303658, -37.8509995], [145.1365221, -37.8358893]]]}}, {"type": "Feature", "properties": {"level": "primary", "school": "Bayside P-12 College", "year_level": "P6", "boundary_year": 2026}, "geometry": {"type": "Polygon", "coordinates": [[[144.856318, -37.8235436], [144.8502928, -37.8163985], [144.845877, -37.8130348], [144.8425117, -37.8125735], [144.8368417, -37.8137942], [144.8134354, -37.8267417], [144.8058639, -37.8309284], [144.8318004, -37.8483737], [144.8392315, -37.8494596], [144.856318, -37.8235436]]]}}, {"type": "Feature", "properties": {"level": "primary", "school": "Glengala Primary School", "year_level": "P6", "boundary_year": 2026}, "geometry": {"type": "Polygon", "coordinates": [[[144.8368417, -37.8137942], [144.8259087, -37.7993311], [144.807892, -37.792473], [144.7821323, -37.8155481], [144.7802884, -37.8216229], [144.8011685, -37.8311423], [144.8058639, -37.8309284], [144.8134354, -37.8267417], [144.8368417, -37.8137942]]]}}, {"type": "Feature", "properties": {"level": "primary", "school": "Rangeview Primary School", "year_level": "P6", "boundary_year": 2026}, "geometry": {"type": "Polygon", "coordinates": [[[145.2160279, -37.8418046], [145.2220606, -37.8270147], [145.2207881, -37.822676], [145.1935581, -37.823059], [145.1933391, -37.8267111], [145.2103079, -37.8431797], [145.2160279, -37.8418046]]]}}, {"type": "Feature", "properties": {"level": "primary", "school": "Blackburn Lake Primary School", "year_level": "P6", "boundary_year": 2026}, "geometry": {"type": "Polygon", "coordinates": [[[145.1722708, -37.8354514], [145.174252, -37.8177482], [145.1697189, -37.8176224], [145.15267, -37.8267608], [145.1525656, -37.8302631], [145.1591315, -37.8366624], [145.1676173, -37.837449], [145.1722708, -37.8354514]]]}}, {"type": "Feature", "properties": {"level": "primary", "school": "Mount Pleasant Road Nunawading Primary School", "year_level": "P6", "boundary_year": 2026}, "geometry": {"type": "Polygon", "coordinates": [[[145.1933391, -37.8267111], [145.1935581, -37.823059], [145.1920493, -37.8210739], [145.1791381, -37.8158392], [145.174252, -37.8177482], [145.1722708, -37.8354514], [145.1834446, -37.8367918], [145.1933391, -37.8267111]]]}}, {"type": "Feature", "properties": {"level": "primary", "school": "Billanook Primary School", "year_level": "P6", "boundary_year": 2026}, "geometry": {"type": "Polygon", "coordinates": [[[145.3442253, -37.8439922], [145.3543958, -37.818667], [145.334633, -37.8153936], [145.3175997, -37.8280333], [145.3182722, -37.8328347], [145.3353506, -37.8463194], [145.3442253, -37.8439922]]]}}, {"type": "Feature", "properties": {"level": "primary", "school": "Mount Dandenong Primary School", "year_level": "P6", "boundary_year": 2026}, "geometry": {"type": "Polygon", "coordinates": [[[145.3937127, -37.8395947], [145.3899716, -37.8169348], [145.3722814, -37.8094812], [145.3543958, -37.818667], [145.3442253, -37.8439922], [145.3474272, -37.8444884], [145.3937127, -37.8395947]]]}}, {"type": "Feature", "properties": {"level": "primary", "school": "Surrey Hills Primary School", "year_level": "P6", "boundary_year": 2026}, "geometry": {"type": "Polygon", "coordinates": [[[145.1186649, -37.820858], [145.0996055, -37.8191022], [145.0907667, -37.8256613], [145.0945713, -37.8334907], [145.1098389, -37.835475], [145.1186649, -37.820858]]]}}, {"type": "Feature", "properties": {"level": "primary", "school": "Newport Lakes Primary School", "year_level": "P6", "boundary_year": 2026}, "geometry": {"type": "Polygon", "coordinates": [[[144.896046, -37.8418568], [144.8982513, -37.8407981], [144.8977253, -37.8398529], [144.8976326, -37.8391526], [144.8963195, -37.8387909], [144.8672763, -37.8310219], [144.8642503, -37.831451], [144.8640924, -37.8334429], [144.8815618, -37.8488458], [144.896046, -37.8418568]]]}}, {"type": "Feature", "properties": {"level": "primary", "school": "Heathmont East Primary School", "year_level": "P6", "boundary_year": 2026}, "geometry": {"type": "Polygon", "coordinates": [[[145.2770269, -37.8353237], [145.2767138, -37.8305069], [145.2583571, -37.823101], [145.2485608, -37.8253301], [145.2449159, -37.8323537], [145.2470213, -37.8377571], [145.2770269, -37.8353237]]]}}, {"type": "Feature", "properties": {"level": "primary", "school": "Bayswater North Primary School", "year_level": "P6", "boundary_year": 2026}, "geometry": {"type": "Polygon", "coordinates": [[[145.3095717, -37.8362192], [145.3182722, -37.8328347], [145.3175997, -37.8280333], [145.3041397, -37.8149739], [145.280999, -37.8226573], [145.2767138, -37.8305069], [145.2770269, -37.8353237], [145.2782816, -37.8372959], [145.3095717, -37.8362192]]]}}, {"type": "Feature", "properties": {"level": "primary", "school": "Docklands Primary School", "year_level": "P6", "boundary_year": 2026}, "geometry": {"type": "Polygon", "coordinates": [[[144.9280973, -37.8193323], [144.9319416, -37.8199561], [144.9365122, -37.820938], [144.9409901, -37.8222042], [144.9449264, -37.8232492], [144.9466798, -37.8234027], [144.9516981, -37.8236315], [144.9552074, -37.8233416], [144.9576561, -37.8221772], [144.9601453, -37.8208836], [144.9632792, -37.8200785], [144.962076, -37.8180541], [144.958898, -37.8110455], [144.951438, -37.8131695], [144.9503281, -37.813479], [144.948111, -37.811534], [144.9478232, -37.810956], [144.9458418, -37.8117195], [144.9451206, -37.8110171], [144.9408091, -37.8057714], [144.9366289, -37.8016707], [144.9211917, -37.8086416], [144.9190695, -37.8178638], [144.918761, -37.8192554], [144.920176, -37.8190697], [144.9280973, -37.8193323]]]}}, {"type": "Feature", "properties": {"level": "primary", "school": "Hawthorn West Primary School", "year_level": "P6", "boundary_year": 2026}, "geometry": {"type": "Polygon", "coordinates": [[[145.0294472, -37.8139204], [145.0200079, -37.8085071], [145.007859, -37.8237275], [145.0131614, -37.8305367], [145.0164698, -37.8320562], [145.0193992, -37.8316379], [145.022009, -37.8324673], [145.0294472, -37.8139204]]]}}, {"type": "Feature", "properties": {"level": "primary", "school": "Glenferrie Primary School", "year_level": "P6", "boundary_year": 2026}, "geometry": {"type": "Polygon", "coordinates": [[[145.022009, -37.8324673], [145.0278215, -37.8376242], [145.0448033, -37.8292552], [145.0391746, -37.8137437], [145.0294472, -37.8139204], [145.022009, -37.8324673]]]}}, {"type": "Feature", "properties": {"level": "primary", "school": "Spotswood Primary School", "year_level": "P6", "boundary_year": 2026}, "geometry": {"type": "Polygon", "coordinates": [[[144.8971906, -37.8290384], [144.8945759, -37.8272665], [144.8911006, -37.8258273], [144.8865692, -37.8252644], [144.8790508, -37.8252706], [144.8672763, -37.8310219], [144.8963195, -37.8387909], [144.8976326, -37.8391526], [144.8970614, -37.83485], [144.8984973, -37.8297238], [144.8971906, -37.8290384]]]}}, {"type": "Feature", "properties": {"level": "primary", "school": "Laburnum Primary School", "year_level": "P6", "boundary_year": 2026}, "geometry": {"type": "Polygon", "coordinates": [[[145.1525656, -37.8302631], [145.15267, -37.8267608], [145.1421076, -37.8157239], [145.1405097, -37.81504], [145.1236717, -37.8168309], [145.1227397, -37.817185], [145.12171, -37.8188718], [145.1365221, -37.8358893], [145.1525656, -37.8302631]]]}}, {"type": "Feature", "properties": {"level": "primary", "school": "Wembley Primary School", "year_level": "P6", "boundary_year": 2026}, "geometry": {"type": "Polygon", "coordinates": [[[144.8672763, -37.8310219], [144.8790508, -37.8252706], [144.8865692, -37.8252644], [144.8789937, -37.8168931], [144.8502928, -37.8163985], [144.856318, -37.8235436], [144.8642503, -37.831451], [144.8672763, -37.8310219]]]}}, {"type": "Feature", "properties": {"level": "primary", "school": "Great Ryrie Primary School", "year_level": "P6", "boundary_year": 2026}, "geometry": {"type": "Polygon", "coordinates": [[[145.2485608, -37.8253301], [145.2386607, -37.8107728], [145.2327477, -37.810513], [145.2229884, -37.8169199], [145.2207881, -37.822676], [145.2220606, -37.8270147], [145.2449159, -37.8323537], [145.2485608, -37.8253301]]]}}, {"type": "Feature", "properties": {"level": "primary", "school": "Eastwood Primary School", "year_level": "P6", "boundary_year": 2026}, "geometry": {"type": "Polygon", "coordinates": [[[145.2583571, -37.823101], [145.2608841, -37.8062062], [145.2539544, -37.8041055], [145.2386607, -37.8107728], [145.2485608, -37.8253301], [145.2583571, -37.823101]]]}}, {"type": "Feature", "properties": {"level": "primary", "school": "Tinternvale Primary School", "year_level": "P6", "boundary_year": 2026}, "geometry": {"type": "Polygon", "coordinates": [[[145.280999, -37.8226573], [145.2701679, -37.8059441], [145.2608841, -37.8062062], [145.2583571, -37.823101], [145.2767138, -37.8305069], [145.280999, -37.8226573]]]}}, {"type": "Feature", "properties": {"level": "primary", "school": "Chatham Primary School", "year_level": "P6", "boundary_year": 2026}, "geometry": {"type": "Polygon", "coordinates": [[[145.0996055, -37.8191022], [145.0933127, -37.8094566], [145.090423, -37.8089677], [145.0826685, -37.8224235], [145.0907667, -37.8256613], [145.0996055, -37.8191022]]]}}, {"type": "Feature", "properties": {"level": "primary", "school": "Yarra Primary School", "year_level": "P6", "boundary_year": 2026}, "geometry": {"type": "Polygon", "coordinates": [[[145.0200079, -37.8085071], [145.014714, -37.8006585], [145.0017411, -37.8131653], [145.000644, -37.8211708], [145.007859, -37.8237275], [145.0200079, -37.8085071]]]}}, {"type": "Feature", "properties": {"level": "primary", "school": "Yarraville West Primary School", "year_level": "P6", "boundary_year": 2026}, "geometry": {"type": "Polygon", "coordinates": [[[144.9033776, -37.8224039], [144.8893148, -37.8066467], [144.8828436, -37.8048349], [144.8789937, -37.8168931], [144.8865692, -37.8252644], [144.8911006, -37.8258273], [144.8945759, -37.8272665], [144.8971906, -37.8290384], [144.8984973, -37.8297238], [144.9023886, -37.8256474], [144.9045488, -37.8237469], [144.9033776, -37.8224039]]]}}, {"type": "Feature", "properties": {"level": "primary", "school": "Antonio Park Primary School", "year_level": "P6", "boundary_year": 2026}, "geometry": {"type": "Polygon", "coordinates": [[[145.2207881, -37.822676], [145.2229884, -37.8169199], [145.2048461, -37.8062175], [145.1920493, -37.8210739], [145.1935581, -37.823059], [145.2207881, -37.822676]]]}}, {"type": "Feature", "properties": {"level": "primary", "school": "Richmond West Primary School", "year_level": "P6", "boundary_year": 2026}, "geometry": {"type": "Polygon", "coordinates": [[[145.0017411, -37.8131653], [144.9913794, -37.8088438], [144.9792892, -37.8125896], [144.9741545, -37.8199068], [144.9781202, -37.8241104], [145.000644, -37.8211708], [145.0017411, -37.8131653]]]}}, {"type": "Feature", "properties": {"level": "primary", "school": "South Melbourne Primary School", "year_level": "P6", "boundary_year": 2026}, "geometry": {"type": "Polygon", "coordinates": [[[144.9408947, -37.8225625], [144.9400402, -37.8254054], [144.9408208, -37.8263961], [144.9456909, -37.8306165], [144.9467617, -37.8314268], [144.9497025, -37.8340103], [144.9507644, -37.8334735], [144.9515629, -37.8336101], [144.9521085, -37.8341797], [144.9551214, -37.8333359], [144.959967, -37.8319255], [144.9620632, -37.8313021], [144.9635503, -37.8308932], [144.9648237, -37.8304966], [144.9620654, -37.827596], [144.9708609, -37.8250911], [144.9781202, -37.8241104], [144.9741545, -37.8199068], [144.971315, -37.8191471], [144.9682357, -37.8192715], [144.9632792, -37.8200785], [144.9601453, -37.8208836], [144.9576561, -37.8221772], [144.9552074, -37.8233416], [144.9516981, -37.8236315], [144.9466798, -37.8234027], [144.9449264, -37.8232492], [144.9409901, -37.8222042], [144.9408947, -37.8225625]]]}}, {"type": "Feature", "properties": {"level": "primary", "school": "Blackburn Primary School", "year_level": "P6", "boundary_year": 2026}, "geometry": {"type": "Polygon", "coordinates": [[[145.1697189, -37.8176224], [145.1597818, -37.8105505], [145.1421076, -37.8157239], [145.15267, -37.8267608], [145.1697189, -37.8176224]]]}}, {"type": "Feature", "properties": {"level": "primary", "school": "Whitehorse Primary School", "year_level": "P6", "boundary_year": 2026}, "geometry": {"type": "Polygon", "coordinates": [[[145.1791381, -37.8158392], [145.1797219, -37.8096032], [145.16943, -37.8033626], [145.1648528, -37.8024337], [145.1630102, -37.8020164], [145.1596784, -37.8014847], [145.1597818, -37.8105505], [145.1697189, -37.8176224], [145.174252, -37.8177482], [145.1791381, -37.8158392]]]}}, {"type": "Feature", "properties": {"level": "primary", "school": "Mont Albert Primary School", "year_level": "P6", "boundary_year": 2026}, "geometry": {"type": "Polygon", "coordinates": [[[145.12171, -37.8188718], [145.1227397, -37.817185], [145.1102292, -37.8039938], [145.1092115, -37.8036477], [145.0933127, -37.8094566], [145.0996055, -37.8191022], [145.1186649, -37.820858], [145.12171, -37.8188718]]]}}, {"type": "Feature", "properties": {"level": "primary", "school": "Gladesville Primary School", "year_level": "P6", "boundary_year": 2026}, "geometry": {"type": "Polygon", "coordinates": [[[145.334633, -37.8153936], [145.3323218, -37.8053285], [145.324042, -37.803751], [145.304145, -37.8148476], [145.3041397, -37.8149739], [145.3175997, -37.8280333], [145.334633, -37.8153936]]]}}, {"type": "Feature", "properties": {"level": "primary", "school": "Montrose Primary School", "year_level": "P6", "boundary_year": 2026}, "geometry": {"type": "Polygon", "coordinates": [[[145.3722814, -37.8094812], [145.3661586, -37.7993501], [145.355767, -37.7936544], [145.3413466, -37.7970599], [145.3323218, -37.8053285], [145.334633, -37.8153936], [145.3543958, -37.818667], [145.3722814, -37.8094812]]]}}, {"type": "Feature", "properties": {"level": "primary", "school": "Old Orchard Primary School", "year_level": "P6", "boundary_year": 2026}, "geometry": {"type": "Polygon", "coordinates": [[[145.1597818, -37.8105505], [145.1596784, -37.8014847], [145.1527303, -37.8005009], [145.1461373, -37.7993125], [145.1405097, -37.81504], [145.1421076, -37.8157239], [145.1597818, -37.8105505]]]}}, {"type": "Feature", "properties": {"level": "primary", "school": "Mitcham Primary School", "year_level": "P6", "boundary_year": 2026}, "geometry": {"type": "Polygon", "coordinates": [[[145.2048461, -37.8062175], [145.2005805, -37.7923978], [145.1943207, -37.7892942], [145.1797219, -37.8096032], [145.1791381, -37.8158392], [145.1920493, -37.8210739], [145.2048461, -37.8062175]]]}}, {"type": "Feature", "properties": {"level": "primary", "school": "Abbotsford Primary School", "year_level": "P6", "boundary_year": 2026}, "geometry": {"type": "Polygon", "coordinates": [[[145.014714, -37.8006585], [145.0144982, -37.7997763], [145.0035574, -37.798205], [144.9913794, -37.8088438], [145.0017411, -37.8131653], [145.014714, -37.8006585]]]}}, {"type": "Feature", "properties": {"level": "primary", "school": "Kew Primary School", "year_level": "P6", "boundary_year": 2026}, "geometry": {"type": "Polygon", "coordinates": [[[145.0391746, -37.8137437], [145.0465775, -37.8089557], [145.0468814, -37.8078276], [145.0344666, -37.7906036], [145.0222013, -37.7912733], [145.0144982, -37.7997763], [145.014714, -37.8006585], [145.0200079, -37.8085071], [145.0294472, -37.8139204], [145.0391746, -37.8137437]]]}}, {"type": "Feature", "properties": {"level": "primary", "school": "Kerrimuir Primary School", "year_level": "P6", "boundary_year": 2026}, "geometry": {"type": "Polygon", "coordinates": [[[145.1405097, -37.81504], [145.1461373, -37.7993125], [145.1463087, -37.7974066], [145.144545, -37.7937156], [145.1428066, -37.7930879], [145.1319242, -37.7953536], [145.1236717, -37.8168309], [145.1405097, -37.81504]]]}}, {"type": "Feature", "properties": {"level": "primary", "school": "Box Hill North Primary School", "year_level": "P6", "boundary_year": 2026}, "geometry": {"type": "Polygon", "coordinates": [[[145.1236717, -37.8168309], [145.1319242, -37.7953536], [145.1232929, -37.7928825], [145.1102292, -37.8039938], [145.1227397, -37.817185], [145.1236717, -37.8168309]]]}}, {"type": "Feature", "properties": {"level": "primary", "school": "Greythorn Primary School", "year_level": "P6", "boundary_year": 2026}, "geometry": {"type": "Polygon", "coordinates": [[[145.1092115, -37.8036477], [145.1005324, -37.7917846], [145.087139, -37.7974607], [145.0843434, -37.8045068], [145.090423, -37.8089677], [145.0933127, -37.8094566], [145.1092115, -37.8036477]]]}}, {"type": "Feature", "properties": {"level": "primary", "school": "Dorset Primary School", "year_level": "P6", "boundary_year": 2026}, "geometry": {"type": "Polygon", "coordinates": [[[145.3041397, -37.8149739], [145.304145, -37.8148476], [145.3026456, -37.8113916], [145.2854981, -37.8013034], [145.2733447, -37.803306], [145.2701679, -37.8059441], [145.280999, -37.8226573], [145.3041397, -37.8149739]]]}}, {"type": "Feature", "properties": {"level": "primary", "school": "Carlton Gardens Primary School", "year_level": "P6", "boundary_year": 2026}, "geometry": {"type": "Polygon", "coordinates": [[[144.9741545, -37.8199068], [144.9792892, -37.8125896], [144.9792939, -37.8125157], [144.9750132, -37.7992853], [144.9607474, -37.7979779], [144.9577515, -37.8087203], [144.958898, -37.8110455], [144.962076, -37.8180541], [144.9632792, -37.8200785], [144.9682357, -37.8192715], [144.971315, -37.8191471], [144.9741545, -37.8199068]]]}}, {"type": "Feature", "properties": {"level": "primary", "school": "Collingwood College", "year_level": "P6", "boundary_year": 2026}, "geometry": {"type": "Polygon", "coordinates": [[[144.9913794, -37.8088438], [145.0035574, -37.798205], [145.0009173, -37.7968309], [144.9881071, -37.7977764], [144.9792939, -37.8125157], [144.9792892, -37.8125896], [144.9913794, -37.8088438]]]}}, {"type": "Feature", "properties": {"level": "primary", "school": "North Melbourne Primary School", "year_level": "P6", "boundary_year": 2026}, "geometry": {"type": "Polygon", "coordinates": [[[144.9577515, -37.8087203], [144.9607474, -37.7979779], [144.958505, -37.789049], [144.952178, -37.7852524], [144.9394093, -37.7950235], [144.9366289, -37.8016707], [144.9408091, -37.8057714], [144.9451206, -37.8110171], [144.9458418, -37.8117195], [144.9478232, -37.810956], [144.948111, -37.811534], [144.9503281, -37.813479], [144.951438, -37.8131695], [144.958898, -37.8110455], [144.9577515, -37.8087203]]]}}, {"type": "Feature", "properties": {"level": "primary", "school": "Kilsyth Primary School", "year_level": "P6", "boundary_year": 2026}, "geometry": {"type": "Polygon", "coordinates": [[[145.324042, -37.803751], [145.3126937, -37.7871971], [145.3121406, -37.7871219], [145.3090201, -37.7875526], [145.3026456, -37.8113916], [145.304145, -37.8148476], [145.324042, -37.803751]]]}}, {"type": "Feature", "properties": {"level": "primary", "school": "Deepdene Primary School", "year_level": "P6", "boundary_year": 2026}, "geometry": {"type": "Polygon", "coordinates": [[[145.0465775, -37.8089557], [145.0671207, -37.8207547], [145.0735501, -37.8062141], [145.0630881, -37.7973568], [145.0468814, -37.8078276], [145.0465775, -37.8089557]]]}}, {"type": "Feature", "properties": {"level": "primary", "school": "Ringwood Heights Primary School", "year_level": "P6", "boundary_year": 2026}, "geometry": {"type": "Polygon", "coordinates": [[[145.2327477, -37.810513], [145.2290737, -37.8025913], [145.21517, -37.7919194], [145.2005805, -37.7923978], [145.2048461, -37.8062175], [145.2229884, -37.8169199], [145.2327477, -37.810513]]]}}, {"type": "Feature", "properties": {"level": "primary", "school": "Mullum Primary School", "year_level": "P6", "boundary_year": 2026}, "geometry": {"type": "Polygon", "coordinates": [[[145.2539544, -37.8041055], [145.2529714, -37.8002195], [145.2418261, -37.7874203], [145.2290737, -37.8025913], [145.2327477, -37.810513], [145.2386607, -37.8107728], [145.2539544, -37.8041055]]]}}, {"type": "Feature", "properties": {"level": "primary", "school": "Kingsville Primary School", "year_level": "P6", "boundary_year": 2026}, "geometry": {"type": "Polygon", "coordinates": [[[144.8828436, -37.8048349], [144.8816412, -37.8038753], [144.8630084, -37.8034716], [144.845877, -37.8130348], [144.8502928, -37.8163985], [144.8789937, -37.8168931], [144.8828436, -37.8048349]]]}}, {"type": "Feature", "properties": {"level": "primary", "school": "Pembroke Primary School", "year_level": "P6", "boundary_year": 2026}, "geometry": {"type": "Polygon", "coordinates": [[[145.3413466, -37.7970599], [145.320428, -37.7859078], [145.3126937, -37.7871971], [145.324042, -37.803751], [145.3323218, -37.8053285], [145.3413466, -37.7970599]]]}}, {"type": "Feature", "properties": {"level": "primary", "school": "Balwyn North Primary School", "year_level": "P6", "boundary_year": 2026}, "geometry": {"type": "Polygon", "coordinates": [[[145.087139, -37.7974607], [145.0788723, -37.7896844], [145.063199, -37.7885619], [145.0630881, -37.7973568], [145.0735501, -37.8062141], [145.0843434, -37.8045068], [145.087139, -37.7974607]]]}}, {"type": "Feature", "properties": {"level": "primary", "school": "Footscray Primary School", "year_level": "P6", "boundary_year": 2026}, "geometry": {"type": "Polygon", "coordinates": [[[144.8828436, -37.8048349], [144.8893148, -37.8066467], [144.9095806, -37.7945759], [144.8984916, -37.7872959], [144.8844905, -37.7949967], [144.8816412, -37.8038753], [144.8828436, -37.8048349]]]}}, {"type": "Feature", "properties": {"level": "primary", "school": "Footscray City Primary School", "year_level": "P6", "boundary_year": 2026}, "geometry": {"type": "Polygon", "coordinates": [[[144.9033776, -37.8224039], [144.9045488, -37.8237469], [144.9064956, -37.8220344], [144.912641, -37.8200579], [144.918761, -37.8192554], [144.9190695, -37.8178638], [144.9211917, -37.8086416], [144.9100904, -37.7947115], [144.9095806, -37.7945759], [144.8893148, -37.8066467], [144.9033776, -37.8224039]]]}}, {"type": "Feature", "properties": {"level": "primary", "school": "Beverley Hills Primary School", "year_level": "P6", "boundary_year": 2026}, "geometry": {"type": "Polygon", "coordinates": [[[145.1648528, -37.8024337], [145.1687196, -37.7943084], [145.1545931, -37.7885538], [145.144545, -37.7937156], [145.1463087, -37.7974066], [145.1461373, -37.7993125], [145.1527303, -37.8005009], [145.1596784, -37.8014847], [145.1630102, -37.8020164], [145.1648528, -37.8024337]]]}}, {"type": "Feature", "properties": {"level": "primary", "school": "Donvale Primary School", "year_level": "P6", "boundary_year": 2026}, "geometry": {"type": "Polygon", "coordinates": [[[145.1943207, -37.7892942], [145.1930851, -37.7877249], [145.1857387, -37.7874806], [145.1687196, -37.7943084], [145.1648528, -37.8024337], [145.16943, -37.8033626], [145.1797219, -37.8096032], [145.1943207, -37.7892942]]]}}, {"type": "Feature", "properties": {"level": "primary", "school": "Fitzroy Primary School", "year_level": "P6", "boundary_year": 2026}, "geometry": {"type": "Polygon", "coordinates": [[[144.9881071, -37.7977764], [144.9809752, -37.7930154], [144.9772923, -37.7953196], [144.9750132, -37.7992853], [144.9792939, -37.8125157], [144.9881071, -37.7977764]]]}}, {"type": "Feature", "properties": {"level": "primary", "school": "Ainslie Parklands Primary School", "year_level": "P6", "boundary_year": 2026}, "geometry": {"type": "Polygon", "coordinates": [[[145.2701679, -37.8059441], [145.2733447, -37.803306], [145.2723801, -37.7864493], [145.264993, -37.7843278], [145.2529714, -37.8002195], [145.2539544, -37.8041055], [145.2608841, -37.8062062], [145.2701679, -37.8059441]]]}}, {"type": "Feature", "properties": {"level": "primary", "school": "Birralee Primary School", "year_level": "P6", "boundary_year": 2026}, "geometry": {"type": "Polygon", "coordinates": [[[145.1232929, -37.7928825], [145.1150941, -37.7801349], [145.1038284, -37.7785072], [145.1005324, -37.7917846], [145.1092115, -37.8036477], [145.1102292, -37.8039938], [145.1232929, -37.7928825]]]}}, {"type": "Feature", "properties": {"level": "primary", "school": "Ruskin Park Primary School", "year_level": "P6", "boundary_year": 2026}, "geometry": {"type": "Polygon", "coordinates": [[[145.3090201, -37.7875526], [145.2962706, -37.783868], [145.2854981, -37.8013034], [145.3026456, -37.8113916], [145.3090201, -37.7875526]]]}}, {"type": "Feature", "properties": {"level": "primary", "school": "Croydon Primary School", "year_level": "P6", "boundary_year": 2026}, "geometry": {"type": "Polygon", "coordinates": [[[145.2854981, -37.8013034], [145.2962706, -37.783868], [145.2912438, -37.7797644], [145.2723801, -37.7864493], [145.2733447, -37.803306], [145.2854981, -37.8013034]]]}}, {"type": "Feature", "properties": {"level": "primary", "school": "Footscray West Primary School", "year_level": "P6", "boundary_year": 2026}, "geometry": {"type": "Polygon", "coordinates": [[[144.8844905, -37.7949967], [144.8682884, -37.7834147], [144.8630084, -37.8034716], [144.8816412, -37.8038753], [144.8844905, -37.7949967]]]}}, {"type": "Feature", "properties": {"level": "primary", "school": "Dinjerra Primary School", "year_level": "P6", "boundary_year": 2026}, "geometry": {"type": "Polygon", "coordinates": [[[144.8630084, -37.8034716], [144.8682884, -37.7834147], [144.8675201, -37.7800854], [144.8615923, -37.7792948], [144.8435291, -37.7928427], [144.8425117, -37.8125735], [144.845877, -37.8130348], [144.8630084, -37.8034716]]]}}, {"type": "Feature", "properties": {"level": "primary", "school": "Sunshine Primary School", "year_level": "P6", "boundary_year": 2026}, "geometry": {"type": "Polygon", "coordinates": [[[144.8425117, -37.8125735], [144.8435291, -37.7928427], [144.8335687, -37.7813278], [144.8317393, -37.780956], [144.8236334, -37.7854836], [144.8259087, -37.7993311], [144.8368417, -37.8137942], [144.8425117, -37.8125735]]]}}, {"type": "Feature", "properties": {"level": "primary", "school": "Carlton Primary School", "year_level": "P6", "boundary_year": 2026}, "geometry": {"type": "Polygon", "coordinates": [[[144.9772923, -37.7953196], [144.9594963, -37.7889528], [144.958505, -37.789049], [144.9607474, -37.7979779], [144.9750132, -37.7992853], [144.9772923, -37.7953196]]]}}, {"type": "Feature", "properties": {"level": "primary", "school": "Mount Evelyn Primary School", "year_level": "P6", "boundary_year": 2026}, "geometry": {"type": "Polygon", "coordinates": [[[145.4126743, -37.8031429], [145.4123388, -37.7884888], [145.3887967, -37.7738392], [145.3661586, -37.7993501], [145.3722814, -37.8094812], [145.3899716, -37.8169348], [145.4126743, -37.8031429]]]}}, {"type": "Feature", "properties": {"level": "primary", "school": "Derrimut Primary School", "year_level": "P6", "boundary_year": 2026}, "geometry": {"type": "Polygon", "coordinates": [[[144.7802884, -37.8216229], [144.7821323, -37.8155481], [144.7808465, -37.7822984], [144.780528, -37.7813868], [144.7256473, -37.7789056], [144.7228875, -37.7844489], [144.7457172, -37.809989], [144.7652196, -37.8218393], [144.7678178, -37.8227302], [144.7802884, -37.8216229]]]}}, {"type": "Feature", "properties": {"level": "primary", "school": "Clifton Hill Primary School", "year_level": "P6", "boundary_year": 2026}, "geometry": {"type": "Polygon", "coordinates": [[[145.0009173, -37.7968309], [144.994085, -37.7854104], [144.9812107, -37.7910801], [144.9809752, -37.7930154], [144.9881071, -37.7977764], [145.0009173, -37.7968309]]]}}, {"type": "Feature", "properties": {"level": "primary", "school": "Spensley Street Primary School", "year_level": "P6", "boundary_year": 2026}, "geometry": {"type": "Polygon", "coordinates": [[[145.0222013, -37.7912733], [145.0189097, -37.7903981], [145.0121405, -37.7823933], [144.9966498, -37.7808037], [144.9944033, -37.7831787], [144.994085, -37.7854104], [145.0009173, -37.7968309], [145.0035574, -37.798205], [145.0144982, -37.7997763], [145.0222013, -37.7912733]]]}}, {"type": "Feature", "properties": {"level": "primary", "school": "Carlton North Primary School", "year_level": "P6", "boundary_year": 2026}, "geometry": {"type": "Polygon", "coordinates": [[[144.9809752, -37.7930154], [144.9812107, -37.7910801], [144.9757979, -37.784808], [144.9735456, -37.7848643], [144.9594963, -37.7889528], [144.9772923, -37.7953196], [144.9809752, -37.7930154]]]}}, {"type": "Feature", "properties": {"level": "primary", "school": "Kew East Primary School", "year_level": "P6", "boundary_year": 2026}, "geometry": {"type": "Polygon", "coordinates": [[[145.0630881, -37.7973568], [145.063199, -37.7885619], [145.0610007, -37.7855934], [145.0579001, -37.7865967], [145.048131, -37.7836999], [145.0400447, -37.7904423], [145.0344666, -37.7906036], [145.0468814, -37.8078276], [145.0630881, -37.7973568]]]}}, {"type": "Feature", "properties": {"level": "primary", "school": "Doncaster Primary School", "year_level": "P6", "boundary_year": 2026}, "geometry": {"type": "Polygon", "coordinates": [[[145.1428066, -37.7930879], [145.1340909, -37.7738297], [145.1150941, -37.7801349], [145.1232929, -37.7928825], [145.1319242, -37.7953536], [145.1428066, -37.7930879]]]}}, {"type": "Feature", "properties": {"level": "primary", "school": "Ardeer South Primary School", "year_level": "P6", "boundary_year": 2026}, "geometry": {"type": "Polygon", "coordinates": [[[144.807892, -37.792473], [144.809928, -37.7860466], [144.7808465, -37.7822984], [144.7821323, -37.8155481], [144.807892, -37.792473]]]}}, {"type": "Feature", "properties": {"level": "primary", "school": "Sunshine Heights Primary School", "year_level": "P6", "boundary_year": 2026}, "geometry": {"type": "Polygon", "coordinates": [[[144.8236334, -37.7854836], [144.8113655, -37.7846118], [144.809928, -37.7860466], [144.807892, -37.792473], [144.8259087, -37.7993311], [144.8236334, -37.7854836]]]}}, {"type": "Feature", "properties": {"level": "primary", "school": "Boroondara Park Primary School", "year_level": "P6", "boundary_year": 2026}, "geometry": {"type": "Polygon", "coordinates": [[[145.1005324, -37.7917846], [145.1038284, -37.7785072], [145.1013516, -37.776299], [145.0971276, -37.7743149], [145.0788723, -37.7896844], [145.087139, -37.7974607], [145.1005324, -37.7917846]]]}}, {"type": "Feature", "properties": {"level": "primary", "school": "Doncaster Gardens Primary School", "year_level": "P6", "boundary_year": 2026}, "geometry": {"type": "Polygon", "coordinates": [[[145.1545931, -37.7885538], [145.1596207, -37.7790099], [145.1374993, -37.7698722], [145.1372317, -37.769903], [145.1340909, -37.7738297], [145.1428066, -37.7930879], [145.144545, -37.7937156], [145.1545931, -37.7885538]]]}}, {"type": "Feature", "properties": {"level": "primary", "school": "Ascot Vale West Primary School", "year_level": "P6", "boundary_year": 2026}, "geometry": {"type": "Polygon", "coordinates": [[[144.9095806, -37.7945759], [144.9100904, -37.7947115], [144.9225253, -37.7839413], [144.9225249, -37.7832988], [144.9164124, -37.7742178], [144.894085, -37.7763645], [144.8984916, -37.7872959], [144.9095806, -37.7945759]]]}}, {"type": "Feature", "properties": {"level": "primary", "school": "Donburn Primary School", "year_level": "P6", "boundary_year": 2026}, "geometry": {"type": "Polygon", "coordinates": [[[145.1857387, -37.7874806], [145.1635672, -37.7776007], [145.1596207, -37.7790099], [145.1545931, -37.7885538], [145.1687196, -37.7943084], [145.1857387, -37.7874806]]]}}, {"type": "Feature", "properties": {"level": "primary", "school": "Ringwood North Primary School", "year_level": "P6", "boundary_year": 2026}, "geometry": {"type": "Polygon", "coordinates": [[[145.2418261, -37.7874203], [145.2412203, -37.7850239], [145.2323034, -37.7801679], [145.21517, -37.7919194], [145.2290737, -37.8025913], [145.2418261, -37.7874203]]]}}, {"type": "Feature", "properties": {"level": "primary", "school": "Alphington Primary School", "year_level": "P6", "boundary_year": 2026}, "geometry": {"type": "Polygon", "coordinates": [[[145.0344666, -37.7906036], [145.0400447, -37.7904423], [145.048131, -37.7836999], [145.0453053, -37.7782345], [145.0321657, -37.7728749], [145.0189097, -37.7903981], [145.0222013, -37.7912733], [145.0344666, -37.7906036]]]}}, {"type": "Feature", "properties": {"level": "primary", "school": "Brunswick South Primary School", "year_level": "P6", "boundary_year": 2026}, "geometry": {"type": "Polygon", "coordinates": [[[144.9757979, -37.784808], [144.9802906, -37.7796055], [144.9790562, -37.7729631], [144.9641409, -37.7677407], [144.9633894, -37.7678621], [144.9632725, -37.7679469], [144.9735456, -37.7848643], [144.9757979, -37.784808]]]}}, {"type": "Feature", "properties": {"level": "primary", "school": "Fitzroy North Primary School", "year_level": "P6", "boundary_year": 2026}, "geometry": {"type": "Polygon", "coordinates": [[[144.994085, -37.7854104], [144.9944033, -37.7831787], [144.9802906, -37.7796055], [144.9757979, -37.784808], [144.9812107, -37.7910801], [144.994085, -37.7854104]]]}}, {"type": "Feature", "properties": {"level": "primary", "school": "Yarra Junction Primary School", "year_level": "P6", "boundary_year": 2026}, "geometry": {"type": "Polygon", "coordinates": [[[145.6350947, -37.7951383], [145.6192482, -37.755551], [145.5875771, -37.7753413], [145.5921162, -37.8044088], [145.617846, -37.8069669], [145.6350947, -37.7951383]]]}}, {"type": "Feature", "properties": {"level": "primary", "school": "Princes Hill Primary School", "year_level": "P6", "boundary_year": 2026}, "geometry": {"type": "Polygon", "coordinates": [[[144.9594963, -37.7889528], [144.9735456, -37.7848643], [144.9632725, -37.7679469], [144.959192, -37.7701576], [144.9514158, -37.7824147], [144.952178, -37.7852524], [144.958505, -37.789049], [144.9594963, -37.7889528]]]}}, {"type": "Feature", "properties": {"level": "primary", "school": "Launching Place Primary School", "year_level": "P6", "boundary_year": 2026}, "geometry": {"type": "Polygon", "coordinates": [[[145.5921162, -37.8044088], [145.5875771, -37.7753413], [145.555896, -37.7604378], [145.5428576, -37.8213945], [145.5921162, -37.8044088]]]}}, {"type": "Feature", "properties": {"level": "primary", "school": "Woori Yallock Primary School", "year_level": "P6", "boundary_year": 2026}, "geometry": {"type": "Polygon", "coordinates": [[[145.5428576, -37.8213945], [145.555896, -37.7604378], [145.5404418, -37.7293819], [145.5135882, -37.7292829], [145.5010827, -37.7442815], [145.4944043, -37.8267973], [145.4975832, -37.8315117], [145.5199039, -37.8386693], [145.5428576, -37.8213945]]]}}, {"type": "Feature", "properties": {"level": "primary", "school": "Badger Creek Primary School", "year_level": "P6", "boundary_year": 2026}, "geometry": {"type": "Polygon", "coordinates": [[[145.5404418, -37.7293819], [145.6092502, -37.6995468], [145.6713097, -37.6344212], [145.6759283, -37.6246887], [145.657196, -37.6095961], [145.4753337, -37.6913586], [145.5135882, -37.7292829], [145.5404418, -37.7293819]]]}}, {"type": "Feature", "properties": {"level": "primary", "school": "Gruyere Primary School", "year_level": "P6", "boundary_year": 2026}, "geometry": {"type": "Polygon", "coordinates": [[[145.5135882, -37.7292829], [145.4753337, -37.6913586], [145.4458449, -37.6754627], [145.4170765, -37.7185566], [145.4162381, -37.7420073], [145.4386914, -37.7581397], [145.5010827, -37.7442815], [145.5135882, -37.7292829]]]}}, {"type": "Feature", "properties": {"level": "primary", "school": "Seville Primary School", "year_level": "P6", "boundary_year": 2026}, "geometry": {"type": "Polygon", "coordinates": [[[145.4944043, -37.8267973], [145.5010827, -37.7442815], [145.4386914, -37.7581397], [145.4374965, -37.7681718], [145.4878103, -37.8232734], [145.4944043, -37.8267973]]]}}, {"type": "Feature", "properties": {"level": "primary", "school": "Yering Primary School", "year_level": "P6", "boundary_year": 2026}, "geometry": {"type": "Polygon", "coordinates": [[[145.4458449, -37.6754627], [145.4428519, -37.6702126], [145.3409548, -37.6815696], [145.3214797, -37.7000789], [145.3228437, -37.7037632], [145.3355506, -37.7164763], [145.3404148, -37.7193171], [145.3406953, -37.7194198], [145.4170765, -37.7185566], [145.4458449, -37.6754627]]]}}, {"type": "Feature", "properties": {"level": "primary", "school": "Kalinda Primary School", "year_level": "P6", "boundary_year": 2026}, "geometry": {"type": "Polygon", "coordinates": [[[145.264993, -37.7843278], [145.2589755, -37.7791555], [145.2412203, -37.7850239], [145.2418261, -37.7874203], [145.2529714, -37.8002195], [145.264993, -37.7843278]]]}}, {"type": "Feature", "properties": {"level": "primary", "school": "Mooroolbark East Primary School", "year_level": "P6", "boundary_year": 2026}, "geometry": {"type": "Polygon", "coordinates": [[[145.355767, -37.7936544], [145.3482017, -37.7719953], [145.3350562, -37.7756153], [145.320428, -37.7859078], [145.3413466, -37.7970599], [145.355767, -37.7936544]]]}}, {"type": "Feature", "properties": {"level": "primary", "school": "Birmingham Primary School", "year_level": "P6", "boundary_year": 2026}, "geometry": {"type": "Polygon", "coordinates": [[[145.3887967, -37.7738392], [145.3831727, -37.7589347], [145.3486649, -37.7710641], [145.3482017, -37.7719953], [145.355767, -37.7936544], [145.3661586, -37.7993501], [145.3887967, -37.7738392]]]}}, {"type": "Feature", "properties": {"level": "primary", "school": "Debney Meadows Primary School", "year_level": "P6", "boundary_year": 2026}, "geometry": {"type": "Polygon", "coordinates": [[[144.952178, -37.7852524], [144.9514158, -37.7824147], [144.9482581, -37.781335], [144.9249018, -37.7847285], [144.9394093, -37.7950235], [144.952178, -37.7852524]]]}}, {"type": "Feature", "properties": {"level": "primary", "school": "Ardeer Primary School", "year_level": "P6", "boundary_year": 2026}, "geometry": {"type": "Polygon", "coordinates": [[[144.8113655, -37.7846118], [144.8073483, -37.7683249], [144.800134, -37.7678788], [144.7835809, -37.7737435], [144.780528, -37.7813868], [144.7808465, -37.7822984], [144.809928, -37.7860466], [144.8113655, -37.7846118]]]}}, {"type": "Feature", "properties": {"level": "primary", "school": "Albion Primary School", "year_level": "P6", "boundary_year": 2026}, "geometry": {"type": "Polygon", "coordinates": [[[144.8317393, -37.780956], [144.8260744, -37.7707088], [144.8165189, -37.7662399], [144.8122616, -37.7680065], [144.8073483, -37.7683249], [144.8113655, -37.7846118], [144.8236334, -37.7854836], [144.8317393, -37.780956]]]}}, {"type": "Feature", "properties": {"level": "primary", "school": "Footscray North Primary School", "year_level": "P6", "boundary_year": 2026}, "geometry": {"type": "Polygon", "coordinates": [[[144.8984916, -37.7872959], [144.894085, -37.7763645], [144.8892452, -37.7721496], [144.8824244, -37.7705807], [144.8675201, -37.7800854], [144.8682884, -37.7834147], [144.8844905, -37.7949967], [144.8984916, -37.7872959]]]}}, {"type": "Feature", "properties": {"level": "primary", "school": "Croydon Hills Primary School", "year_level": "P6", "boundary_year": 2026}, "geometry": {"type": "Polygon", "coordinates": [[[145.2912438, -37.7797644], [145.2896965, -37.7717346], [145.260119, -37.7714051], [145.2589755, -37.7791555], [145.264993, -37.7843278], [145.2723801, -37.7864493], [145.2912438, -37.7797644]]]}}, {"type": "Feature", "properties": {"level": "primary", "school": "Belle Vue Primary School", "year_level": "P6", "boundary_year": 2026}, "geometry": {"type": "Polygon", "coordinates": [[[145.0971276, -37.7743149], [145.0868772, -37.7652567], [145.0760258, -37.7679255], [145.0651641, -37.7844819], [145.0610007, -37.7855934], [145.063199, -37.7885619], [145.0788723, -37.7896844], [145.0971276, -37.7743149]]]}}, {"type": "Feature", "properties": {"level": "primary", "school": "Park Orchards Primary School", "year_level": "P6", "boundary_year": 2026}, "geometry": {"type": "Polygon", "coordinates": [[[145.21517, -37.7919194], [145.2323034, -37.7801679], [145.2273176, -37.7612938], [145.197889, -37.7661764], [145.1930851, -37.7877249], [145.1943207, -37.7892942], [145.2005805, -37.7923978], [145.21517, -37.7919194]]]}}, {"type": "Feature", "properties": {"level": "primary", "school": "Fairfield Primary School", "year_level": "P6", "boundary_year": 2026}, "geometry": {"type": "Polygon", "coordinates": [[[145.0321657, -37.7728749], [145.0257415, -37.7648708], [145.0255962, -37.7648953], [145.0141656, -37.7699501], [145.0121405, -37.7823933], [145.0189097, -37.7903981], [145.0321657, -37.7728749]]]}}, {"type": "Feature", "properties": {"level": "primary", "school": "Flemington Primary School", "year_level": "P6", "boundary_year": 2026}, "geometry": {"type": "Polygon", "coordinates": [[[144.9482581, -37.781335], [144.9370068, -37.774598], [144.9371871, -37.7719636], [144.9225249, -37.7832988], [144.9225253, -37.7839413], [144.9249018, -37.7847285], [144.9482581, -37.781335]]]}}, {"type": "Feature", "properties": {"level": "primary", "school": "Merri Creek Primary School", "year_level": "P6", "boundary_year": 2026}, "geometry": {"type": "Polygon", "coordinates": [[[144.9966498, -37.7808037], [144.9965934, -37.7794846], [144.987864, -37.7694584], [144.9790562, -37.7729631], [144.9802906, -37.7796055], [144.9944033, -37.7831787], [144.9966498, -37.7808037]]]}}, {"type": "Feature", "properties": {"level": "primary", "school": "Bimbadeen Heights Primary School", "year_level": "P6", "boundary_year": 2026}, "geometry": {"type": "Polygon", "coordinates": [[[145.320428, -37.7859078], [145.3350562, -37.7756153], [145.3160439, -37.7662025], [145.3121406, -37.7871219], [145.3126937, -37.7871971], [145.320428, -37.7859078]]]}}, {"type": "Feature", "properties": {"level": "primary", "school": "Westgarth Primary School", "year_level": "P6", "boundary_year": 2026}, "geometry": {"type": "Polygon", "coordinates": [[[145.0141656, -37.7699501], [145.0058013, -37.7687974], [144.9965934, -37.7794846], [144.9966498, -37.7808037], [145.0121405, -37.7823933], [145.0141656, -37.7699501]]]}}, {"type": "Feature", "properties": {"level": "primary", "school": "Manchester Primary School", "year_level": "P6", "boundary_year": 2026}, "geometry": {"type": "Polygon", "coordinates": [[[145.3121406, -37.7871219], [145.3160439, -37.7662025], [145.3137099, -37.761489], [145.2927829, -37.7597398], [145.2896965, -37.7717346], [145.2912438, -37.7797644], [145.2962706, -37.783868], [145.3090201, -37.7875526], [145.3121406, -37.7871219]]]}}, {"type": "Feature", "properties": {"level": "primary", "school": "Sunshine Harvester Primary School", "year_level": "P6", "boundary_year": 2026}, "geometry": {"type": "Polygon", "coordinates": [[[144.8615923, -37.7792948], [144.8508102, -37.7728802], [144.8335687, -37.7813278], [144.8435291, -37.7928427], [144.8615923, -37.7792948]]]}}, {"type": "Feature", "properties": {"level": "primary", "school": "Wandin Yallock Primary School", "year_level": "P6", "boundary_year": 2026}, "geometry": {"type": "Polygon", "coordinates": [[[145.4374965, -37.7681718], [145.4123388, -37.7884888], [145.4126743, -37.8031429], [145.4878103, -37.8232734], [145.4374965, -37.7681718]]]}}, {"type": "Feature", "properties": {"level": "primary", "school": "Sunshine North Primary School", "year_level": "P6", "boundary_year": 2026}, "geometry": {"type": "Polygon", "coordinates": [[[144.8508102, -37.7728802], [144.8513667, -37.7686433], [144.8524565, -37.7675418], [144.8533382, -37.766423], [144.8538063, -37.7633186], [144.8505248, -37.7616621], [144.843859, -37.754667], [144.8260744, -37.7707088], [144.8317393, -37.780956], [144.8335687, -37.7813278], [144.8508102, -37.7728802]]]}}, {"type": "Feature", "properties": {"level": "primary", "school": "Ivanhoe East Primary School", "year_level": "P6", "boundary_year": 2026}, "geometry": {"type": "Polygon", "coordinates": [[[145.0760258, -37.7679255], [145.0571237, -37.7629264], [145.0453053, -37.7782345], [145.048131, -37.7836999], [145.0579001, -37.7865967], [145.0610007, -37.7855934], [145.0651641, -37.7844819], [145.0760258, -37.7679255]]]}}, {"type": "Feature", "properties": {"level": "primary", "school": "Yarra Glen Primary School", "year_level": "P6", "boundary_year": 2026}, "geometry": {"type": "Polygon", "coordinates": [[[145.4428519, -37.6702126], [145.4444393, -37.6508004], [145.4479221, -37.6496495], [145.447191, -37.647267], [145.4476019, -37.646439], [145.4465072, -37.644875], [145.4467161, -37.641804], [145.448724, -37.64114], [145.4491599, -37.640577], [145.450739, -37.6358569], [145.4516401, -37.6349441], [145.4517849, -37.6348809], [145.4522899, -37.634922], [145.454066, -37.635548], [145.4571208, -37.62868], [145.4565949, -37.624427], [145.4547979, -37.6231609], [145.454666, -37.6223661], [145.4573081, -37.618993], [145.454233, -37.6126269], [145.4547562, -37.611802], [145.4548259, -37.610967], [145.4544829, -37.609594], [145.452289, -37.6082609], [145.4515969, -37.60707], [145.449762, -37.606492], [145.4484621, -37.606796], [145.4464829, -37.607676], [145.4433661, -37.6059029], [145.4430038, -37.605485], [145.441154, -37.604608], [145.4398799, -37.604722], [145.4386709, -37.602961], [145.435965, -37.6013149], [145.4356999, -37.596338], [145.4366012, -37.595677], [145.4368479, -37.5933949], [145.4330661, -37.591868], [145.4319641, -37.5931231], [145.4286802, -37.591181], [145.4264421, -37.5920349], [145.4242841, -37.591164], [145.4236929, -37.5904869], [145.4233488, -37.5902509], [145.421186, -37.589533], [145.4207129, -37.588709], [145.4209409, -37.5870549], [145.4191229, -37.5824649], [145.4222121, -37.580669], [145.4240809, -37.582049], [145.4263261, -37.5811289], [145.427312, -37.5809229], [145.428145, -37.579744], [145.428154, -37.5795879], [145.4298159, -37.5778411], [145.4306969, -37.5774149], [145.4318368, -37.5745561], [145.429222, -37.572959], [145.4281269, -37.5735249], [145.426102, -37.572931], [145.4236241, -37.57387], [145.4228249, -37.5737349], [145.4212369, -37.574621], [145.419925, -37.574466], [145.4190571, -37.578129], [145.417855, -37.5788659], [145.4175641, -37.579197], [145.4153401, -37.578664], [145.4150441, -37.578884], [145.4114138, -37.577776], [145.4113629, -37.57778], [145.4105129, -37.5788059], [145.410198, -37.579056], [145.4100221, -37.579129], [145.407094, -37.5769531], [145.4050471, -37.578069], [145.403753, -37.578898], [145.402088, -37.57851], [145.4015101, -37.5770239], [145.4020641, -37.575289], [145.402062, -37.5747591], [145.4055761, -37.569844], [145.405406, -37.569591], [145.4054501, -37.567554], [145.4045249, -37.5666569], [145.3969341, -37.564607], [145.3967552, -37.5636339], [145.398813, -37.561354], [145.399599, -37.559583], [145.4000201, -37.554697], [145.4003959, -37.5530859], [145.3996601, -37.5513399], [145.3954208, -37.548525], [145.3953459, -37.548533], [145.3922172, -37.5478221], [145.3920451, -37.547775], [145.3918408, -37.547667], [145.3902141, -37.547521], [145.3868831, -37.546207], [145.3843198, -37.5462869], [145.3820991, -37.548928], [145.3824069, -37.5534649], [145.3818999, -37.555083], [145.3818159, -37.555193], [145.3743071, -37.5565839], [145.3711779, -37.554206], [145.3638981, -37.552344], [145.3638561, -37.552367], [145.3662681, -37.563371], [145.3666881, -37.564201], [145.368589, -37.5663999], [145.3689079, -37.5672299], [145.368186, -37.5694981], [145.3677691, -37.569949], [145.3664601, -37.577583], [145.3639971, -37.579029], [145.361853, -37.5775119], [145.3606621, -37.577569], [145.3606909, -37.578052], [145.3603501, -37.5794549], [145.3593749, -37.5826799], [145.35413, -37.5852469], [145.3535, -37.58586], [145.3476289, -37.5846999], [145.3471349, -37.5848289], [145.3470614, -37.5849673], [145.3448031, -37.5892141], [145.3426888, -37.591778], [145.3414358, -37.59424], [145.340321, -37.5956429], [145.3394369, -37.598948], [145.339264, -37.599262], [145.3389971, -37.600198], [145.3393872, -37.6009663], [145.3344335, -37.6077616], [145.3409548, -37.6815696], [145.4428519, -37.6702126]]]}}, {"type": "Feature", "properties": {"level": "primary", "school": "Christmas Hills Primary School", "year_level": "P6", "boundary_year": 2026}, "geometry": {"type": "Polygon", "coordinates": [[[145.3409548, -37.6815696], [145.3344335, -37.6077616], [145.2762721, -37.6324751], [145.2630209, -37.6779365], [145.2692607, -37.6871703], [145.3214797, -37.7000789], [145.3409548, -37.6815696]]]}}, {"type": "Feature", "properties": {"level": "primary", "school": "Brunswick South West Primary School", "year_level": "P6", "boundary_year": 2026}, "geometry": {"type": "Polygon", "coordinates": [[[144.959192, -37.7701576], [144.94613, -37.7648633], [144.9431141, -37.7636402], [144.9418724, -37.763636], [144.9374188, -37.7677235], [144.9371362, -37.7717996], [144.9371871, -37.7719636], [144.9370068, -37.774598], [144.9482581, -37.781335], [144.9514158, -37.7824147], [144.959192, -37.7701576]]]}}, {"type": "Feature", "properties": {"level": "primary", "school": "Brunswick North Primary School", "year_level": "P6", "boundary_year": 2026}, "geometry": {"type": "Polygon", "coordinates": [[[144.959192, -37.7701576], [144.9632725, -37.7679469], [144.9633894, -37.7678621], [144.9561161, -37.7525045], [144.9506434, -37.7532683], [144.9431141, -37.7636402], [144.94613, -37.7648633], [144.959192, -37.7701576]]]}}, {"type": "Feature", "properties": {"level": "primary", "school": "Warranwood Primary School", "year_level": "P6", "boundary_year": 2026}, "geometry": {"type": "Polygon", "coordinates": [[[145.2589755, -37.7791555], [145.260119, -37.7714051], [145.2483047, -37.747743], [145.2474034, -37.7473927], [145.2297437, -37.7589934], [145.2273176, -37.7612938], [145.2323034, -37.7801679], [145.2412203, -37.7850239], [145.2589755, -37.7791555]]]}}, {"type": "Feature", "properties": {"level": "primary", "school": "Milgate Primary School", "year_level": "P6", "boundary_year": 2026}, "geometry": {"type": "Polygon", "coordinates": [[[145.197889, -37.7661764], [145.1745223, -37.7474641], [145.1722431, -37.7500821], [145.1635672, -37.7776007], [145.1857387, -37.7874806], [145.1930851, -37.7877249], [145.197889, -37.7661764]]]}}, {"type": "Feature", "properties": {"level": "primary", "school": "Serpell Primary School", "year_level": "P6", "boundary_year": 2026}, "geometry": {"type": "Polygon", "coordinates": [[[145.1635672, -37.7776007], [145.1722431, -37.7500821], [145.1374993, -37.7698722], [145.1596207, -37.7790099], [145.1635672, -37.7776007]]]}}, {"type": "Feature", "properties": {"level": "primary", "school": "Ascot Vale Primary School", "year_level": "P6", "boundary_year": 2026}, "geometry": {"type": "Polygon", "coordinates": [[[144.9371871, -37.7719636], [144.9371362, -37.7717996], [144.920886, -37.7654162], [144.9164124, -37.7742178], [144.9225249, -37.7832988], [144.9371871, -37.7719636]]]}}, {"type": "Feature", "properties": {"level": "primary", "school": "Avondale Primary School", "year_level": "P6", "boundary_year": 2026}, "geometry": {"type": "Polygon", "coordinates": [[[144.8824244, -37.7705807], [144.8742938, -37.7529603], [144.8446829, -37.7497214], [144.843859, -37.754667], [144.8505248, -37.7616621], [144.8538063, -37.7633186], [144.8533382, -37.766423], [144.8524565, -37.7675418], [144.8513667, -37.7686433], [144.8508102, -37.7728802], [144.8615923, -37.7792948], [144.8675201, -37.7800854], [144.8824244, -37.7705807]]]}}, {"type": "Feature", "properties": {"level": "primary", "school": "Ivanhoe Primary School", "year_level": "P6", "boundary_year": 2026}, "geometry": {"type": "Polygon", "coordinates": [[[145.0571237, -37.7629264], [145.0499989, -37.7535318], [145.0327863, -37.7542965], [145.0257415, -37.7648708], [145.0321657, -37.7728749], [145.0453053, -37.7782345], [145.0571237, -37.7629264]]]}}, {"type": "Feature", "properties": {"level": "primary", "school": "Moonee Ponds West Primary School", "year_level": "P6", "boundary_year": 2026}, "geometry": {"type": "Polygon", "coordinates": [[[144.9164124, -37.7742178], [144.920886, -37.7654162], [144.9200915, -37.7633037], [144.908551, -37.7579307], [144.8892452, -37.7721496], [144.894085, -37.7763645], [144.9164124, -37.7742178]]]}}, {"type": "Feature", "properties": {"level": "primary", "school": "Brunswick East Primary School", "year_level": "P6", "boundary_year": 2026}, "geometry": {"type": "Polygon", "coordinates": [[[144.987864, -37.7694584], [144.9914264, -37.7636192], [144.9844762, -37.756167], [144.9800486, -37.7544824], [144.9641409, -37.7677407], [144.9790562, -37.7729631], [144.987864, -37.7694584]]]}}, {"type": "Feature", "properties": {"level": "primary", "school": "Northcote Primary School", "year_level": "P6", "boundary_year": 2026}, "geometry": {"type": "Polygon", "coordinates": [[[145.0058013, -37.7687974], [144.9987038, -37.7635817], [144.9914264, -37.7636192], [144.987864, -37.7694584], [144.9965934, -37.7794846], [145.0058013, -37.7687974]]]}}, {"type": "Feature", "properties": {"level": "primary", "school": "Templestowe Heights Primary School", "year_level": "P6", "boundary_year": 2026}, "geometry": {"type": "Polygon", "coordinates": [[[145.1340909, -37.7738297], [145.1372317, -37.769903], [145.1253136, -37.7534895], [145.1013516, -37.776299], [145.1038284, -37.7785072], [145.1150941, -37.7801349], [145.1340909, -37.7738297]]]}}, {"type": "Feature", "properties": {"level": "primary", "school": "Wales Street Primary School", "year_level": "P6", "boundary_year": 2026}, "geometry": {"type": "Polygon", "coordinates": [[[145.0255962, -37.7648953], [145.0055164, -37.755055], [144.9987038, -37.7635817], [145.0058013, -37.7687974], [145.0141656, -37.7699501], [145.0255962, -37.7648953]]]}}, {"type": "Feature", "properties": {"level": "primary", "school": "Deer Park West Primary School", "year_level": "P6", "boundary_year": 2026}, "geometry": {"type": "Polygon", "coordinates": [[[144.7835809, -37.7737435], [144.7779569, -37.7673911], [144.7568246, -37.7593381], [144.7461749, -37.7622803], [144.7260433, -37.7757327], [144.7256473, -37.7789056], [144.780528, -37.7813868], [144.7835809, -37.7737435]]]}}, {"type": "Feature", "properties": {"level": "primary", "school": "Rolling Hills Primary School", "year_level": "P6", "boundary_year": 2026}, "geometry": {"type": "Polygon", "coordinates": [[[145.3482017, -37.7719953], [145.3486649, -37.7710641], [145.347009, -37.7688524], [145.3225401, -37.7562432], [145.3137099, -37.761489], [145.3160439, -37.7662025], [145.3350562, -37.7756153], [145.3482017, -37.7719953]]]}}, {"type": "Feature", "properties": {"level": "primary", "school": "Templestowe Valley Primary School", "year_level": "P6", "boundary_year": 2026}, "geometry": {"type": "Polygon", "coordinates": [[[145.1253136, -37.7534895], [145.1148181, -37.753137], [145.0959562, -37.7494314], [145.0899332, -37.7564533], [145.0887659, -37.7568866], [145.0868772, -37.7652567], [145.0971276, -37.7743149], [145.1013516, -37.776299], [145.1253136, -37.7534895]]]}}, {"type": "Feature", "properties": {"level": "primary", "school": "Wandin North Primary School", "year_level": "P6", "boundary_year": 2026}, "geometry": {"type": "Polygon", "coordinates": [[[145.4374965, -37.7681718], [145.4386914, -37.7581397], [145.4162381, -37.7420073], [145.38422, -37.7566534], [145.3831727, -37.7589347], [145.3887967, -37.7738392], [145.4123388, -37.7884888], [145.4374965, -37.7681718]]]}}, {"type": "Feature", "properties": {"level": "primary", "school": "Yarra Road Primary School", "year_level": "P6", "boundary_year": 2026}, "geometry": {"type": "Polygon", "coordinates": [[[145.2927829, -37.7597398], [145.28561, -37.7489107], [145.2483047, -37.747743], [145.260119, -37.7714051], [145.2896965, -37.7717346], [145.2927829, -37.7597398]]]}}, {"type": "Feature", "properties": {"level": "primary", "school": "Moonee Ponds Primary School", "year_level": "P6", "boundary_year": 2026}, "geometry": {"type": "Polygon", "coordinates": [[[144.9418724, -37.763636], [144.9326874, -37.7543767], [144.9322915, -37.7543395], [144.9200915, -37.7633037], [144.920886, -37.7654162], [144.9371362, -37.7717996], [144.9374188, -37.7677235], [144.9418724, -37.763636]]]}}, {"type": "Feature", "properties": {"level": "primary", "school": "Brunswick North West Primary School", "year_level": "P6", "boundary_year": 2026}, "geometry": {"type": "Polygon", "coordinates": [[[144.9506434, -37.7532683], [144.9408202, -37.7506562], [144.9326874, -37.7543767], [144.9418724, -37.763636], [144.9431141, -37.7636402], [144.9506434, -37.7532683]]]}}, {"type": "Feature", "properties": {"level": "primary", "school": "Cairnlea Park Primary School", "year_level": "P6", "boundary_year": 2026}, "geometry": {"type": "Polygon", "coordinates": [[[144.800134, -37.7678788], [144.7921944, -37.7488769], [144.7875892, -37.7477552], [144.7832475, -37.7502623], [144.7779569, -37.7673911], [144.7835809, -37.7737435], [144.800134, -37.7678788]]]}}, {"type": "Feature", "properties": {"level": "primary", "school": "Templestowe Park Primary School", "year_level": "P6", "boundary_year": 2026}, "geometry": {"type": "Polygon", "coordinates": [[[145.1374993, -37.7698722], [145.1722431, -37.7500821], [145.1745223, -37.7474641], [145.1736775, -37.7432026], [145.1387568, -37.7400079], [145.1251996, -37.7436523], [145.1148181, -37.753137], [145.1253136, -37.7534895], [145.1372317, -37.769903], [145.1374993, -37.7698722]]]}}, {"type": "Feature", "properties": {"level": "primary", "school": "Merri-bek Primary School", "year_level": "P6", "boundary_year": 2026}, "geometry": {"type": "Polygon", "coordinates": [[[144.9641409, -37.7677407], [144.9800486, -37.7544824], [144.9773866, -37.748973], [144.9594119, -37.7475437], [144.9561161, -37.7525045], [144.9633894, -37.7678621], [144.9641409, -37.7677407]]]}}, {"type": "Feature", "properties": {"level": "primary", "school": "University Park Primary School", "year_level": "P6", "boundary_year": 2026}, "geometry": {"type": "Polygon", "coordinates": [[[144.8165189, -37.7662399], [144.812503, -37.7607391], [144.8114273, -37.7602555], [144.8104927, -37.7545559], [144.7998451, -37.7466951], [144.7921944, -37.7488769], [144.800134, -37.7678788], [144.8073483, -37.7683249], [144.8122616, -37.7680065], [144.8165189, -37.7662399]]]}}, {"type": "Feature", "properties": {"level": "primary", "school": "Albion North Primary School", "year_level": "P6", "boundary_year": 2026}, "geometry": {"type": "Polygon", "coordinates": [[[144.843859, -37.754667], [144.8446829, -37.7497214], [144.8438905, -37.7488402], [144.8418301, -37.7448467], [144.8323301, -37.7506211], [144.8254215, -37.7555641], [144.8246405, -37.7561398], [144.812503, -37.7607391], [144.8165189, -37.7662399], [144.8260744, -37.7707088], [144.843859, -37.754667]]]}}, {"type": "Feature", "properties": {"level": "primary", "school": "Thornbury Primary School", "year_level": "P6", "boundary_year": 2026}, "geometry": {"type": "Polygon", "coordinates": [[[144.9987038, -37.7635817], [145.0055164, -37.755055], [145.0054836, -37.7546677], [144.9990128, -37.7488921], [144.9844762, -37.756167], [144.9914264, -37.7636192], [144.9987038, -37.7635817]]]}}, {"type": "Feature", "properties": {"level": "primary", "school": "Aberfeldie Primary School", "year_level": "P6", "boundary_year": 2026}, "geometry": {"type": "Polygon", "coordinates": [[[144.908551, -37.7579307], [144.9073282, -37.7519605], [144.8853531, -37.7441683], [144.8839839, -37.7447184], [144.8836763, -37.7448433], [144.8823751, -37.7453656], [144.8742938, -37.7529603], [144.8824244, -37.7705807], [144.8892452, -37.7721496], [144.908551, -37.7579307]]]}}, {"type": "Feature", "properties": {"level": "primary", "school": "Lilydale Primary School", "year_level": "P6", "boundary_year": 2026}, "geometry": {"type": "Polygon", "coordinates": [[[145.3831727, -37.7589347], [145.38422, -37.7566534], [145.3406953, -37.7194198], [145.3404148, -37.7193171], [145.347009, -37.7688524], [145.3486649, -37.7710641], [145.3831727, -37.7589347]]]}}, {"type": "Feature", "properties": {"level": "primary", "school": "Heidelberg Primary School", "year_level": "P6", "boundary_year": 2026}, "geometry": {"type": "Polygon", "coordinates": [[[145.0868772, -37.7652567], [145.0887659, -37.7568866], [145.0872563, -37.7574464], [145.0656554, -37.7450006], [145.0555693, -37.7466141], [145.0499989, -37.7535318], [145.0571237, -37.7629264], [145.0760258, -37.7679255], [145.0868772, -37.7652567]]]}}, {"type": "Feature", "properties": {"level": "primary", "school": "Penders Grove Primary School", "year_level": "P6", "boundary_year": 2026}, "geometry": {"type": "Polygon", "coordinates": [[[145.0257415, -37.7648708], [145.0327863, -37.7542965], [145.0259767, -37.7456194], [145.0221261, -37.7439021], [145.0054836, -37.7546677], [145.0055164, -37.755055], [145.0255962, -37.7648953], [145.0257415, -37.7648708]]]}}, {"type": "Feature", "properties": {"level": "primary", "school": "St Albans Meadows Primary School", "year_level": "P6", "boundary_year": 2026}, "geometry": {"type": "Polygon", "coordinates": [[[144.8418301, -37.7448467], [144.838736, -37.7388498], [144.8383914, -37.7387439], [144.819129, -37.7459986], [144.8104927, -37.7545559], [144.8114273, -37.7602555], [144.812503, -37.7607391], [144.8246405, -37.7561398], [144.8254215, -37.7555641], [144.8323301, -37.7506211], [144.8418301, -37.7448467]]]}}, {"type": "Feature", "properties": {"level": "primary", "school": "Essendon Primary School", "year_level": "P6", "boundary_year": 2026}, "geometry": {"type": "Polygon", "coordinates": [[[144.9322915, -37.7543395], [144.9236889, -37.7436276], [144.9145374, -37.744953], [144.9073282, -37.7519605], [144.908551, -37.7579307], [144.9200915, -37.7633037], [144.9322915, -37.7543395]]]}}, {"type": "Feature", "properties": {"level": "primary", "school": "Pascoe Vale South Primary School", "year_level": "P6", "boundary_year": 2026}, "geometry": {"type": "Polygon", "coordinates": [[[144.9408202, -37.7506562], [144.9428392, -37.7399836], [144.9417859, -37.7388523], [144.9372367, -37.7385275], [144.9286563, -37.7379145], [144.9236889, -37.7436276], [144.9322915, -37.7543395], [144.9326874, -37.7543767], [144.9408202, -37.7506562]]]}}, {"type": "Feature", "properties": {"level": "primary", "school": "Chirnside Park Primary School", "year_level": "P6", "boundary_year": 2026}, "geometry": {"type": "Polygon", "coordinates": [[[145.3225401, -37.7562432], [145.3355506, -37.7164763], [145.3228437, -37.7037632], [145.28561, -37.7489107], [145.2927829, -37.7597398], [145.3137099, -37.761489], [145.3225401, -37.7562432]]]}}, {"type": "Feature", "properties": {"level": "primary", "school": "Victoria Road Primary School", "year_level": "P6", "boundary_year": 2026}, "geometry": {"type": "Polygon", "coordinates": [[[145.3404148, -37.7193171], [145.3355506, -37.7164763], [145.3225401, -37.7562432], [145.347009, -37.7688524], [145.3404148, -37.7193171]]]}}, {"type": "Feature", "properties": {"level": "primary", "school": "Deer Park North Primary School", "year_level": "P6", "boundary_year": 2026}, "geometry": {"type": "Polygon", "coordinates": [[[144.7832475, -37.7502623], [144.7642618, -37.749876], [144.7568246, -37.7593381], [144.7779569, -37.7673911], [144.7832475, -37.7502623]]]}}, {"type": "Feature", "properties": {"level": "primary", "school": "Burnside Primary School", "year_level": "P6", "boundary_year": 2026}, "geometry": {"type": "Polygon", "coordinates": [[[144.7568246, -37.7593381], [144.7642618, -37.749876], [144.7632717, -37.7416611], [144.7627093, -37.7412454], [144.7620436, -37.7407838], [144.7626843, -37.7402128], [144.7629306, -37.7398064], [144.7627344, -37.7384494], [144.762134, -37.7380117], [144.7618004, -37.7378104], [144.7619209, -37.7372503], [144.7617442, -37.737051], [144.7612607, -37.7369895], [144.756472, -37.7387847], [144.7550909, -37.7386522], [144.7547341, -37.7386692], [144.754392, -37.7388867], [144.7529963, -37.7402716], [144.7527676, -37.7404812], [144.7525117, -37.7410861], [144.751045, -37.7415866], [144.7496289, -37.7413899], [144.7471324, -37.7386646], [144.7446918, -37.7406994], [144.7461749, -37.7622803], [144.7568246, -37.7593381]]]}}, {"type": "Feature", "properties": {"level": "primary", "school": "Brookside P-9 College", "year_level": "P6", "boundary_year": 2026}, "geometry": {"type": "Polygon", "coordinates": [[[144.7260433, -37.7757327], [144.7461749, -37.7622803], [144.7446918, -37.7406994], [144.7126086, -37.7393099], [144.706355, -37.7456446], [144.7260433, -37.7757327]]]}}, {"type": "Feature", "properties": {"level": "primary", "school": "Coburg West Primary School", "year_level": "P6", "boundary_year": 2026}, "geometry": {"type": "Polygon", "coordinates": [[[144.9561161, -37.7525045], [144.9594119, -37.7475437], [144.9576245, -37.7435768], [144.9428392, -37.7399836], [144.9408202, -37.7506562], [144.9506434, -37.7532683], [144.9561161, -37.7525045]]]}}, {"type": "Feature", "properties": {"level": "primary", "school": "Bell Primary School", "year_level": "P6", "boundary_year": 2026}, "geometry": {"type": "Polygon", "coordinates": [[[144.9990128, -37.7488921], [144.9990853, -37.7443357], [144.9836854, -37.7397141], [144.9813833, -37.740147], [144.9773866, -37.748973], [144.9800486, -37.7544824], [144.9844762, -37.756167], [144.9990128, -37.7488921]]]}}, {"type": "Feature", "properties": {"level": "primary", "school": "Preston South Primary School", "year_level": "P6", "boundary_year": 2026}, "geometry": {"type": "Polygon", "coordinates": [[[145.0221261, -37.7439021], [145.0181459, -37.7401733], [145.0065853, -37.7389689], [144.9990853, -37.7443357], [144.9990128, -37.7488921], [145.0054836, -37.7546677], [145.0221261, -37.7439021]]]}}, {"type": "Feature", "properties": {"level": "primary", "school": "Andersons Creek Primary School", "year_level": "P6", "boundary_year": 2026}, "geometry": {"type": "Polygon", "coordinates": [[[145.2273176, -37.7612938], [145.2297437, -37.7589934], [145.1870901, -37.7284343], [145.181639, -37.7302645], [145.1736775, -37.7432026], [145.1745223, -37.7474641], [145.197889, -37.7661764], [145.2273176, -37.7612938]]]}}, {"type": "Feature", "properties": {"level": "primary", "school": "Albanvale Primary School", "year_level": "P6", "boundary_year": 2026}, "geometry": {"type": "Polygon", "coordinates": [[[144.7875892, -37.7477552], [144.7863908, -37.7446924], [144.7802391, -37.7413708], [144.7671014, -37.7401342], [144.7632717, -37.7416611], [144.7642618, -37.749876], [144.7832475, -37.7502623], [144.7875892, -37.7477552]]]}}, {"type": "Feature", "properties": {"level": "primary", "school": "Charles La Trobe P-12 College", "year_level": "P6", "boundary_year": 2026}, "geometry": {"type": "Polygon", "coordinates": [[[145.0499989, -37.7535318], [145.0555693, -37.7466141], [145.0511538, -37.736191], [145.0437163, -37.7294922], [145.0259767, -37.7456194], [145.0327863, -37.7542965], [145.0499989, -37.7535318]]]}}, {"type": "Feature", "properties": {"level": "primary", "school": "St Albans Heights Primary School", "year_level": "P6", "boundary_year": 2026}, "geometry": {"type": "Polygon", "coordinates": [[[144.819129, -37.7459986], [144.801896, -37.7447901], [144.7998451, -37.7466951], [144.8104927, -37.7545559], [144.819129, -37.7459986]]]}}, {"type": "Feature", "properties": {"level": "primary", "school": "St Albans Primary School", "year_level": "P6", "boundary_year": 2026}, "geometry": {"type": "Polygon", "coordinates": [[[144.7998451, -37.7466951], [144.801896, -37.7447901], [144.8042142, -37.7382389], [144.7904785, -37.7305191], [144.7863908, -37.7446924], [144.7875892, -37.7477552], [144.7921944, -37.7488769], [144.7998451, -37.7466951]]]}}, {"type": "Feature", "properties": {"level": "primary", "school": "Coburg Primary School", "year_level": "P6", "boundary_year": 2026}, "geometry": {"type": "Polygon", "coordinates": [[[144.9813833, -37.740147], [144.9686444, -37.7278174], [144.9674373, -37.7276279], [144.9672648, -37.7276008], [144.965696, -37.7273517], [144.9576245, -37.7435768], [144.9594119, -37.7475437], [144.9773866, -37.748973], [144.9813833, -37.740147]]]}}, {"type": "Feature", "properties": {"level": "primary", "school": "St Albans East Primary School", "year_level": "P6", "boundary_year": 2026}, "geometry": {"type": "Polygon", "coordinates": [[[144.8383914, -37.7387439], [144.8229865, -37.7292794], [144.8202771, -37.7294114], [144.8042142, -37.7382389], [144.801896, -37.7447901], [144.819129, -37.7459986], [144.8383914, -37.7387439]]]}}, {"type": "Feature", "properties": {"level": "primary", "school": "Don Valley Primary School", "year_level": "P6", "boundary_year": 2026}, "geometry": {"type": "Polygon", "coordinates": [[[145.6192482, -37.755551], [145.6193664, -37.7550241], [145.6092502, -37.6995468], [145.5404418, -37.7293819], [145.555896, -37.7604378], [145.5875771, -37.7753413], [145.6192482, -37.755551]]]}}, {"type": "Feature", "properties": {"level": "primary", "school": "Stevensville Primary School", "year_level": "P6", "boundary_year": 2026}, "geometry": {"type": "Polygon", "coordinates": [[[144.7904785, -37.7305191], [144.7895615, -37.7277486], [144.7847556, -37.726002], [144.7769968, -37.7269572], [144.7756521, -37.7308904], [144.7802391, -37.7413708], [144.7863908, -37.7446924], [144.7904785, -37.7305191]]]}}, {"type": "Feature", "properties": {"level": "primary", "school": "Banyule Primary School", "year_level": "P6", "boundary_year": 2026}, "geometry": {"type": "Polygon", "coordinates": [[[145.0887659, -37.7568866], [145.0899332, -37.7564533], [145.0959562, -37.7494314], [145.0821595, -37.7376254], [145.0687488, -37.7414308], [145.0656554, -37.7450006], [145.0872563, -37.7574464], [145.0887659, -37.7568866]]]}}, {"type": "Feature", "properties": {"level": "primary", "school": "Rosanna Primary School", "year_level": "P6", "boundary_year": 2026}, "geometry": {"type": "Polygon", "coordinates": [[[145.0656554, -37.7450006], [145.0687488, -37.7414308], [145.0683236, -37.7304924], [145.0668176, -37.7296607], [145.0511538, -37.736191], [145.0555693, -37.7466141], [145.0656554, -37.7450006]]]}}, {"type": "Feature", "properties": {"level": "primary", "school": "Movelle Primary School", "year_level": "P6", "boundary_year": 2026}, "geometry": {"type": "Polygon", "coordinates": [[[144.7756521, -37.7308904], [144.7671014, -37.7401342], [144.7802391, -37.7413708], [144.7756521, -37.7308904]]]}}, {"type": "Feature", "properties": {"level": "primary", "school": "Kings Park Primary School", "year_level": "P6", "boundary_year": 2026}, "geometry": {"type": "Polygon", "coordinates": [[[144.7671014, -37.7401342], [144.7756521, -37.7308904], [144.7769968, -37.7269572], [144.7683956, -37.7235539], [144.7592555, -37.7262319], [144.7617442, -37.737051], [144.7619209, -37.7372503], [144.7618004, -37.7378104], [144.762134, -37.7380117], [144.7627344, -37.7384494], [144.7629306, -37.7398064], [144.7626843, -37.7402128], [144.7620436, -37.7407838], [144.7627093, -37.7412454], [144.7632717, -37.7416611], [144.7671014, -37.7401342]]]}}, {"type": "Feature", "properties": {"level": "primary", "school": "Coburg North Primary School", "year_level": "P6", "boundary_year": 2026}, "geometry": {"type": "Polygon", "coordinates": [[[144.965696, -37.7273517], [144.9646699, -37.7266432], [144.9469869, -37.7291676], [144.9438242, -37.7350589], [144.9417859, -37.7388523], [144.9428392, -37.7399836], [144.9576245, -37.7435768], [144.965696, -37.7273517]]]}}, {"type": "Feature", "properties": {"level": "primary", "school": "Creekside K-9 College", "year_level": "P6", "boundary_year": 2026}, "geometry": {"type": "Polygon", "coordinates": [[[144.7471324, -37.7386646], [144.7467302, -37.7381204], [144.7461948, -37.7367966], [144.7469093, -37.723971], [144.7455787, -37.7229392], [144.7209116, -37.7225114], [144.7126086, -37.7393099], [144.7446918, -37.7406994], [144.7471324, -37.7386646]]]}}, {"type": "Feature", "properties": {"level": "primary", "school": "Kororoit Creek Primary School", "year_level": "P6", "boundary_year": 2026}, "geometry": {"type": "Polygon", "coordinates": [[[144.7592555, -37.7262319], [144.7469093, -37.723971], [144.7461948, -37.7367966], [144.7467302, -37.7381204], [144.7471324, -37.7386646], [144.7496289, -37.7413899], [144.751045, -37.7415866], [144.7525117, -37.7410861], [144.7527676, -37.7404812], [144.7529963, -37.7402716], [144.754392, -37.7388867], [144.7547341, -37.7386692], [144.7550909, -37.7386522], [144.756472, -37.7387847], [144.7612607, -37.7369895], [144.7617442, -37.737051], [144.7592555, -37.7262319]]]}}, {"type": "Feature", "properties": {"level": "primary", "school": "Preston North East Primary School", "year_level": "P6", "boundary_year": 2026}, "geometry": {"type": "Polygon", "coordinates": [[[145.0437163, -37.7294922], [145.0432489, -37.7273866], [145.0320327, -37.7241663], [145.0205935, -37.7283704], [145.0181459, -37.7401733], [145.0221261, -37.7439021], [145.0259767, -37.7456194], [145.0437163, -37.7294922]]]}}, {"type": "Feature", "properties": {"level": "primary", "school": "Rosanna Golf Links Primary School", "year_level": "P6", "boundary_year": 2026}, "geometry": {"type": "Polygon", "coordinates": [[[145.0821595, -37.7376254], [145.0818209, -37.7289326], [145.0683236, -37.7304924], [145.0687488, -37.7414308], [145.0821595, -37.7376254]]]}}, {"type": "Feature", "properties": {"level": "primary", "school": "Viewbank Primary School", "year_level": "P6", "boundary_year": 2026}, "geometry": {"type": "Polygon", "coordinates": [[[145.1148181, -37.753137], [145.1039639, -37.7327457], [145.08718, -37.7229126], [145.0818209, -37.7289326], [145.0821595, -37.7376254], [145.0959562, -37.7494314], [145.1148181, -37.753137]]]}}, {"type": "Feature", "properties": {"level": "primary", "school": "Keilor Heights Primary School", "year_level": "P6", "boundary_year": 2026}, "geometry": {"type": "Polygon", "coordinates": [[[144.8823751, -37.7453656], [144.8744109, -37.7363778], [144.8688034, -37.7300465], [144.8593777, -37.7194053], [144.838736, -37.7388498], [144.8418301, -37.7448467], [144.8438905, -37.7488402], [144.8446829, -37.7497214], [144.8742938, -37.7529603], [144.8823751, -37.7453656]]]}}, {"type": "Feature", "properties": {"level": "primary", "school": "Preston West Primary School", "year_level": "P6", "boundary_year": 2026}, "geometry": {"type": "Polygon", "coordinates": [[[145.0065853, -37.7389689], [144.9988803, -37.7284324], [144.9956631, -37.7291397], [144.9836854, -37.7397141], [144.9990853, -37.7443357], [145.0065853, -37.7389689]]]}}, {"type": "Feature", "properties": {"level": "primary", "school": "Newlands Primary School", "year_level": "P6", "boundary_year": 2026}, "geometry": {"type": "Polygon", "coordinates": [[[144.9836854, -37.7397141], [144.9956631, -37.7291397], [144.972682, -37.720337], [144.9724416, -37.7208678], [144.9720545, -37.7214219], [144.9712536, -37.7217955], [144.9701204, -37.7216871], [144.9689576, -37.7217887], [144.9686205, -37.7223139], [144.9688458, -37.7230186], [144.9687162, -37.7235952], [144.9679911, -37.7243248], [144.9679774, -37.7245662], [144.9681192, -37.7247871], [144.9684219, -37.7252332], [144.9689787, -37.7258596], [144.9690886, -37.7260137], [144.969017, -37.7262289], [144.9687072, -37.7265624], [144.9683317, -37.7268803], [144.9681308, -37.727055], [144.9674373, -37.7276279], [144.9686444, -37.7278174], [144.9813833, -37.740147], [144.9836854, -37.7397141]]]}}, {"type": "Feature", "properties": {"level": "primary", "school": "Aintree Primary School", "year_level": "P6", "boundary_year": 2026}, "geometry": {"type": "Polygon", "coordinates": [[[144.6708031, -37.7350905], [144.6855219, -37.7394867], [144.6831905, -37.7342314], [144.680288, -37.701619], [144.6601685, -37.677432], [144.6459229, -37.7201522], [144.6533353, -37.724463], [144.6708031, -37.7350905]]]}}, {"type": "Feature", "properties": {"level": "primary", "school": "Preston Primary School", "year_level": "P6", "boundary_year": 2026}, "geometry": {"type": "Polygon", "coordinates": [[[145.0205935, -37.7283704], [145.0096645, -37.7208525], [145.0034313, -37.72158], [144.9988803, -37.7284324], [145.0065853, -37.7389689], [145.0181459, -37.7401733], [145.0205935, -37.7283704]]]}}, {"type": "Feature", "properties": {"level": "primary", "school": "Lower Plenty Primary School", "year_level": "P6", "boundary_year": 2026}, "geometry": {"type": "Polygon", "coordinates": [[[145.1251996, -37.7436523], [145.1224348, -37.7236684], [145.1169577, -37.7211932], [145.1116523, -37.718796], [145.1039639, -37.7327457], [145.1148181, -37.753137], [145.1251996, -37.7436523]]]}}, {"type": "Feature", "properties": {"level": "primary", "school": "Montmorency South Primary School", "year_level": "P6", "boundary_year": 2026}, "geometry": {"type": "Polygon", "coordinates": [[[145.1387568, -37.7400079], [145.1388949, -37.7169772], [145.1317952, -37.716925], [145.1224348, -37.7236684], [145.1251996, -37.7436523], [145.1387568, -37.7400079]]]}}, {"type": "Feature", "properties": {"level": "primary", "school": "Charles La Trobe P-12 College", "year_level": "P6", "boundary_year": 2026}, "geometry": {"type": "Polygon", "coordinates": [[[145.0668176, -37.7296607], [145.0611641, -37.7181963], [145.0530227, -37.7171657], [145.0432489, -37.7273866], [145.0437163, -37.7294922], [145.0511538, -37.736191], [145.0668176, -37.7296607]]]}}, {"type": "Feature", "properties": {"level": "primary", "school": "Macleod College", "year_level": "P6", "boundary_year": 2026}, "geometry": {"type": "Polygon", "coordinates": [[[145.0818209, -37.7289326], [145.08718, -37.7229126], [145.0867987, -37.7206404], [145.0860961, -37.7193028], [145.075084, -37.7135391], [145.0611641, -37.7181963], [145.0668176, -37.7296607], [145.0683236, -37.7304924], [145.0818209, -37.7289326]]]}}, {"type": "Feature", "properties": {"level": "primary", "school": "St Albans North Primary School", "year_level": "P6", "boundary_year": 2026}, "geometry": {"type": "Polygon", "coordinates": [[[144.8202771, -37.7294114], [144.8004227, -37.7230338], [144.7895615, -37.7277486], [144.7904785, -37.7305191], [144.8042142, -37.7382389], [144.8202771, -37.7294114]]]}}, {"type": "Feature", "properties": {"level": "primary", "school": "Monmia Primary School", "year_level": "P6", "boundary_year": 2026}, "geometry": {"type": "Polygon", "coordinates": [[[144.8004227, -37.7230338], [144.8007206, -37.71457], [144.7848068, -37.7123079], [144.7847556, -37.726002], [144.7895615, -37.7277486], [144.8004227, -37.7230338]]]}}, {"type": "Feature", "properties": {"level": "primary", "school": "Wonga Park Primary School", "year_level": "P6", "boundary_year": 2026}, "geometry": {"type": "Polygon", "coordinates": [[[145.3228437, -37.7037632], [145.3214797, -37.7000789], [145.2692607, -37.6871703], [145.2378706, -37.7174001], [145.2474034, -37.7473927], [145.2483047, -37.747743], [145.28561, -37.7489107], [145.3228437, -37.7037632]]]}}, {"type": "Feature", "properties": {"level": "primary", "school": "Warrandyte Primary School", "year_level": "P6", "boundary_year": 2026}, "geometry": {"type": "Polygon", "coordinates": [[[145.2474034, -37.7473927], [145.2378706, -37.7174001], [145.2104227, -37.717173], [145.1870901, -37.7284343], [145.2297437, -37.7589934], [145.2474034, -37.7473927]]]}}, {"type": "Feature", "properties": {"level": "primary", "school": "Reservoir West Primary School", "year_level": "P6", "boundary_year": 2026}, "geometry": {"type": "Polygon", "coordinates": [[[144.9988803, -37.7284324], [145.0034313, -37.72158], [144.9883037, -37.7068755], [144.9783571, -37.7085726], [144.9781471, -37.7088933], [144.9777727, -37.7093734], [144.9771477, -37.7102212], [144.9776307, -37.7108493], [144.9788881, -37.7114261], [144.9789446, -37.712593], [144.9787346, -37.7128876], [144.9780248, -37.7130794], [144.9772829, -37.7132469], [144.9770082, -37.7135793], [144.977345, -37.7139667], [144.9783477, -37.7140283], [144.979492, -37.7142069], [144.9807339, -37.7143998], [144.9808469, -37.7156173], [144.9803942, -37.7162444], [144.9796853, -37.7166667], [144.9781541, -37.7165259], [144.9780883, -37.7170765], [144.9786685, -37.7180119], [144.9788296, -37.7186274], [144.9786365, -37.7193183], [144.9777007, -37.7194336], [144.9762817, -37.7193828], [144.972682, -37.720337], [144.9956631, -37.7291397], [144.9988803, -37.7284324]]]}}, {"type": "Feature", "properties": {"level": "primary", "school": "Keilor Primary School", "year_level": "P6", "boundary_year": 2026}, "geometry": {"type": "Polygon", "coordinates": [[[144.8593777, -37.7194053], [144.8604022, -37.7174251], [144.8611013, -37.7160754], [144.8435874, -37.6830602], [144.8276969, -37.6658903], [144.8212026, -37.6896399], [144.8221423, -37.7105274], [144.8213914, -37.7109488], [144.8199816, -37.7114371], [144.8198587, -37.7136345], [144.8199325, -37.7220756], [144.822774, -37.7245684], [144.8229865, -37.7292794], [144.8383914, -37.7387439], [144.838736, -37.7388498], [144.8593777, -37.7194053]]]}}, {"type": "Feature", "properties": {"level": "primary", "school": "Eltham Primary School", "year_level": "P6", "boundary_year": 2026}, "geometry": {"type": "Polygon", "coordinates": [[[145.181639, -37.7302645], [145.1786094, -37.7271667], [145.1416836, -37.7150358], [145.1388949, -37.7169772], [145.1387568, -37.7400079], [145.1736775, -37.7432026], [145.181639, -37.7302645]]]}}, {"type": "Feature", "properties": {"level": "primary", "school": "Pascoe Vale North Primary School", "year_level": "P6", "boundary_year": 2026}, "geometry": {"type": "Polygon", "coordinates": [[[144.9646699, -37.7266432], [144.9584344, -37.7094799], [144.9465766, -37.7111746], [144.9390844, -37.7235532], [144.9434608, -37.7266631], [144.9469869, -37.7291676], [144.9646699, -37.7266432]]]}}, {"type": "Feature", "properties": {"level": "primary", "school": "Mackellar Primary School", "year_level": "P6", "boundary_year": 2026}, "geometry": {"type": "Polygon", "coordinates": [[[144.7847556, -37.726002], [144.7848068, -37.7123079], [144.7787232, -37.7040821], [144.7690421, -37.7101982], [144.7683956, -37.7235539], [144.7769968, -37.7269572], [144.7847556, -37.726002]]]}}, {"type": "Feature", "properties": {"level": "primary", "school": "Reservoir East Primary School", "year_level": "P6", "boundary_year": 2026}, "geometry": {"type": "Polygon", "coordinates": [[[145.0320327, -37.7241663], [145.0274626, -37.7129477], [145.0171379, -37.7125469], [145.0096645, -37.7208525], [145.0205935, -37.7283704], [145.0320327, -37.7241663]]]}}, {"type": "Feature", "properties": {"level": "primary", "school": "Kingsbury Primary School", "year_level": "P6", "boundary_year": 2026}, "geometry": {"type": "Polygon", "coordinates": [[[145.0530227, -37.7171657], [145.0473017, -37.706444], [145.0368523, -37.7047799], [145.0274626, -37.7129477], [145.0320327, -37.7241663], [145.0432489, -37.7273866], [145.0530227, -37.7171657]]]}}, {"type": "Feature", "properties": {"level": "primary", "school": "Coldstream Primary School", "year_level": "P6", "boundary_year": 2026}, "geometry": {"type": "Polygon", "coordinates": [[[145.4162381, -37.7420073], [145.4170765, -37.7185566], [145.3406953, -37.7194198], [145.38422, -37.7566534], [145.4162381, -37.7420073]]]}}, {"type": "Feature", "properties": {"level": "primary", "school": "Keilor Views Primary School", "year_level": "P6", "boundary_year": 2026}, "geometry": {"type": "Polygon", "coordinates": [[[144.8229865, -37.7292794], [144.822774, -37.7245684], [144.8199325, -37.7220756], [144.8198587, -37.7136345], [144.8199816, -37.7114371], [144.8213914, -37.7109488], [144.8221423, -37.7105274], [144.8212026, -37.6896399], [144.8007206, -37.71457], [144.8004227, -37.7230338], [144.8202771, -37.7294114], [144.8229865, -37.7292794]]]}}, {"type": "Feature", "properties": {"level": "primary", "school": "Fawkner Primary School", "year_level": "P6", "boundary_year": 2026}, "geometry": {"type": "Polygon", "coordinates": [[[144.972682, -37.720337], [144.9762817, -37.7193828], [144.9777007, -37.7194336], [144.9786365, -37.7193183], [144.9788296, -37.7186274], [144.9786685, -37.7180119], [144.9780883, -37.7170765], [144.9781541, -37.7165259], [144.9796853, -37.7166667], [144.9803942, -37.7162444], [144.9808469, -37.7156173], [144.9807339, -37.7143998], [144.979492, -37.7142069], [144.9783477, -37.7140283], [144.977345, -37.7139667], [144.9770082, -37.7135793], [144.9772829, -37.7132469], [144.9780248, -37.7130794], [144.9787346, -37.7128876], [144.9789446, -37.712593], [144.9788881, -37.7114261], [144.9776307, -37.7108493], [144.9771477, -37.7102212], [144.9777727, -37.7093734], [144.9781471, -37.7088933], [144.9783571, -37.7085726], [144.9786965, -37.7080861], [144.9792682, -37.7077257], [144.9800664, -37.7077322], [144.980655, -37.7076232], [144.9808368, -37.7074151], [144.9808004, -37.7071627], [144.9804933, -37.7066753], [144.9793004, -37.7056506], [144.9784306, -37.7049585], [144.9793655, -37.7041387], [144.9808819, -37.7038957], [144.9817685, -37.7038958], [144.9824457, -37.7034346], [144.9825424, -37.702948], [144.9821941, -37.7027596], [144.9592356, -37.7083675], [144.9584344, -37.7094799], [144.9646699, -37.7266432], [144.965696, -37.7273517], [144.9672648, -37.7276008], [144.9674373, -37.7276279], [144.9681308, -37.727055], [144.9683317, -37.7268803], [144.9687072, -37.7265624], [144.969017, -37.7262289], [144.9690886, -37.7260137], [144.9689787, -37.7258596], [144.9684219, -37.7252332], [144.9681192, -37.7247871], [144.9679774, -37.7245662], [144.9679911, -37.7243248], [144.9687162, -37.7235952], [144.9688458, -37.7230186], [144.9686205, -37.7223139], [144.9689576, -37.7217887], [144.9701204, -37.7216871], [144.9712536, -37.7217955], [144.9720545, -37.7214219], [144.9724416, -37.7208678], [144.972682, -37.720337]]]}}, {"type": "Feature", "properties": {"level": "primary", "school": "Taylors Hill Primary School", "year_level": "P6", "boundary_year": 2026}, "geometry": {"type": "Polygon", "coordinates": [[[144.7683956, -37.7235539], [144.7690421, -37.7101982], [144.7515786, -37.7083727], [144.7455787, -37.7229392], [144.7469093, -37.723971], [144.7592555, -37.7262319], [144.7683956, -37.7235539]]]}}, {"type": "Feature", "properties": {"level": "primary", "school": "Reservoir Primary School", "year_level": "P6", "boundary_year": 2026}, "geometry": {"type": "Polygon", "coordinates": [[[145.0096645, -37.7208525], [145.0171379, -37.7125469], [145.0114834, -37.702899], [144.9883037, -37.7068755], [145.0034313, -37.72158], [145.0096645, -37.7208525]]]}}, {"type": "Feature", "properties": {"level": "primary", "school": "Streeton Primary School", "year_level": "P6", "boundary_year": 2026}, "geometry": {"type": "Polygon", "coordinates": [[[145.1116523, -37.718796], [145.1110735, -37.7169792], [145.0867987, -37.7206404], [145.08718, -37.7229126], [145.1039639, -37.7327457], [145.1116523, -37.718796]]]}}, {"type": "Feature", "properties": {"level": "primary", "school": "Montmorency Primary School", "year_level": "P6", "boundary_year": 2026}, "geometry": {"type": "Polygon", "coordinates": [[[145.1224348, -37.7236684], [145.1317952, -37.716925], [145.1229473, -37.7115119], [145.1112939, -37.7157464], [145.1110735, -37.7169792], [145.1116523, -37.718796], [145.1169577, -37.7211932], [145.1224348, -37.7236684]]]}}, {"type": "Feature", "properties": {"level": "primary", "school": "Watsonia Heights Primary School", "year_level": "P6", "boundary_year": 2026}, "geometry": {"type": "Polygon", "coordinates": [[[145.1110735, -37.7169792], [145.1112939, -37.7157464], [145.1067242, -37.7093577], [145.095401, -37.7094988], [145.0860961, -37.7193028], [145.0867987, -37.7206404], [145.1110735, -37.7169792]]]}}, {"type": "Feature", "properties": {"level": "primary", "school": "Sherbourne Primary School", "year_level": "P6", "boundary_year": 2026}, "geometry": {"type": "Polygon", "coordinates": [[[145.1416836, -37.7150358], [145.1428161, -37.7080091], [145.1376679, -37.7003274], [145.1304164, -37.6979667], [145.1236785, -37.7008895], [145.1229473, -37.7115119], [145.1317952, -37.716925], [145.1388949, -37.7169772], [145.1416836, -37.7150358]]]}}, {"type": "Feature", "properties": {"level": "primary", "school": "Briar Hill Primary School", "year_level": "P6", "boundary_year": 2026}, "geometry": {"type": "Polygon", "coordinates": [[[145.1229473, -37.7115119], [145.1236785, -37.7008895], [145.1113316, -37.6997079], [145.1067242, -37.7093577], [145.1112939, -37.7157464], [145.1229473, -37.7115119]]]}}, {"type": "Feature", "properties": {"level": "primary", "school": "Taylors Lakes Primary School", "year_level": "P6", "boundary_year": 2026}, "geometry": {"type": "Polygon", "coordinates": [[[144.8212026, -37.6896399], [144.8276969, -37.6658903], [144.8268904, -37.6637888], [144.8152527, -37.6540515], [144.8118791, -37.6512279], [144.801445, -37.6447342], [144.7787232, -37.7040821], [144.7848068, -37.7123079], [144.8007206, -37.71457], [144.8212026, -37.6896399]]]}}, {"type": "Feature", "properties": {"level": "primary", "school": "Bundoora Primary School", "year_level": "P6", "boundary_year": 2026}, "geometry": {"type": "Polygon", "coordinates": [[[145.075084, -37.7135391], [145.0749911, -37.7090295], [145.0636266, -37.6909278], [145.0628327, -37.690883], [145.0473017, -37.706444], [145.0530227, -37.7171657], [145.0611641, -37.7181963], [145.075084, -37.7135391]]]}}, {"type": "Feature", "properties": {"level": "primary", "school": "Reservoir Views Primary School", "year_level": "P6", "boundary_year": 2026}, "geometry": {"type": "Polygon", "coordinates": [[[145.0368523, -37.7047799], [145.0266016, -37.6930736], [145.0208311, -37.6927594], [145.0180045, -37.6936212], [145.0114834, -37.702899], [145.0171379, -37.7125469], [145.0274626, -37.7129477], [145.0368523, -37.7047799]]]}}, {"type": "Feature", "properties": {"level": "primary", "school": "Research Primary School", "year_level": "P6", "boundary_year": 2026}, "geometry": {"type": "Polygon", "coordinates": [[[145.1870901, -37.7284343], [145.2104227, -37.717173], [145.1924343, -37.6856055], [145.1812421, -37.6859248], [145.1686624, -37.6908953], [145.1670691, -37.7026058], [145.1786094, -37.7271667], [145.181639, -37.7302645], [145.1870901, -37.7284343]]]}}, {"type": "Feature", "properties": {"level": "primary", "school": "Eltham East Primary School", "year_level": "P6", "boundary_year": 2026}, "geometry": {"type": "Polygon", "coordinates": [[[145.1670691, -37.7026058], [145.1428161, -37.7080091], [145.1416836, -37.7150358], [145.1786094, -37.7271667], [145.1670691, -37.7026058]]]}}, {"type": "Feature", "properties": {"level": "primary", "school": "Watsonia Primary School", "year_level": "P6", "boundary_year": 2026}, "geometry": {"type": "Polygon", "coordinates": [[[145.095401, -37.7094988], [145.091218, -37.699132], [145.0749911, -37.7090295], [145.075084, -37.7135391], [145.0860961, -37.7193028], [145.095401, -37.7094988]]]}}, {"type": "Feature", "properties": {"level": "primary", "school": "Greensborough Primary School", "year_level": "P6", "boundary_year": 2026}, "geometry": {"type": "Polygon", "coordinates": [[[145.1067242, -37.7093577], [145.1113316, -37.6997079], [145.1082847, -37.6966164], [145.0971801, -37.6925515], [145.0945842, -37.6930311], [145.0929244, -37.6924483], [145.091218, -37.699132], [145.095401, -37.7094988], [145.1067242, -37.7093577]]]}}, {"type": "Feature", "properties": {"level": "primary", "school": "Belle Vue Park Primary School", "year_level": "P6", "boundary_year": 2026}, "geometry": {"type": "Polygon", "coordinates": [[[144.9584344, -37.7094799], [144.9592356, -37.7083675], [144.9508395, -37.6856669], [144.9503815, -37.6854308], [144.9501822, -37.6854396], [144.9329756, -37.6968763], [144.9356679, -37.7073154], [144.9401612, -37.7089045], [144.9465766, -37.7111746], [144.9584344, -37.7094799]]]}}, {"type": "Feature", "properties": {"level": "primary", "school": "Glenroy Central Primary School", "year_level": "P6", "boundary_year": 2026}, "geometry": {"type": "Polygon", "coordinates": [[[144.9329756, -37.6968763], [144.9193967, -37.6945587], [144.9160096, -37.6944509], [144.9168916, -37.7081366], [144.9197398, -37.7097334], [144.9254358, -37.7129268], [144.9341463, -37.70815], [144.9356679, -37.7073154], [144.9329756, -37.6968763]]]}}, {"type": "Feature", "properties": {"level": "primary", "school": "Springside Primary School", "year_level": "P6", "boundary_year": 2026}, "geometry": {"type": "Polygon", "coordinates": [[[144.7515786, -37.7083727], [144.7514815, -37.7082157], [144.728738, -37.7012779], [144.7270065, -37.7026336], [144.724304, -37.7067931], [144.721702, -37.7074909], [144.7207939, -37.7121957], [144.7182207, -37.7161556], [144.7209116, -37.7225114], [144.7455787, -37.7229392], [144.7515786, -37.7083727]]]}}, {"type": "Feature", "properties": {"level": "primary", "school": "Sydenham Primary School", "year_level": "P6", "boundary_year": 2026}, "geometry": {"type": "Polygon", "coordinates": [[[144.7787232, -37.7040821], [144.801445, -37.6447342], [144.7987921, -37.6422545], [144.757005, -37.6862794], [144.7514815, -37.7082157], [144.7515786, -37.7083727], [144.7690421, -37.7101982], [144.7787232, -37.7040821]]]}}, {"type": "Feature", "properties": {"level": "primary", "school": "Hillside Primary School", "year_level": "P6", "boundary_year": 2026}, "geometry": {"type": "Polygon", "coordinates": [[[144.7987921, -37.6422545], [144.796023, -37.6383176], [144.7794894, -37.6393056], [144.6968722, -37.6615765], [144.7209824, -37.6897807], [144.7246535, -37.6900446], [144.7255582, -37.6951305], [144.7279017, -37.6978703], [144.757005, -37.6862794], [144.7987921, -37.6422545]]]}}, {"type": "Feature", "properties": {"level": "primary", "school": "Tullamarine Primary School", "year_level": "P6", "boundary_year": 2026}, "geometry": {"type": "Polygon", "coordinates": [[[144.8611013, -37.7160754], [144.8746244, -37.7164147], [144.8784242, -37.7164552], [144.8884796, -37.7107673], [144.8910187, -37.7100265], [144.8980974, -37.7091628], [144.8980354, -37.7087076], [144.8996056, -37.7074271], [144.9005914, -37.7073212], [144.9014432, -37.7068947], [144.901355, -37.7059334], [144.9018933, -37.7053998], [144.9036867, -37.7047603], [144.9036451, -37.7021971], [144.9043633, -37.7011295], [144.9036867, -37.6989354], [144.897448, -37.6982529], [144.8943998, -37.7004916], [144.890292, -37.6967954], [144.8435874, -37.6830602], [144.8611013, -37.7160754]]]}}, {"type": "Feature", "properties": {"level": "primary", "school": "Norris Bank Primary School", "year_level": "P6", "boundary_year": 2026}, "geometry": {"type": "Polygon", "coordinates": [[[145.0628327, -37.690883], [145.0565624, -37.6862594], [145.0518312, -37.6866273], [145.0439098, -37.6875801], [145.0351226, -37.687247], [145.0340589, -37.6871869], [145.0266016, -37.6930736], [145.0368523, -37.7047799], [145.0473017, -37.706444], [145.0628327, -37.690883]]]}}, {"type": "Feature", "properties": {"level": "primary", "school": "William Ruthven Primary School", "year_level": "P6", "boundary_year": 2026}, "geometry": {"type": "Polygon", "coordinates": [[[144.9883037, -37.7068755], [145.0114834, -37.702899], [145.0180045, -37.6936212], [145.0024389, -37.6876738], [144.9852882, -37.689475], [144.9849953, -37.69633], [144.9827965, -37.6971677], [144.9821525, -37.6973381], [144.9817646, -37.6973838], [144.9806726, -37.6976226], [144.9808323, -37.6981289], [144.9802231, -37.6990227], [144.979354, -37.700129], [144.9798606, -37.701068], [144.9808928, -37.7011275], [144.9815866, -37.7019169], [144.9821941, -37.7027596], [144.9825424, -37.702948], [144.9824457, -37.7034346], [144.9817685, -37.7038958], [144.9808819, -37.7038957], [144.9793655, -37.7041387], [144.9784306, -37.7049585], [144.9793004, -37.7056506], [144.9804933, -37.7066753], [144.9808004, -37.7071627], [144.9808368, -37.7074151], [144.980655, -37.7076232], [144.9800664, -37.7077322], [144.9792682, -37.7077257], [144.9786965, -37.7080861], [144.9783571, -37.7085726], [144.9883037, -37.7068755]]]}}, {"type": "Feature", "properties": {"level": "primary", "school": "Thomastown Meadows Primary School", "year_level": "P6", "boundary_year": 2026}, "geometry": {"type": "Polygon", "coordinates": [[[145.0024389, -37.6876738], [145.0024344, -37.6875143], [145.002178, -37.6871935], [144.9891618, -37.6709165], [144.9838152, -37.6694399], [144.9765092, -37.6846467], [144.980781, -37.6899475], [144.9852882, -37.689475], [145.0024389, -37.6876738]]]}}, {"type": "Feature", "properties": {"level": "primary", "school": "Watsonia North Primary School", "year_level": "P6", "boundary_year": 2026}, "geometry": {"type": "Polygon", "coordinates": [[[145.091218, -37.699132], [145.0929244, -37.6924483], [145.0914576, -37.6918431], [145.0876098, -37.6905504], [145.0813468, -37.6886887], [145.0789557, -37.6878973], [145.0788536, -37.6878641], [145.0779237, -37.6875566], [145.0746325, -37.6869847], [145.0636266, -37.6909278], [145.0749911, -37.7090295], [145.091218, -37.699132]]]}}, {"type": "Feature", "properties": {"level": "primary", "school": "Greenhills Primary School", "year_level": "P6", "boundary_year": 2026}, "geometry": {"type": "Polygon", "coordinates": [[[145.1304164, -37.6979667], [145.1266154, -37.6758131], [145.1082847, -37.6966164], [145.1113316, -37.6997079], [145.1236785, -37.7008895], [145.1304164, -37.6979667]]]}}, {"type": "Feature", "properties": {"level": "primary", "school": "Eltham North Primary School", "year_level": "P6", "boundary_year": 2026}, "geometry": {"type": "Polygon", "coordinates": [[[145.1670691, -37.7026058], [145.1686624, -37.6908953], [145.1573115, -37.6868226], [145.1376679, -37.7003274], [145.1428161, -37.7080091], [145.1670691, -37.7026058]]]}}, {"type": "Feature", "properties": {"level": "primary", "school": "Glen Katherine Primary School", "year_level": "P6", "boundary_year": 2026}, "geometry": {"type": "Polygon", "coordinates": [[[145.1573115, -37.6868226], [145.1554596, -37.6849139], [145.1269738, -37.673186], [145.1266154, -37.6758131], [145.1304164, -37.6979667], [145.1376679, -37.7003274], [145.1573115, -37.6868226]]]}}, {"type": "Feature", "properties": {"level": "primary", "school": "Moomba Park Primary School", "year_level": "P6", "boundary_year": 2026}, "geometry": {"type": "Polygon", "coordinates": [[[144.9821941, -37.7027596], [144.9815866, -37.7019169], [144.9808928, -37.7011275], [144.9798606, -37.701068], [144.979354, -37.700129], [144.9802231, -37.6990227], [144.9808323, -37.6981289], [144.9806726, -37.6976226], [144.9817646, -37.6973838], [144.9821525, -37.6973381], [144.9827965, -37.6971677], [144.9849953, -37.69633], [144.9852882, -37.689475], [144.980781, -37.6899475], [144.9765092, -37.6846467], [144.9508395, -37.6856669], [144.9592356, -37.7083675], [144.9821941, -37.7027596]]]}}, {"type": "Feature", "properties": {"level": "primary", "school": "Gladstone Views Primary School", "year_level": "P6", "boundary_year": 2026}, "geometry": {"type": "Polygon", "coordinates": [[[144.8943998, -37.7004916], [144.897448, -37.6982529], [144.9029072, -37.6942437], [144.9071491, -37.6934802], [144.9056664, -37.6895838], [144.9036353, -37.6845499], [144.9034112, -37.6815231], [144.8938123, -37.6827368], [144.890292, -37.6967954], [144.8943998, -37.7004916]]]}}, {"type": "Feature", "properties": {"level": "primary", "school": "Kangaroo Ground Primary School", "year_level": "P6", "boundary_year": 2026}, "geometry": {"type": "Polygon", "coordinates": [[[145.2692607, -37.6871703], [145.2630209, -37.6779365], [145.2169981, -37.6634983], [145.1924343, -37.6856055], [145.2104227, -37.717173], [145.2378706, -37.7174001], [145.2692607, -37.6871703]]]}}, {"type": "Feature", "properties": {"level": "primary", "school": "St Andrews Primary School", "year_level": "P6", "boundary_year": 2026}, "geometry": {"type": "Polygon", "coordinates": [[[145.3344335, -37.6077616], [145.3393872, -37.6009663], [145.3389971, -37.600198], [145.339264, -37.599262], [145.3394369, -37.598948], [145.340321, -37.5956429], [145.3414358, -37.59424], [145.3426888, -37.591778], [145.3448031, -37.5892141], [145.3470614, -37.5849673], [145.3397753, -37.5800093], [145.3326004, -37.5751248], [145.2447944, -37.5748673], [145.226549, -37.6082352], [145.2762721, -37.6324751], [145.3344335, -37.6077616]]]}}, {"type": "Feature", "properties": {"level": "primary", "school": "Parkwood Green Primary School", "year_level": "P6", "boundary_year": 2026}, "geometry": {"type": "Polygon", "coordinates": [[[144.757005, -37.6862794], [144.7279017, -37.6978703], [144.72816, -37.6981452], [144.728738, -37.7012779], [144.7514815, -37.7082157], [144.757005, -37.6862794]]]}}, {"type": "Feature", "properties": {"level": "primary", "school": "Meadows Primary School", "year_level": "P6", "boundary_year": 2026}, "geometry": {"type": "Polygon", "coordinates": [[[144.9501822, -37.6854396], [144.9436945, -37.6825181], [144.9217917, -37.6845289], [144.9156253, -37.6943497], [144.9160096, -37.6944509], [144.9193967, -37.6945587], [144.9329756, -37.6968763], [144.9501822, -37.6854396]]]}}, {"type": "Feature", "properties": {"level": "primary", "school": "Broadmeadows Valley Primary School", "year_level": "P6", "boundary_year": 2026}, "geometry": {"type": "Polygon", "coordinates": [[[144.9217917, -37.6845289], [144.9199502, -37.6707234], [144.9093175, -37.6695959], [144.9034112, -37.6815231], [144.9036353, -37.6845499], [144.9056664, -37.6895838], [144.9071491, -37.6934802], [144.9156253, -37.6943497], [144.9217917, -37.6845289]]]}}, {"type": "Feature", "properties": {"level": "primary", "school": "Healesville Primary School", "year_level": "P6", "boundary_year": 2026}, "geometry": {"type": "Polygon", "coordinates": [[[145.6354201, -37.5874772], [145.5752547, -37.6074708], [145.5316936, -37.6219208], [145.4479221, -37.6496495], [145.4444393, -37.6508004], [145.4428519, -37.6702126], [145.4458449, -37.6754627], [145.4753337, -37.6913586], [145.657196, -37.6095961], [145.6354201, -37.5874772]]]}}, {"type": "Feature", "properties": {"level": "primary", "school": "Thomastown Primary School", "year_level": "P6", "boundary_year": 2026}, "geometry": {"type": "Polygon", "coordinates": [[[145.0208311, -37.6927594], [145.0167369, -37.6749453], [145.0115513, -37.6712129], [145.0109164, -37.6714309], [145.0024344, -37.6875143], [145.0024389, -37.6876738], [145.0180045, -37.6936212], [145.0208311, -37.6927594]]]}}, {"type": "Feature", "properties": {"level": "primary", "school": "Thomastown East Primary School", "year_level": "P6", "boundary_year": 2026}, "geometry": {"type": "Polygon", "coordinates": [[[145.0351226, -37.687247], [145.0284601, -37.6753016], [145.0167369, -37.6749453], [145.0208311, -37.6927594], [145.0266016, -37.6930736], [145.0340589, -37.6871869], [145.0351226, -37.687247]]]}}, {"type": "Feature", "properties": {"level": "primary", "school": "Apollo Parkways Primary School", "year_level": "P6", "boundary_year": 2026}, "geometry": {"type": "Polygon", "coordinates": [[[145.1266154, -37.6758131], [145.1269738, -37.673186], [145.1219496, -37.6646519], [145.1000393, -37.6707526], [145.0936836, -37.6865614], [145.0903456, -37.6884172], [145.0854321, -37.6878569], [145.079073, -37.6872306], [145.0789557, -37.6878973], [145.0813468, -37.6886887], [145.0876098, -37.6905504], [145.0914576, -37.6918431], [145.0929244, -37.6924483], [145.0945842, -37.6930311], [145.0971801, -37.6925515], [145.1082847, -37.6966164], [145.1266154, -37.6758131]]]}}, {"type": "Feature", "properties": {"level": "primary", "school": "Melton West Primary School", "year_level": "P6", "boundary_year": 2026}, "geometry": {"type": "Polygon", "coordinates": [[[144.5649159, -37.658291], [144.5582094, -37.6884045], [144.5757731, -37.6851043], [144.5779911, -37.6759015], [144.5664834, -37.6560964], [144.5649159, -37.658291]]]}}, {"type": "Feature", "properties": {"level": "primary", "school": "Coburn Primary School", "year_level": "P6", "boundary_year": 2026}, "geometry": {"type": "Polygon", "coordinates": [[[144.5582094, -37.6884045], [144.5562627, -37.6890953], [144.5561605, -37.6896443], [144.5559827, -37.6906021], [144.560275, -37.7027563], [144.5918824, -37.7004477], [144.5965157, -37.6981482], [144.5757731, -37.6851043], [144.5582094, -37.6884045]]]}}, {"type": "Feature", "properties": {"level": "primary", "school": "Melton Primary School", "year_level": "P6", "boundary_year": 2026}, "geometry": {"type": "Polygon", "coordinates": [[[144.6417118, -37.673034], [144.5779911, -37.6759015], [144.5757731, -37.6851043], [144.5965157, -37.6981482], [144.6068539, -37.6976522], [144.6417118, -37.673034]]]}}, {"type": "Feature", "properties": {"level": "primary", "school": "Gladstone Park Primary School", "year_level": "P6", "boundary_year": 2026}, "geometry": {"type": "Polygon", "coordinates": [[[144.8938123, -37.6827368], [144.8557215, -37.6636458], [144.8268904, -37.6637888], [144.8276969, -37.6658903], [144.8435874, -37.6830602], [144.890292, -37.6967954], [144.8938123, -37.6827368]]]}}, {"type": "Feature", "properties": {"level": "primary", "school": "Mill Park Primary School", "year_level": "P6", "boundary_year": 2026}, "geometry": {"type": "Polygon", "coordinates": [[[145.0789557, -37.6878973], [145.079073, -37.6872306], [145.0795988, -37.6838918], [145.0795068, -37.6837603], [145.0650177, -37.6630042], [145.0510686, -37.6790985], [145.0518312, -37.6866273], [145.0565624, -37.6862594], [145.0628327, -37.690883], [145.0636266, -37.6909278], [145.0746325, -37.6869847], [145.0779237, -37.6875566], [145.0788536, -37.6878641], [145.0789557, -37.6878973]]]}}, {"type": "Feature", "properties": {"level": "primary", "school": "Westmeadows Primary School", "year_level": "P6", "boundary_year": 2026}, "geometry": {"type": "Polygon", "coordinates": [[[144.9034112, -37.6815231], [144.9093175, -37.6695959], [144.8946337, -37.6571177], [144.8557215, -37.6636458], [144.8938123, -37.6827368], [144.9034112, -37.6815231]]]}}, {"type": "Feature", "properties": {"level": "primary", "school": "Diamond Creek East Primary School", "year_level": "P6", "boundary_year": 2026}, "geometry": {"type": "Polygon", "coordinates": [[[145.1812421, -37.6859248], [145.164062, -37.6525779], [145.1554596, -37.6849139], [145.1573115, -37.6868226], [145.1686624, -37.6908953], [145.1812421, -37.6859248]]]}}, {"type": "Feature", "properties": {"level": "primary", "school": "Melton South Primary School", "year_level": "P6", "boundary_year": 2026}, "geometry": {"type": "Polygon", "coordinates": [[[144.5771967, -37.7186279], [144.5918824, -37.7004477], [144.560275, -37.7027563], [144.5572702, -37.7101961], [144.5771967, -37.7186279]]]}}, {"type": "Feature", "properties": {"level": "primary", "school": "Wedge Park Primary School", "year_level": "P6", "boundary_year": 2026}, "geometry": {"type": "Polygon", "coordinates": [[[144.5495954, -37.6884311], [144.5562627, -37.6890953], [144.5582094, -37.6884045], [144.5649159, -37.658291], [144.5315867, -37.684116], [144.5495954, -37.6884311]]]}}, {"type": "Feature", "properties": {"level": "primary", "school": "Broadmeadows Primary School", "year_level": "P6", "boundary_year": 2026}, "geometry": {"type": "Polygon", "coordinates": [[[144.9436945, -37.6825181], [144.9304148, -37.671186], [144.9209799, -37.6703926], [144.9199502, -37.6707234], [144.9217917, -37.6845289], [144.9436945, -37.6825181]]]}}, {"type": "Feature", "properties": {"level": "primary", "school": "Diggers Rest Primary School", "year_level": "P6", "boundary_year": 2026}, "geometry": {"type": "Polygon", "coordinates": [[[144.7794894, -37.6393056], [144.7018976, -37.6021006], [144.6541338, -37.603747], [144.6453765, -37.6427004], [144.6574628, -37.6622894], [144.6968722, -37.6615765], [144.7794894, -37.6393056]]]}}, {"type": "Feature", "properties": {"level": "primary", "school": "Lalor East Primary School", "year_level": "P6", "boundary_year": 2026}, "geometry": {"type": "Polygon", "coordinates": [[[145.0518312, -37.6866273], [145.0510686, -37.6790985], [145.0394051, -37.6677424], [145.0342799, -37.6695659], [145.0284601, -37.6753016], [145.0351226, -37.687247], [145.0439098, -37.6875801], [145.0518312, -37.6866273]]]}}, {"type": "Feature", "properties": {"level": "primary", "school": "Campbellfield Heights Primary School", "year_level": "P6", "boundary_year": 2026}, "geometry": {"type": "Polygon", "coordinates": [[[144.9765092, -37.6846467], [144.9838152, -37.6694399], [144.971022, -37.6424552], [144.9706695, -37.642301], [144.9603254, -37.6479261], [144.9503815, -37.6854308], [144.9508395, -37.6856669], [144.9765092, -37.6846467]]]}}, {"type": "Feature", "properties": {"level": "primary", "school": "Dallas Brooks Community Primary School", "year_level": "P6", "boundary_year": 2026}, "geometry": {"type": "Polygon", "coordinates": [[[144.9503815, -37.6854308], [144.9603254, -37.6479261], [144.9575034, -37.6484451], [144.9309539, -37.670734], [144.9304148, -37.671186], [144.9436945, -37.6825181], [144.9501822, -37.6854396], [144.9503815, -37.6854308]]]}}, {"type": "Feature", "properties": {"level": "primary", "school": "Coolaroo South Primary School", "year_level": "P6", "boundary_year": 2026}, "geometry": {"type": "Polygon", "coordinates": [[[144.9575034, -37.6484451], [144.9479764, -37.6483385], [144.9256522, -37.6569012], [144.9209799, -37.6703926], [144.9304148, -37.671186], [144.9309539, -37.670734], [144.9575034, -37.6484451]]]}}, {"type": "Feature", "properties": {"level": "primary", "school": "Plenty Parklands Primary School", "year_level": "P6", "boundary_year": 2026}, "geometry": {"type": "Polygon", "coordinates": [[[145.1000393, -37.6707526], [145.0728059, -37.6526573], [145.0651068, -37.6625508], [145.0650177, -37.6630042], [145.0795068, -37.6837603], [145.0795988, -37.6838918], [145.079073, -37.6872306], [145.0854321, -37.6878569], [145.0903456, -37.6884172], [145.0936836, -37.6865614], [145.1000393, -37.6707526]]]}}, {"type": "Feature", "properties": {"level": "primary", "school": "Wattle Glen Primary School", "year_level": "P6", "boundary_year": 2026}, "geometry": {"type": "Polygon", "coordinates": [[[145.1924343, -37.6856055], [145.2169981, -37.6634983], [145.2142449, -37.6598234], [145.1664546, -37.6450751], [145.1634194, -37.648479], [145.164062, -37.6525779], [145.1812421, -37.6859248], [145.1924343, -37.6856055]]]}}, {"type": "Feature", "properties": {"level": "primary", "school": "Lalor Primary School", "year_level": "P6", "boundary_year": 2026}, "geometry": {"type": "Polygon", "coordinates": [[[145.0342799, -37.6695659], [145.0149651, -37.6630895], [145.0115513, -37.6712129], [145.0167369, -37.6749453], [145.0284601, -37.6753016], [145.0342799, -37.6695659]]]}}, {"type": "Feature", "properties": {"level": "primary", "school": "Thomastown West Primary School", "year_level": "P6", "boundary_year": 2026}, "geometry": {"type": "Polygon", "coordinates": [[[145.0109164, -37.6714309], [144.9891618, -37.6709165], [145.002178, -37.6871935], [145.0024344, -37.6875143], [145.0109164, -37.6714309]]]}}, {"type": "Feature", "properties": {"level": "primary", "school": "Lalor Gardens Primary School", "year_level": "P6", "boundary_year": 2026}, "geometry": {"type": "Polygon", "coordinates": [[[145.0115513, -37.6712129], [145.0149651, -37.6630895], [145.0151632, -37.6556458], [144.9994367, -37.6428526], [144.971022, -37.6424552], [144.9838152, -37.6694399], [144.9891618, -37.6709165], [145.0109164, -37.6714309], [145.0115513, -37.6712129]]]}}, {"type": "Feature", "properties": {"level": "primary", "school": "Bethal Primary School", "year_level": "P6", "boundary_year": 2026}, "geometry": {"type": "Polygon", "coordinates": [[[144.9209799, -37.6703926], [144.9256522, -37.6569012], [144.9039622, -37.6474852], [144.8946337, -37.6571177], [144.9093175, -37.6695959], [144.9199502, -37.6707234], [144.9209799, -37.6703926]]]}}, {"type": "Feature", "properties": {"level": "primary", "school": "Lalor North Primary School", "year_level": "P6", "boundary_year": 2026}, "geometry": {"type": "Polygon", "coordinates": [[[145.0394051, -37.6677424], [145.0404491, -37.6614039], [145.0397805, -37.6599633], [145.0303833, -37.6541805], [145.0151632, -37.6556458], [145.0149651, -37.6630895], [145.0342799, -37.6695659], [145.0394051, -37.6677424]]]}}, {"type": "Feature", "properties": {"level": "primary", "school": "Findon Primary School", "year_level": "P6", "boundary_year": 2026}, "geometry": {"type": "Polygon", "coordinates": [[[145.0650177, -37.6630042], [145.0651068, -37.6625508], [145.0404491, -37.6614039], [145.0394051, -37.6677424], [145.0510686, -37.6790985], [145.0650177, -37.6630042]]]}}, {"type": "Feature", "properties": {"level": "primary", "school": "Diamond Creek Primary School", "year_level": "P6", "boundary_year": 2026}, "geometry": {"type": "Polygon", "coordinates": [[[145.164062, -37.6525779], [145.1634194, -37.648479], [145.1221347, -37.6643022], [145.1219496, -37.6646519], [145.1269738, -37.673186], [145.1554596, -37.6849139], [145.164062, -37.6525779]]]}}, {"type": "Feature", "properties": {"level": "primary", "school": "Mill Park Heights Primary School", "year_level": "P6", "boundary_year": 2026}, "geometry": {"type": "Polygon", "coordinates": [[[145.0728059, -37.6526573], [145.0725665, -37.6512078], [145.0513132, -37.6499761], [145.0397805, -37.6599633], [145.0404491, -37.6614039], [145.0651068, -37.6625508], [145.0728059, -37.6526573]]]}}, {"type": "Feature", "properties": {"level": "primary", "school": "Epping Primary School", "year_level": "P6", "boundary_year": 2026}, "geometry": {"type": "Polygon", "coordinates": [[[145.0513132, -37.6499761], [145.0386677, -37.6382355], [145.0303833, -37.6541805], [145.0397805, -37.6599633], [145.0513132, -37.6499761]]]}}, {"type": "Feature", "properties": {"level": "primary", "school": "Strathewen Primary School", "year_level": "P6", "boundary_year": 2026}, "geometry": {"type": "Polygon", "coordinates": [[[145.3326004, -37.5751248], [145.3183973, -37.5451786], [145.3174258, -37.5431292], [145.2781442, -37.5163283], [145.2740275, -37.5135182], [145.2048896, -37.520451], [145.2447944, -37.5748673], [145.3326004, -37.5751248]]]}}, {"type": "Feature", "properties": {"level": "primary", "school": "Epping Primary School", "year_level": "P6", "boundary_year": 2026}, "geometry": {"type": "Polygon", "coordinates": [[[145.0303833, -37.6541805], [145.0386677, -37.6382355], [145.0383755, -37.6358181], [145.0073832, -37.6377044], [144.9994367, -37.6428526], [145.0151632, -37.6556458], [145.0303833, -37.6541805]]]}}, {"type": "Feature", "properties": {"level": "primary", "school": "Morang South Primary School", "year_level": "P6", "boundary_year": 2026}, "geometry": {"type": "Polygon", "coordinates": [[[145.1219496, -37.6646519], [145.1221347, -37.6643022], [145.1075808, -37.6338828], [145.102968, -37.6337128], [145.0741536, -37.6470844], [145.0725665, -37.6512078], [145.0728059, -37.6526573], [145.1000393, -37.6707526], [145.1219496, -37.6646519]]]}}, {"type": "Feature", "properties": {"level": "primary", "school": "Kurunjang Primary School", "year_level": "P6", "boundary_year": 2026}, "geometry": {"type": "Polygon", "coordinates": [[[144.6417118, -37.673034], [144.656562, -37.6647079], [144.6574628, -37.6622894], [144.6453765, -37.6427004], [144.5694425, -37.6367989], [144.5664834, -37.6560964], [144.5779911, -37.6759015], [144.6417118, -37.673034]]]}}, {"type": "Feature", "properties": {"level": "primary", "school": "Panton Hill Primary School", "year_level": "P6", "boundary_year": 2026}, "geometry": {"type": "Polygon", "coordinates": [[[145.2762721, -37.6324751], [145.226549, -37.6082352], [145.2253892, -37.6086707], [145.2142449, -37.6598234], [145.2169981, -37.6634983], [145.2630209, -37.6779365], [145.2762721, -37.6324751]]]}}, {"type": "Feature", "properties": {"level": "primary", "school": "Meadowglen Primary School", "year_level": "P6", "boundary_year": 2026}, "geometry": {"type": "Polygon", "coordinates": [[[145.0741536, -37.6470844], [145.0565563, -37.625344], [145.0420426, -37.6311064], [145.0383755, -37.6358181], [145.0386677, -37.6382355], [145.0513132, -37.6499761], [145.0725665, -37.6512078], [145.0741536, -37.6470844]]]}}, {"type": "Feature", "properties": {"level": "primary", "school": "Meadow Heights Primary School", "year_level": "P6", "boundary_year": 2026}, "geometry": {"type": "Polygon", "coordinates": [[[144.9479764, -37.6483385], [144.9221225, -37.640706], [144.9143425, -37.6427335], [144.9049919, -37.6451693], [144.9041474, -37.6470679], [144.9039622, -37.6474852], [144.9256522, -37.6569012], [144.9479764, -37.6483385]]]}}, {"type": "Feature", "properties": {"level": "primary", "school": "Roxburgh Park Primary School", "year_level": "P6", "boundary_year": 2026}, "geometry": {"type": "Polygon", "coordinates": [[[144.9603254, -37.6479261], [144.9706695, -37.642301], [144.9685651, -37.6345442], [144.9659938, -37.6250679], [144.9388306, -37.6220709], [144.9255217, -37.6257587], [144.9221225, -37.640706], [144.9479764, -37.6483385], [144.9575034, -37.6484451], [144.9603254, -37.6479261]]]}}, {"type": "Feature", "properties": {"level": "primary", "school": "Yarrambat Primary School", "year_level": "P6", "boundary_year": 2026}, "geometry": {"type": "Polygon", "coordinates": [[[145.1634194, -37.648479], [145.1664546, -37.6450751], [145.1643941, -37.6292253], [145.1488633, -37.625759], [145.1107323, -37.6312343], [145.1075808, -37.6338828], [145.1221347, -37.6643022], [145.1634194, -37.648479]]]}}, {"type": "Feature", "properties": {"level": "primary", "school": "Hurstbridge Primary School", "year_level": "P6", "boundary_year": 2026}, "geometry": {"type": "Polygon", "coordinates": [[[145.2253892, -37.6086707], [145.1846406, -37.606686], [145.1643941, -37.6292253], [145.1664546, -37.6450751], [145.2142449, -37.6598234], [145.2253892, -37.6086707]]]}}, {"type": "Feature", "properties": {"level": "primary", "school": "Arthurs Creek Primary School", "year_level": "P6", "boundary_year": 2026}, "geometry": {"type": "Polygon", "coordinates": [[[145.2253892, -37.6086707], [145.226549, -37.6082352], [145.2447944, -37.5748673], [145.2048896, -37.520451], [145.1933968, -37.5161865], [145.1594528, -37.545608], [145.1642715, -37.5794805], [145.1846406, -37.606686], [145.2253892, -37.6086707]]]}}, {"type": "Feature", "properties": {"level": "primary", "school": "The Lakes South Morang College", "year_level": "P6", "boundary_year": 2026}, "geometry": {"type": "Polygon", "coordinates": [[[145.102968, -37.6337128], [145.0803608, -37.6167242], [145.0615193, -37.611793], [145.0565563, -37.625344], [145.0741536, -37.6470844], [145.102968, -37.6337128]]]}}, {"type": "Feature", "properties": {"level": "primary", "school": "Mernda Park Primary School", "year_level": "P6", "boundary_year": 2026}, "geometry": {"type": "Polygon", "coordinates": [[[145.102968, -37.6337128], [145.1075808, -37.6338828], [145.1107323, -37.6312343], [145.1119731, -37.6164563], [145.104876, -37.6116873], [145.1046519, -37.6027722], [145.1035853, -37.6029353], [145.0803608, -37.6167242], [145.102968, -37.6337128]]]}}, {"type": "Feature", "properties": {"level": "primary", "school": "Doreen Primary School", "year_level": "P6", "boundary_year": 2026}, "geometry": {"type": "Polygon", "coordinates": [[[145.1846406, -37.606686], [145.1642715, -37.5794805], [145.1403176, -37.5935097], [145.1394211, -37.5983445], [145.1386822, -37.6022843], [145.1380799, -37.6054947], [145.1371268, -37.6116905], [145.1488633, -37.625759], [145.1643941, -37.6292253], [145.1846406, -37.606686]]]}}, {"type": "Feature", "properties": {"level": "primary", "school": "Craigieburn South Primary School", "year_level": "P6", "boundary_year": 2026}, "geometry": {"type": "Polygon", "coordinates": [[[144.9659938, -37.6250679], [144.9660507, -37.6248904], [144.9686469, -37.6167013], [144.9619788, -37.594169], [144.9389336, -37.5954612], [144.9298191, -37.5999698], [144.9216153, -37.6040268], [144.9388306, -37.6220709], [144.9659938, -37.6250679]]]}}, {"type": "Feature", "properties": {"level": "primary", "school": "Mernda Central P-12 College", "year_level": "P6", "boundary_year": 2026}, "geometry": {"type": "Polygon", "coordinates": [[[145.1035853, -37.6029353], [145.056599, -37.5915831], [145.0563748, -37.5942838], [145.0615193, -37.611793], [145.0803608, -37.6167242], [145.1035853, -37.6029353]]]}}, {"type": "Feature", "properties": {"level": "primary", "school": "Mernda Primary School", "year_level": "P6", "boundary_year": 2026}, "geometry": {"type": "Polygon", "coordinates": [[[145.1046519, -37.6027722], [145.1133785, -37.5877495], [145.1076414, -37.5854144], [145.0946719, -37.552973], [145.0626394, -37.5474549], [145.0515371, -37.5590155], [145.056599, -37.5915831], [145.1035853, -37.6029353], [145.1046519, -37.6027722]]]}}, {"type": "Feature", "properties": {"level": "primary", "school": "Hazel Glen College", "year_level": "P6", "boundary_year": 2026}, "geometry": {"type": "Polygon", "coordinates": [[[145.1133785, -37.5877495], [145.1046519, -37.6027722], [145.104876, -37.6116873], [145.1386822, -37.6022843], [145.1394211, -37.5983445], [145.1133785, -37.5877495]]]}}, {"type": "Feature", "properties": {"level": "primary", "school": "Laurimar Primary School", "year_level": "P6", "boundary_year": 2026}, "geometry": {"type": "Polygon", "coordinates": [[[145.1403176, -37.5935097], [145.1642715, -37.5794805], [145.1594528, -37.545608], [145.0946719, -37.552973], [145.1076414, -37.5854144], [145.1133785, -37.5877495], [145.1394211, -37.5983445], [145.1403176, -37.5935097]]]}}, {"type": "Feature", "properties": {"level": "primary", "school": "Sunbury Primary School", "year_level": "P6", "boundary_year": 2026}, "geometry": {"type": "Polygon", "coordinates": [[[144.796023, -37.6383176], [144.7963698, -37.6370243], [144.7391088, -37.5886866], [144.7309982, -37.5818338], [144.7224615, -37.5854313], [144.7018976, -37.6021006], [144.7794894, -37.6393056], [144.796023, -37.6383176]]]}}, {"type": "Feature", "properties": {"level": "primary", "school": "Craigieburn Primary School", "year_level": "P6", "boundary_year": 2026}, "geometry": {"type": "Polygon", "coordinates": [[[144.9731145, -37.5665191], [144.9722511, -37.5657485], [144.9381719, -37.5551274], [144.9373877, -37.5561506], [144.9266975, -37.5861706], [144.9329743, -37.5909365], [144.9389336, -37.5954612], [144.9619788, -37.594169], [144.9731145, -37.5665191]]]}}, {"type": "Feature", "properties": {"level": "primary", "school": "Edgars Creek Primary School", "year_level": "P6", "boundary_year": 2026}, "geometry": {"type": "Polygon", "coordinates": [[[145.008384, -37.5989296], [144.9739181, -37.6154967], [145.0143057, -37.6161532], [145.0149887, -37.6090387], [145.008384, -37.5989296]]]}}, {"type": "Feature", "properties": {"level": "primary", "school": "Mount Ridley P-12 College", "year_level": "P6", "boundary_year": 2026}, "geometry": {"type": "Polygon", "coordinates": [[[144.9373877, -37.5561506], [144.9139742, -37.577872], [144.9149945, -37.5857806], [144.9177547, -37.5858728], [144.9266975, -37.5861706], [144.9373877, -37.5561506]]]}}, {"type": "Feature", "properties": {"level": "primary", "school": "Kinglake West Primary School", "year_level": "P6", "boundary_year": 2026}, "geometry": {"type": "Polygon", "coordinates": [[[145.2048896, -37.520451], [145.2740275, -37.5135182], [145.2781442, -37.5163283], [145.2783428, -37.5161639], [145.2794034, -37.5159956], [145.2813173, -37.512648], [145.2830024, -37.5118502], [145.285058, -37.5077181], [145.2850607, -37.507538], [145.2814077, -37.5016047], [145.2816755, -37.5012544], [145.28517, -37.4980859], [145.2850072, -37.4944738], [145.2850773, -37.4939194], [145.2869879, -37.4892777], [145.2877434, -37.4889965], [145.2884724, -37.4888767], [145.2929106, -37.4890561], [145.3008061, -37.4838082], [145.3013037, -37.4830446], [145.3011885, -37.4824645], [145.3004212, -37.4814607], [145.3012639, -37.479497], [145.3023516, -37.4787003], [145.3055682, -37.4774711], [145.310212, -37.4780654], [145.3110914, -37.4785292], [145.3114708, -37.4786318], [145.3136412, -37.4749866], [145.3172389, -37.4728225], [145.3099549, -37.4710014], [145.3098171, -37.4710829], [145.3038015, -37.470845], [145.3034724, -37.4710839], [145.2980677, -37.4710209], [145.296497, -37.4671346], [145.2980443, -37.4629956], [145.2986942, -37.4624056], [145.2993422, -37.4584443], [145.3008869, -37.4560444], [145.3009468, -37.4559956], [145.301046, -37.4557025], [145.3010575, -37.4551878], [145.2942983, -37.4502774], [145.2935475, -37.447001], [145.2948147, -37.4438816], [145.2948333, -37.4437132], [145.2947935, -37.443661], [145.2941588, -37.4420216], [145.2933261, -37.441218], [145.2932647, -37.4411342], [145.2925386, -37.437738], [145.2926759, -37.4372952], [145.2923616, -37.4355288], [145.2894658, -37.4323431], [145.29578, -37.4282231], [145.2947222, -37.4249519], [145.2926829, -37.4241621], [145.2912778, -37.4243142], [145.2883251, -37.4236193], [145.28266, -37.4209105], [145.2834156, -37.4187595], [145.2825645, -37.4140909], [145.2836272, -37.4130475], [145.2834859, -37.4082414], [145.2816746, -37.4065586], [145.2804998, -37.4050339], [145.2803423, -37.4043072], [145.2808983, -37.4019116], [145.2805949, -37.4011337], [145.2805448, -37.4010733], [145.2697143, -37.4022096], [145.2683423, -37.4001292], [145.2654339, -37.3982001], [145.2660741, -37.394266], [145.2662452, -37.3940636], [145.2665769, -37.393014], [145.2658301, -37.3891346], [145.2609515, -37.3842808], [145.2610968, -37.3818242], [145.2607349, -37.3813996], [145.2605708, -37.380569], [145.261888, -37.3771509], [145.2615761, -37.3760891], [145.2587845, -37.3730295], [145.2575569, -37.3726356], [145.2572788, -37.3725199], [145.2568732, -37.3704897], [145.2570273, -37.3702685], [145.2563856, -37.3671366], [145.2568734, -37.3665526], [145.2592834, -37.3646702], [145.2590702, -37.3621448], [145.2580342, -37.3605637], [145.2580128, -37.3605413], [145.256522, -37.3580535], [145.2562392, -37.3578543], [145.255286, -37.3578085], [145.2550944, -37.3578395], [145.2504891, -37.3615178], [145.2486618, -37.3616271], [145.246474, -37.3624058], [145.2463238, -37.3630802], [145.2425077, -37.36553], [145.242112, -37.3653822], [145.2409072, -37.3638734], [145.2405437, -37.3635281], [145.2379417, -37.3625241], [145.2311561, -37.3680362], [145.2313486, -37.3685189], [145.2308292, -37.3689092], [145.2216417, -37.3719409], [145.2208529, -37.3717396], [145.2177142, -37.369042], [145.2162018, -37.3684391], [145.2137855, -37.3680245], [145.2155062, -37.377925], [145.2148962, -37.3786749], [145.2089332, -37.3821143], [145.2068798, -37.382864], [145.2055675, -37.3836431], [145.2026905, -37.3841518], [145.2020506, -37.3839285], [145.200322, -37.381055], [145.1996419, -37.3805073], [145.1974335, -37.3793485], [145.1848786, -37.3793019], [145.1846261, -37.3795276], [145.1833642, -37.3798043], [145.1816693, -37.3812451], [145.1762075, -37.3799134], [145.1733581, -37.3803383], [145.1741886, -37.3829297], [145.1758297, -37.3845729], [145.1762722, -37.3858942], [145.1731897, -37.3890977], [145.1714815, -37.3888623], [145.1687734, -37.3909983], [145.1673933, -37.3920148], [145.1647536, -37.3918988], [145.1638053, -37.3925939], [145.1636153, -37.3930825], [145.1641346, -37.3955176], [145.1628323, -37.3976786], [145.163352, -37.4003091], [145.1627781, -37.4013094], [145.1627772, -37.401365], [145.1631297, -37.402045], [145.1639439, -37.4034326], [145.1639518, -37.4039346], [145.1618056, -37.4061379], [145.1643665, -37.410323], [145.1629224, -37.4112693], [145.16171, -37.411691], [145.1585266, -37.4111879], [145.1579514, -37.4121421], [145.1554915, -37.4173962], [145.1593943, -37.423015], [145.1595061, -37.4241132], [145.15939, -37.4241936], [145.156526, -37.4281246], [145.1558124, -37.4301171], [145.1554336, -37.4305275], [145.1553616, -37.4306195], [145.1551429, -37.4321158], [145.159997, -37.4392661], [145.1599865, -37.4397806], [145.1653909, -37.4376456], [145.1933968, -37.5161865], [145.2048896, -37.520451]]]}}, {"type": "Feature", "properties": {"level": "primary", "school": "Sunbury Heights Primary School", "year_level": "P6", "boundary_year": 2026}, "geometry": {"type": "Polygon", "coordinates": [[[144.7018976, -37.6021006], [144.7224615, -37.5854313], [144.7013517, -37.57285], [144.6449718, -37.5777294], [144.6541338, -37.603747], [144.7018976, -37.6021006]]]}}, {"type": "Feature", "properties": {"level": "primary", "school": "Killara Primary School", "year_level": "P6", "boundary_year": 2026}, "geometry": {"type": "Polygon", "coordinates": [[[144.7013517, -37.57285], [144.7165254, -37.565561], [144.722003, -37.5079267], [144.6745809, -37.515206], [144.664176, -37.5258555], [144.6328937, -37.5578495], [144.6449718, -37.5777294], [144.7013517, -37.57285]]]}}, {"type": "Feature", "properties": {"level": "primary", "school": "Riddells Creek Primary School", "year_level": "P6", "boundary_year": 2026}, "geometry": {"type": "Polygon", "coordinates": [[[144.722003, -37.5079267], [144.7474442, -37.500331], [144.7510206, -37.5006195], [144.7503771, -37.4992089], [144.7486303, -37.4969742], [144.7480766, -37.4944283], [144.7473415, -37.4934633], [144.7467814, -37.4905192], [144.7502953, -37.4893397], [144.7524491, -37.4874294], [144.7515474, -37.4844952], [144.7514241, -37.4844481], [144.751026, -37.4845014], [144.7474722, -37.4857969], [144.7470304, -37.4846208], [144.7456708, -37.4840757], [144.7437678, -37.4830569], [144.74589, -37.4794226], [144.7455023, -37.4786902], [144.7435579, -37.4772054], [144.7427532, -37.4758258], [144.7407993, -37.4741636], [144.7400154, -37.4729869], [144.7391496, -37.4722534], [144.7385653, -37.4721196], [144.736685, -37.4714856], [144.7347025, -37.470426], [144.734054, -37.4702353], [144.7308862, -37.4686819], [144.7279502, -37.4660701], [144.7264685, -37.4637751], [144.7279599, -37.459582], [144.7276131, -37.4592595], [144.7257753, -37.4585146], [144.7210161, -37.4521561], [144.7229485, -37.4500465], [144.7235323, -37.4458828], [144.7236544, -37.4446594], [144.7210449, -37.4424771], [144.7210779, -37.4423393], [144.7211685, -37.4420503], [144.7124051, -37.4366687], [144.712401, -37.4365966], [144.7078031, -37.4328953], [144.7071895, -37.4329089], [144.7059385, -37.4320345], [144.7056455, -37.4318905], [144.7047303, -37.4309799], [144.702302, -37.4306586], [144.6997754, -37.4300538], [144.699533, -37.4298891], [144.6987887, -37.4289916], [144.6991675, -37.4249448], [144.6992696, -37.4248547], [144.6979792, -37.4177461], [144.6984614, -37.4166705], [144.701946, -37.4153898], [144.7016051, -37.4136352], [144.7019764, -37.4071219], [144.6992411, -37.4057705], [144.6990752, -37.4054655], [144.6982741, -37.403499], [144.696952, -37.4025152], [144.6923931, -37.403603], [144.6895455, -37.4022041], [144.6887224, -37.4012991], [144.6887177, -37.401282], [144.6870343, -37.4000304], [144.6844513, -37.3996695], [144.6809354, -37.40091], [144.6805906, -37.401273], [144.6812339, -37.402778], [144.6780759, -37.4107147], [144.6762194, -37.4105377], [144.6740993, -37.4112302], [144.6694575, -37.409899], [144.6675376, -37.407968], [144.6674217, -37.4078074], [144.6670828, -37.4068178], [144.6671152, -37.4048255], [144.6670481, -37.4046793], [144.6656282, -37.4041311], [144.6596985, -37.4042639], [144.659557, -37.405062], [144.6595618, -37.4052783], [144.6550012, -37.4103341], [144.6529983, -37.4090648], [144.6517396, -37.4064009], [144.6516622, -37.4062783], [144.6486238, -37.4054483], [144.6474748, -37.4038185], [144.64427, -37.4028788], [144.6430093, -37.4033933], [144.6392626, -37.4031262], [144.6357495, -37.4017025], [144.6333153, -37.4017094], [144.6323338, -37.4016776], [144.6319788, -37.4024064], [144.6315506, -37.4066458], [144.6329507, -37.4079621], [144.6376554, -37.4101286], [144.6386898, -37.411186], [144.6387947, -37.4142924], [144.6398752, -37.4149275], [144.6412362, -37.4183262], [144.6387923, -37.4209961], [144.6370896, -37.4205161], [144.6345419, -37.4211732], [144.6313812, -37.4231885], [144.6304407, -37.4218437], [144.6266554, -37.4207552], [144.625321, -37.421024], [144.6228185, -37.4250485], [144.6228983, -37.425148], [144.6230571, -37.426411], [144.6234273, -37.4271521], [144.6272093, -37.4287644], [144.629007, -37.4283401], [144.6314164, -37.4296236], [144.633965, -37.4295477], [144.6360522, -37.4318798], [144.6371355, -37.4328968], [144.6373219, -37.4336337], [144.6357946, -37.4351817], [144.6345731, -37.4384302], [144.6361153, -37.440147], [144.642736, -37.4431849], [144.6452083, -37.4435779], [144.6458003, -37.4458335], [144.6455858, -37.448191], [144.6459113, -37.4491536], [144.6439889, -37.4534416], [144.6448274, -37.4568631], [144.6409322, -37.4589717], [144.6406031, -37.4589997], [144.6390207, -37.4611449], [144.6406227, -37.465175], [144.6400489, -37.4683776], [144.6392865, -37.4687287], [144.6380509, -37.4689412], [144.6367273, -37.4714505], [144.6367919, -37.4716307], [144.6360178, -37.4765161], [144.6361953, -37.4769916], [144.6367985, -37.4792426], [144.6379814, -37.4801573], [144.6376299, -37.4822415], [144.6372195, -37.4827133], [144.6372054, -37.4828304], [144.634572, -37.4853571], [144.6250652, -37.484705], [144.6249102, -37.4849532], [144.6267274, -37.4867856], [144.6281608, -37.4876002], [144.6337741, -37.4887854], [144.634874, -37.490061], [144.6356811, -37.4908347], [144.6354591, -37.4916389], [144.6374096, -37.4947591], [144.6377701, -37.4950791], [144.6377854, -37.4951433], [144.6402711, -37.4982693], [144.647957, -37.5020761], [144.6488523, -37.5024059], [144.6495409, -37.5034062], [144.6412228, -37.5108338], [144.6407822, -37.5119301], [144.6414779, -37.5128604], [144.6424376, -37.5133083], [144.6544001, -37.5148611], [144.6568681, -37.5164081], [144.6577715, -37.5177813], [144.664176, -37.5258555], [144.6745809, -37.515206], [144.722003, -37.5079267]]]}}, {"type": "Feature", "properties": {"level": "primary", "school": "Gisborne Primary School", "year_level": "P6", "boundary_year": 2026}, "geometry": {"type": "Polygon", "coordinates": [[[144.4237484, -37.4861186], [144.4232194, -37.486845], [144.4190993, -37.4900106], [144.4189531, -37.4920969], [144.4189822, -37.4930314], [144.4227205, -37.4938643], [144.422867, -37.4940578], [144.426169, -37.4945909], [144.426478, -37.4948177], [144.429475, -37.4946789], [144.4308706, -37.4953037], [144.4315067, -37.4952265], [144.4336856, -37.4936356], [144.4444734, -37.498145], [144.4424577, -37.5015842], [144.4419879, -37.5059453], [144.443153, -37.5073149], [144.4430559, -37.5154562], [144.443387, -37.5165777], [144.443362, -37.5186043], [144.4435863, -37.5194812], [144.4441747, -37.5205698], [144.4487684, -37.5223697], [144.4522875, -37.5251282], [144.4544652, -37.5259302], [144.458358, -37.5250468], [144.4590632, -37.5246895], [144.460348, -37.5231427], [144.4663982, -37.5228933], [144.4670728, -37.5222457], [144.4679121, -37.519492], [144.4680994, -37.5194081], [144.4707205, -37.5160612], [144.4718299, -37.515629], [144.4737568, -37.5163766], [144.4749316, -37.5161609], [144.4770082, -37.5139038], [144.4806464, -37.5148793], [144.4812232, -37.5127686], [144.4831977, -37.5121662], [144.4842687, -37.5097289], [144.488518, -37.5082773], [144.4910225, -37.5089766], [144.4933195, -37.5091963], [144.4957524, -37.5090795], [144.4973963, -37.5098794], [144.5025988, -37.5112006], [144.4992239, -37.5250186], [144.4987093, -37.526158], [144.4993227, -37.5287136], [144.5018954, -37.5314988], [144.5023235, -37.5323162], [144.5019985, -37.5369916], [144.502382, -37.5397939], [144.5019421, -37.5445426], [144.5063323, -37.5485113], [144.5089989, -37.5526528], [144.5095533, -37.55304], [144.5152999, -37.5544032], [144.5244171, -37.5522188], [144.5247591, -37.5520507], [144.5280736, -37.5510375], [144.5302232, -37.550973], [144.5301753, -37.550496], [144.5330008, -37.5504081], [144.5343459, -37.5492058], [144.5361978, -37.548421], [144.5389122, -37.5502228], [144.5427932, -37.5501012], [144.5832649, -37.5535912], [144.585968, -37.546657], [144.5862089, -37.545191], [144.588644, -37.5445479], [144.589507, -37.5444249], [144.5903529, -37.54394], [144.5912599, -37.541907], [144.5930281, -37.540113], [144.5941789, -37.539046], [144.5947469, -37.534401], [144.5933259, -37.533954], [144.5926819, -37.531], [144.5935689, -37.52877], [144.5940579, -37.5281029], [144.5939201, -37.5266489], [144.592409, -37.525438], [144.591707, -37.5249539], [144.5913352, -37.5240981], [144.592363, -37.5210439], [144.592857, -37.520896], [144.593, -37.5202459], [144.5950939, -37.516974], [144.5936039, -37.515971], [144.5926319, -37.516807], [144.5919462, -37.516835], [144.589038, -37.515644], [144.5890548, -37.515348], [144.5895039, -37.5136429], [144.5897279, -37.511698], [144.5899761, -37.511053], [144.5897509, -37.5101389], [144.591276, -37.5079259], [144.5925719, -37.508128], [144.5929381, -37.508118], [144.594031, -37.5079589], [144.5942079, -37.507999], [144.5953299, -37.5057671], [144.595322, -37.505649], [144.5952328, -37.5055069], [144.5930819, -37.5049219], [144.5915796, -37.5045451], [144.5915061, -37.5033319], [144.5916979, -37.50312], [144.5916331, -37.5027479], [144.591819, -37.502007], [144.5919398, -37.5018641], [144.5917769, -37.500935], [144.592533, -37.500339], [144.592582, -37.499931], [144.5942959, -37.498789], [144.5946069, -37.498684], [144.5952981, -37.4988039], [144.5955472, -37.4990611], [144.596975, -37.498935], [144.5976021, -37.497323], [144.597672, -37.4967299], [144.5989401, -37.4968301], [144.599026, -37.4959939], [144.6001258, -37.49557], [144.6001742, -37.495093], [144.600406, -37.494619], [144.5998344, -37.4931927], [144.6092977, -37.4944885], [144.6086226, -37.4911236], [144.6076621, -37.4878461], [144.6162204, -37.4843869], [144.615559, -37.4821391], [144.6159828, -37.4808455], [144.6164673, -37.4798325], [144.6159403, -37.478517], [144.6185384, -37.4758876], [144.6171037, -37.4743188], [144.6135591, -37.4751741], [144.6133356, -37.4757646], [144.6133265, -37.4762331], [144.6111813, -37.4771625], [144.6101643, -37.4775142], [144.6100364, -37.477503], [144.6097796, -37.4775146], [144.6089276, -37.4767631], [144.6076202, -37.4765894], [144.606388, -37.4767692], [144.6059497, -37.4780067], [144.6060698, -37.4782136], [144.6056769, -37.480238], [144.6034663, -37.480481], [144.6034358, -37.480482], [144.6030039, -37.4795928], [144.6015149, -37.4791058], [144.6005325, -37.479291], [144.6003682, -37.4791325], [144.6004254, -37.4777307], [144.6003932, -37.477407], [144.6000428, -37.4774105], [144.5989749, -37.4789621], [144.5989423, -37.478971], [144.5987277, -37.4788713], [144.5976795, -37.4774196], [144.5969176, -37.4784327], [144.5963337, -37.4785361], [144.5949956, -37.4783864], [144.5946202, -37.4777977], [144.5945828, -37.4778003], [144.5931401, -37.4775537], [144.5920867, -37.4783424], [144.5921469, -37.478876], [144.5920843, -37.4789776], [144.5909131, -37.4795882], [144.5899205, -37.4793379], [144.5892049, -37.4794966], [144.5886641, -37.4793272], [144.5873448, -37.4782926], [144.5870467, -37.4782169], [144.5861917, -37.4784265], [144.584735, -37.4805671], [144.5831335, -37.4808184], [144.5820817, -37.4814589], [144.5816532, -37.4819062], [144.5811853, -37.4820389], [144.5806914, -37.4822272], [144.57717, -37.4832377], [144.575581, -37.4831185], [144.5732974, -37.4799555], [144.5741268, -37.4784517], [144.5763837, -37.4768485], [144.5776588, -37.4744722], [144.5776038, -37.4744163], [144.5741426, -37.4730207], [144.5720555, -37.4742425], [144.5719762, -37.4720614], [144.5735224, -37.4725148], [144.5746803, -37.4698651], [144.5762713, -37.4698175], [144.5782266, -37.4679455], [144.5775606, -37.4660932], [144.5775495, -37.466077], [144.5740025, -37.4667529], [144.5722027, -37.4641313], [144.5728418, -37.4635074], [144.5712075, -37.4604422], [144.5717584, -37.4583652], [144.5714866, -37.4580417], [144.5701015, -37.4566751], [144.5698299, -37.4565642], [144.5684953, -37.4549167], [144.5618343, -37.4536678], [144.560655, -37.4541122], [144.5583538, -37.4556265], [144.5579215, -37.4557439], [144.5576778, -37.4560603], [144.5570696, -37.4597599], [144.5577521, -37.46095], [144.5634303, -37.4621235], [144.5643938, -37.4628857], [144.5654034, -37.4650215], [144.5654187, -37.4672753], [144.5614713, -37.4670077], [144.5581633, -37.4677894], [144.5543031, -37.4661404], [144.5536617, -37.4652305], [144.5524753, -37.4647764], [144.5499706, -37.4650608], [144.5472393, -37.4635437], [144.5466618, -37.4621663], [144.5467202, -37.4618702], [144.5451413, -37.4595401], [144.5419177, -37.4594558], [144.5407846, -37.4623106], [144.5413685, -37.4631745], [144.540246, -37.4670873], [144.5347309, -37.4664053], [144.5345048, -37.4660035], [144.5301664, -37.4639022], [144.529294, -37.4563806], [144.5289819, -37.4562272], [144.5288584, -37.4562961], [144.524969, -37.4607403], [144.5246972, -37.4619106], [144.5207995, -37.4649039], [144.5193883, -37.4649623], [144.5185195, -37.4668585], [144.5186682, -37.4685568], [144.5112235, -37.4686977], [144.5102965, -37.4699042], [144.5099937, -37.470048], [144.5073582, -37.469701], [144.5051772, -37.4700839], [144.5043806, -37.4698536], [144.502085, -37.4674867], [144.50093, -37.4674548], [144.4944959, -37.4701663], [144.4925484, -37.4692372], [144.4921524, -37.4687587], [144.4909176, -37.4689894], [144.4854996, -37.472351], [144.4846377, -37.4724004], [144.4837136, -37.470633], [144.4840083, -37.4695385], [144.4830839, -37.4679772], [144.484443, -37.4657646], [144.4833887, -37.4638964], [144.4807737, -37.4640742], [144.47786, -37.4664397], [144.4777864, -37.4664394], [144.4744376, -37.4645171], [144.4738568, -37.4644549], [144.4706388, -37.4627638], [144.4702244, -37.4627033], [144.4698049, -37.4625654], [144.4678677, -37.4608726], [144.460553, -37.4639892], [144.4592266, -37.4637058], [144.4567225, -37.4663798], [144.4526015, -37.4676667], [144.4520795, -37.467631], [144.4502231, -37.4701213], [144.4490294, -37.4702338], [144.4452256, -37.4699954], [144.444329, -37.4692224], [144.4429019, -37.4698908], [144.4416996, -37.47058], [144.4416652, -37.4706393], [144.4377603, -37.470621], [144.4374118, -37.4707905], [144.4378515, -37.4718739], [144.438701, -37.4724359], [144.4384338, -37.4747703], [144.4341053, -37.4766288], [144.4342673, -37.4769169], [144.4345492, -37.4771399], [144.4356988, -37.4801021], [144.4332225, -37.4835561], [144.4286063, -37.4849677], [144.4276614, -37.4861086], [144.4271054, -37.4861888], [144.4237484, -37.4861186]]]}}, {"type": "Feature", "properties": {"level": "primary", "school": "Mount Macedon Primary School", "year_level": "P6", "boundary_year": 2026}, "geometry": {"type": "Polygon", "coordinates": [[[144.6323338, -37.4016776], [144.632078, -37.4011127], [144.6292645, -37.3989323], [144.6278836, -37.3965263], [144.6263467, -37.3955258], [144.6244979, -37.391636], [144.6244564, -37.3916061], [144.6241657, -37.3911881], [144.6233922, -37.3889283], [144.6232641, -37.3881051], [144.6233573, -37.3877719], [144.6221301, -37.3835534], [144.6220999, -37.383091], [144.6207106, -37.3801435], [144.6198785, -37.3798948], [144.6189353, -37.3799792], [144.6172, -37.3801359], [144.6154558, -37.3798202], [144.6111358, -37.3773119], [144.6107272, -37.377243], [144.6078625, -37.3783221], [144.6022128, -37.3777015], [144.6022142, -37.3776907], [144.6000213, -37.3740381], [144.5974763, -37.3735808], [144.5955255, -37.3745241], [144.5937598, -37.3738602], [144.5925303, -37.3719411], [144.5888822, -37.3719043], [144.5888057, -37.3695808], [144.5900153, -37.3690812], [144.5954575, -37.3682103], [144.5958032, -37.367979], [144.5962005, -37.3669746], [144.595444, -37.3662972], [144.5949372, -37.3637632], [144.5923151, -37.3617294], [144.590556, -37.3622089], [144.5886365, -37.3605435], [144.5876459, -37.3606679], [144.587292, -37.3605244], [144.5848648, -37.3627869], [144.5850257, -37.3635399], [144.5837252, -37.3655549], [144.5828931, -37.3657764], [144.5826755, -37.3657494], [144.5793883, -37.3666643], [144.576282, -37.3664749], [144.5759441, -37.366562], [144.5738564, -37.3665329], [144.5725637, -37.3665752], [144.5724788, -37.3666027], [144.5715952, -37.3680946], [144.5670686, -37.3705186], [144.5681461, -37.3732511], [144.5641047, -37.376413], [144.5634274, -37.3763808], [144.5625279, -37.3806362], [144.5614194, -37.3811072], [144.5583232, -37.380136], [144.5559399, -37.381169], [144.5555389, -37.3817983], [144.5551227, -37.3818751], [144.5533465, -37.3831959], [144.5521182, -37.3842583], [144.5521354, -37.3846223], [144.5522793, -37.3847491], [144.554518, -37.3863732], [144.5545847, -37.3863833], [144.5549602, -37.3868984], [144.5577435, -37.3877541], [144.5583408, -37.3900956], [144.5575249, -37.3913145], [144.55779, -37.3921717], [144.5609143, -37.3942819], [144.5604932, -37.3953896], [144.5633512, -37.3986525], [144.5639116, -37.3988519], [144.5643194, -37.3994182], [144.5640807, -37.4006817], [144.5645665, -37.401235], [144.5636052, -37.4036268], [144.5637191, -37.4046328], [144.5637366, -37.4047159], [144.564659, -37.4051905], [144.5664375, -37.4053078], [144.5669626, -37.4051566], [144.5675073, -37.405136], [144.5675964, -37.405149], [144.5676141, -37.4051923], [144.5681617, -37.4092502], [144.5706576, -37.4091619], [144.5729861, -37.4097129], [144.5720555, -37.4118758], [144.5719639, -37.4131055], [144.5725333, -37.4138807], [144.5725351, -37.4150009], [144.5761657, -37.4162845], [144.5778102, -37.4153675], [144.5784884, -37.4153112], [144.5788924, -37.4161752], [144.5789647, -37.417437], [144.577839, -37.419102], [144.5796266, -37.420077], [144.579861, -37.4206004], [144.5831412, -37.4211932], [144.5835747, -37.4204558], [144.583943, -37.42023], [144.5868578, -37.4198327], [144.5876597, -37.4201005], [144.5883256, -37.4200641], [144.5901777, -37.4191792], [144.5917446, -37.4191864], [144.5925068, -37.4194449], [144.5934558, -37.4194698], [144.5946624, -37.4199136], [144.5954552, -37.4201677], [144.5977661, -37.4194853], [144.6001185, -37.4199285], [144.6004747, -37.4209029], [144.6014574, -37.4244368], [144.60237, -37.4242849], [144.6047267, -37.424781], [144.6066148, -37.4275907], [144.6073399, -37.4276599], [144.6080615, -37.4272854], [144.6091332, -37.4267926], [144.6110375, -37.4271402], [144.6116277, -37.4277406], [144.6141176, -37.4278504], [144.6144206, -37.4275964], [144.6151291, -37.4253306], [144.6161961, -37.4252691], [144.616702, -37.4226303], [144.6168236, -37.4225137], [144.6160836, -37.4215732], [144.6150397, -37.4198153], [144.6140623, -37.4193975], [144.6144131, -37.4177281], [144.6146962, -37.4175812], [144.6149242, -37.4173962], [144.6175098, -37.4159609], [144.6200245, -37.4161987], [144.6202906, -37.4158643], [144.6210837, -37.4153865], [144.6245657, -37.4174729], [144.6245334, -37.417572], [144.6270605, -37.4188162], [144.6294055, -37.4177367], [144.6306592, -37.417819], [144.6327094, -37.4160051], [144.632814, -37.4158937], [144.6350408, -37.415896], [144.6387947, -37.4142924], [144.6386898, -37.411186], [144.6376554, -37.4101286], [144.6329507, -37.4079621], [144.6315506, -37.4066458], [144.6319788, -37.4024064], [144.6323338, -37.4016776]]]}}, {"type": "Feature", "properties": {"level": "primary", "school": "Sunbury West Primary School", "year_level": "P6", "boundary_year": 2026}, "geometry": {"type": "Polygon", "coordinates": [[[144.7309982, -37.5818338], [144.7310051, -37.5818087], [144.7312199, -37.5809063], [144.7165254, -37.565561], [144.7013517, -37.57285], [144.7224615, -37.5854313], [144.7309982, -37.5818338]]]}}, {"type": "Feature", "properties": {"level": "primary", "school": "Newbury Primary School", "year_level": "P6", "boundary_year": 2026}, "geometry": {"type": "Polygon", "coordinates": [[[144.9373877, -37.5561506], [144.9381719, -37.5551274], [144.931324, -37.5496454], [144.922121, -37.54971], [144.8959919, -37.5590226], [144.8930412, -37.5672584], [144.8926638, -37.5683106], [144.899346, -37.5744451], [144.9139742, -37.577872], [144.9373877, -37.5561506]]]}}, {"type": "Feature", "properties": {"level": "primary", "school": "Toolangi Primary School", "year_level": "P6", "boundary_year": 2026}, "geometry": {"type": "Polygon", "coordinates": [[[145.5756279, -37.5563801], [145.5766399, -37.5531374], [145.5764706, -37.5526121], [145.5751367, -37.5511677], [145.5769063, -37.548737], [145.577004, -37.5486365], [145.5772586, -37.5484542], [145.5765197, -37.5413435], [145.5764246, -37.5412016], [145.5761533, -37.5407982], [145.5760853, -37.5403379], [145.5762735, -37.5397785], [145.5755455, -37.5386872], [145.5750253, -37.5378235], [145.5747602, -37.5373366], [145.5714733, -37.5360617], [145.5708186, -37.5349178], [145.5738412, -37.5295653], [145.5736467, -37.5283603], [145.5737606, -37.5280256], [145.5750747, -37.526745], [145.5758061, -37.5247274], [145.5756362, -37.5224666], [145.5759122, -37.5218453], [145.5742934, -37.5187326], [145.5742934, -37.5187325], [145.5742994, -37.518627], [145.5730191, -37.5139069], [145.5727362, -37.5136044], [145.5721557, -37.5093549], [145.5720754, -37.5092362], [145.5765542, -37.5064655], [145.5783858, -37.5063556], [145.5834597, -37.5057092], [145.5822961, -37.503098], [145.5800807, -37.5015084], [145.5793417, -37.5001332], [145.5793242, -37.4996197], [145.5785521, -37.4988043], [145.5786183, -37.4905741], [145.5764399, -37.4890221], [145.5738042, -37.4880417], [145.5727219, -37.4866826], [145.5712548, -37.4855739], [145.5712477, -37.4855334], [145.5715368, -37.4847337], [145.5677497, -37.4765586], [145.5698254, -37.4732289], [145.5701358, -37.4731429], [145.570948, -37.4721801], [145.5702927, -37.4689302], [145.5701929, -37.468872], [145.5698833, -37.466043], [145.5700682, -37.4644707], [145.5706265, -37.464295], [145.5715505, -37.4621043], [145.572784, -37.4616641], [145.5728947, -37.4604596], [145.5745279, -37.4586153], [145.574301, -37.4583434], [145.5737283, -37.4564735], [145.5757544, -37.4545795], [145.579652, -37.4538425], [145.5817149, -37.4541675], [145.5822836, -37.452713], [145.5828086, -37.4502514], [145.5825208, -37.4488443], [145.5815367, -37.4474289], [145.5741413, -37.4483037], [145.5703611, -37.4471682], [145.5705863, -37.4458614], [145.5696194, -37.4421723], [145.5628899, -37.4424078], [145.5598375, -37.4398522], [145.5592073, -37.4395938], [145.5547989, -37.4397999], [145.5537515, -37.4401644], [145.5528824, -37.4390726], [145.5512531, -37.4346079], [145.5518879, -37.4316059], [145.55054, -37.430383], [145.5491935, -37.4278128], [145.5493553, -37.4256142], [145.5502583, -37.4241131], [145.5502717, -37.4239103], [145.5519365, -37.4211695], [145.5519942, -37.4201032], [145.5545717, -37.4159956], [145.5541602, -37.414543], [145.554126, -37.4145061], [145.5530884, -37.4110461], [145.5538941, -37.4085867], [145.5543445, -37.4082215], [145.5553494, -37.4048878], [145.554821, -37.4030665], [145.5549145, -37.4028867], [145.5559882, -37.4011424], [145.5552488, -37.3996563], [145.5560844, -37.3972896], [145.5551897, -37.3957492], [145.552563, -37.394397], [145.5523167, -37.3932943], [145.5526691, -37.3928231], [145.5587673, -37.3916601], [145.5620122, -37.3878402], [145.5618515, -37.3876482], [145.5604208, -37.384765], [145.5553961, -37.382275], [145.5550828, -37.3820405], [145.5527613, -37.380075], [145.5520337, -37.3797161], [145.5518205, -37.3797414], [145.5516727, -37.3797331], [145.546373, -37.3806946], [145.5444552, -37.3828158], [145.5375405, -37.3852206], [145.5340543, -37.3852238], [145.5340272, -37.3852166], [145.5347141, -37.3828842], [145.5351063, -37.3824427], [145.5360769, -37.3786832], [145.5339546, -37.3763344], [145.5340162, -37.3747002], [145.5327482, -37.3713041], [145.5327159, -37.3710436], [145.5308085, -37.3703763], [145.5274058, -37.3702616], [145.5249461, -37.3752389], [145.5234718, -37.3759608], [145.5225729, -37.3787466], [145.5235544, -37.379748], [145.5230413, -37.3824735], [145.521, -37.3836954], [145.5205073, -37.3836759], [145.5202039, -37.3836945], [145.5190551, -37.383011], [145.5174288, -37.3805155], [145.5145817, -37.3794564], [145.5139343, -37.3787581], [145.5117656, -37.3785277], [145.510075, -37.3777969], [145.5092161, -37.3770247], [145.5095119, -37.3713261], [145.5048262, -37.3674063], [145.5047566, -37.3664577], [145.5054985, -37.3622471], [145.5051033, -37.3615467], [145.5050119, -37.3611993], [145.5027627, -37.357414], [145.4994542, -37.3560816], [145.4954387, -37.3554198], [145.4950865, -37.3555771], [145.483606, -37.3577671], [145.48059, -37.3549569], [145.4773991, -37.3553906], [145.4757615, -37.3561749], [145.4746567, -37.3575281], [145.4732165, -37.3608215], [145.4731323, -37.3608975], [145.4739043, -37.3624904], [145.4762806, -37.3638993], [145.4763508, -37.3684453], [145.4775832, -37.3694362], [145.4778869, -37.3701622], [145.47781, -37.3706544], [145.4826343, -37.3738134], [145.4826088, -37.3755005], [145.4793003, -37.3776098], [145.4790756, -37.3781885], [145.4769105, -37.3792074], [145.4764325, -37.3800131], [145.4756147, -37.3803462], [145.4752063, -37.3825863], [145.4754764, -37.3842245], [145.4719608, -37.3837031], [145.4699231, -37.3856388], [145.4693402, -37.3856014], [145.4662742, -37.3867399], [145.4661115, -37.3872783], [145.4678899, -37.3899651], [145.4673498, -37.3915711], [145.4642618, -37.3926827], [145.4609872, -37.390538], [145.4599544, -37.3904762], [145.4576742, -37.3910473], [145.4545328, -37.3943575], [145.4506029, -37.3916239], [145.4469625, -37.3912121], [145.4447093, -37.3919496], [145.4432717, -37.3937006], [145.4432897, -37.3962165], [145.4418283, -37.3986091], [145.4418035, -37.3987696], [145.4384956, -37.4037704], [145.4312096, -37.40316], [145.4283069, -37.4108112], [145.4237604, -37.4127612], [145.4202871, -37.4130601], [145.4187098, -37.4122051], [145.4171321, -37.4121394], [145.416084, -37.412354], [145.4144349, -37.4134914], [145.4150484, -37.4188323], [145.4130191, -37.418204], [145.411622, -37.4205814], [145.4128179, -37.4219109], [145.4121531, -37.4247672], [145.4127107, -37.4269344], [145.4122016, -37.4278895], [145.409853, -37.4308894], [145.407418, -37.4315988], [145.4059971, -37.4344197], [145.4032418, -37.4380453], [145.3992418, -37.441373], [145.3993051, -37.4458677], [145.3994856, -37.4462104], [145.4008923, -37.4478683], [145.401424, -37.4479287], [145.403751, -37.4479119], [145.411301, -37.4506247], [145.4143301, -37.4503736], [145.4151148, -37.4508213], [145.4163321, -37.4529068], [145.4181526, -37.453006], [145.4182704, -37.4530335], [145.4184742, -37.4533337], [145.4188107, -37.4557044], [145.4203668, -37.4562378], [145.4207393, -37.4567411], [145.4203698, -37.4584256], [145.4173547, -37.4589941], [145.4144227, -37.4584537], [145.4125742, -37.458771], [145.4101085, -37.4639979], [145.4098687, -37.4667039], [145.4104661, -37.4671633], [145.410835, -37.468265], [145.4114886, -37.4708381], [145.4112017, -37.4744075], [145.411139, -37.4745493], [145.4108833, -37.4784339], [145.41135, -37.4798724], [145.4112768, -37.4811991], [145.4115076, -37.4818453], [145.4113951, -37.4856845], [145.4111076, -37.4862793], [145.4111184, -37.4873886], [145.4124377, -37.4900647], [145.4125378, -37.4920145], [145.4136958, -37.493692], [145.4139369, -37.4957836], [145.4145348, -37.4965384], [145.4149203, -37.4985952], [145.4149284, -37.499026], [145.4150238, -37.499286], [145.4179025, -37.5001581], [145.4186969, -37.501089], [145.4211705, -37.5010758], [145.4213585, -37.5016933], [145.4231305, -37.5028736], [145.4228701, -37.5032116], [145.4221929, -37.5037052], [145.4214647, -37.5057921], [145.4216718, -37.5061706], [145.421249, -37.5072788], [145.4205564, -37.5098384], [145.4198189, -37.5098275], [145.4187884, -37.5094221], [145.4174002, -37.507158], [145.4129497, -37.5076536], [145.4126752, -37.5087864], [145.4132022, -37.5097741], [145.4124525, -37.5143823], [145.4111058, -37.514932], [145.4099949, -37.5153432], [145.4089379, -37.5165208], [145.4051588, -37.519366], [145.4053915, -37.5206006], [145.4031137, -37.523729], [145.3983569, -37.526204], [145.3982964, -37.526325], [145.398121, -37.5289135], [145.3987093, -37.5299695], [145.3980486, -37.5329697], [145.3985657, -37.5342791], [145.3982831, -37.534963], [145.4005599, -37.538886], [145.4070879, -37.5404662], [145.4080641, -37.5404385], [145.4085082, -37.5409579], [145.4089249, -37.5422341], [145.4104623, -37.5440157], [145.4108999, -37.544833], [145.4092011, -37.5485659], [145.4096641, -37.550991], [145.40882, -37.552938], [145.4100819, -37.555154], [145.4095679, -37.55687], [145.4062499, -37.55729], [145.4031348, -37.554127], [145.4003959, -37.5530859], [145.4000201, -37.554697], [145.399599, -37.559583], [145.398813, -37.561354], [145.3967552, -37.5636339], [145.3969341, -37.564607], [145.4045249, -37.5666569], [145.4054501, -37.567554], [145.405406, -37.569591], [145.4055761, -37.569844], [145.402062, -37.5747591], [145.4020641, -37.575289], [145.4015101, -37.5770239], [145.402088, -37.57851], [145.403753, -37.578898], [145.4050471, -37.578069], [145.407094, -37.5769531], [145.4100221, -37.579129], [145.410198, -37.579056], [145.4105129, -37.5788059], [145.4113629, -37.57778], [145.4114138, -37.577776], [145.4150441, -37.578884], [145.4153401, -37.578664], [145.4175641, -37.579197], [145.417855, -37.5788659], [145.4190571, -37.578129], [145.419925, -37.574466], [145.4212369, -37.574621], [145.4228249, -37.5737349], [145.4236241, -37.57387], [145.426102, -37.572931], [145.4281269, -37.5735249], [145.429222, -37.572959], [145.4318368, -37.5745561], [145.4306969, -37.5774149], [145.4298159, -37.5778411], [145.428154, -37.5795879], [145.428145, -37.579744], [145.427312, -37.5809229], [145.4263261, -37.5811289], [145.4240809, -37.582049], [145.4222121, -37.580669], [145.4191229, -37.5824649], [145.4209409, -37.5870549], [145.4207129, -37.588709], [145.421186, -37.589533], [145.4233488, -37.5902509], [145.4236929, -37.5904869], [145.4242841, -37.591164], [145.4264421, -37.5920349], [145.4286802, -37.591181], [145.4319641, -37.5931231], [145.4330661, -37.591868], [145.4368479, -37.5933949], [145.4366012, -37.595677], [145.4356999, -37.596338], [145.435965, -37.6013149], [145.4386709, -37.602961], [145.4398799, -37.604722], [145.441154, -37.604608], [145.4430038, -37.605485], [145.4433661, -37.6059029], [145.4464829, -37.607676], [145.4484621, -37.606796], [145.449762, -37.606492], [145.4515969, -37.60707], [145.452289, -37.6082609], [145.4544829, -37.609594], [145.4548259, -37.610967], [145.4547562, -37.611802], [145.454233, -37.6126269], [145.4573081, -37.618993], [145.4584579, -37.618227], [145.459398, -37.614667], [145.463044, -37.6125439], [145.4632321, -37.6105259], [145.4640012, -37.608595], [145.4637861, -37.6078279], [145.464428, -37.6046199], [145.4626681, -37.6023681], [145.4619679, -37.599977], [145.4617869, -37.599818], [145.4605879, -37.597255], [145.4616519, -37.5934499], [145.4613109, -37.5926319], [145.4615121, -37.590965], [145.4627311, -37.588919], [145.4629802, -37.588769], [145.463936, -37.5838619], [145.4660971, -37.5806689], [145.4676029, -37.5799039], [145.4669189, -37.574895], [145.4677199, -37.5718389], [145.4689292, -37.570494], [145.469278, -37.5696159], [145.475064, -37.570514], [145.4775519, -37.5686519], [145.4783571, -37.568699], [145.4790159, -37.567345], [145.479145, -37.566604], [145.482759, -37.565941], [145.4824289, -37.563645], [145.486269, -37.5640141], [145.4868771, -37.564413], [145.4892579, -37.5622809], [145.490218, -37.5627269], [145.4920959, -37.566584], [145.4921381, -37.5666031], [145.4947252, -37.5659069], [145.496086, -37.5668469], [145.4965729, -37.567975], [145.5000819, -37.5682949], [145.5011878, -37.567234], [145.5034629, -37.568668], [145.5038291, -37.5687341], [145.5040568, -37.5696239], [145.5061651, -37.571989], [145.5074368, -37.569735], [145.5082429, -37.570359], [145.5088038, -37.5704459], [145.510728, -37.571729], [145.510505, -37.572156], [145.5109842, -37.573807], [145.512717, -37.5754051], [145.5147781, -37.576582], [145.5151869, -37.576597], [145.517222, -37.579868], [145.5172949, -37.5805049], [145.5181788, -37.582055], [145.519138, -37.582732], [145.52007, -37.5843589], [145.5208209, -37.584731], [145.5232271, -37.58918], [145.5222811, -37.590576], [145.5234019, -37.5925961], [145.5219689, -37.594761], [145.5227412, -37.596293], [145.5217689, -37.5981269], [145.5216751, -37.598566], [145.5217031, -37.598982], [145.5225051, -37.6000019], [145.5216829, -37.60276], [145.521716, -37.6029249], [145.5221928, -37.604034], [145.5218719, -37.604997], [145.5226021, -37.609475], [145.522911, -37.6098679], [145.5265669, -37.611471], [145.5288389, -37.6139592], [145.5300371, -37.617795], [145.5316936, -37.6219208], [145.5752547, -37.6074708], [145.57458, -37.6060943], [145.5737059, -37.6031611], [145.5736199, -37.600723], [145.5761441, -37.598505], [145.5766991, -37.597331], [145.578917, -37.5953729], [145.5797551, -37.593945], [145.5805069, -37.5895999], [145.5734471, -37.5791181], [145.5727798, -37.575637], [145.5719399, -37.574425], [145.572392, -37.573929], [145.572527, -37.5736439], [145.5739908, -37.567093], [145.5745089, -37.5663899], [145.5749519, -37.5630089], [145.5746451, -37.562586], [145.574663, -37.5605651], [145.574958, -37.56005], [145.576043, -37.55761], [145.5756279, -37.5563801]]]}}, {"type": "Feature", "properties": {"level": "primary", "school": "Middle Kinglake Primary School", "year_level": "P6", "boundary_year": 2026}, "geometry": {"type": "Polygon", "coordinates": [[[145.3183973, -37.5451786], [145.320443, -37.5426554], [145.3208024, -37.5423003], [145.3215608, -37.5393941], [145.3223218, -37.5384197], [145.3223337, -37.5383521], [145.3242966, -37.5355704], [145.328584, -37.5329527], [145.3284234, -37.5319313], [145.328291, -37.5316218], [145.3282858, -37.5309701], [145.3278919, -37.5296035], [145.3287376, -37.5263535], [145.3291537, -37.5262534], [145.3326667, -37.5249983], [145.3330614, -37.5236879], [145.3341201, -37.5223044], [145.3342952, -37.5222345], [145.3358324, -37.5221437], [145.3359796, -37.5219702], [145.3369973, -37.514673], [145.3374582, -37.5143121], [145.337072, -37.5098698], [145.3412287, -37.5077621], [145.3426124, -37.5045754], [145.344651, -37.502451], [145.3493563, -37.5011911], [145.3510522, -37.5000904], [145.3530769, -37.499377], [145.3560463, -37.4990365], [145.3576729, -37.498319], [145.3600538, -37.4955355], [145.3616025, -37.4946441], [145.3630612, -37.4941034], [145.3650431, -37.4911526], [145.3655433, -37.4907572], [145.3644706, -37.4828659], [145.3692497, -37.4811174], [145.3701319, -37.4811697], [145.3702286, -37.4812459], [145.3745523, -37.4821191], [145.3778454, -37.4812807], [145.378851, -37.4802132], [145.3801205, -37.4796874], [145.3807963, -37.4796455], [145.3832204, -37.4789197], [145.3866377, -37.4756609], [145.3868264, -37.47561], [145.3894611, -37.4734595], [145.3896947, -37.4729045], [145.3831312, -37.4672946], [145.3887422, -37.4646857], [145.388758, -37.4646623], [145.3915472, -37.4631501], [145.3909253, -37.4602712], [145.3885765, -37.4581603], [145.3858308, -37.4572573], [145.3843871, -37.4574547], [145.3853132, -37.4510293], [145.3833943, -37.4490928], [145.3822306, -37.4480855], [145.3806448, -37.4428935], [145.3796918, -37.4416838], [145.3806874, -37.4410472], [145.3828229, -37.4384441], [145.384577, -37.4371597], [145.3933968, -37.4363696], [145.3919043, -37.4324735], [145.391703, -37.432228], [145.3855253, -37.4323087], [145.3799151, -37.4291871], [145.3780569, -37.427724], [145.3769734, -37.4264217], [145.3775576, -37.4254899], [145.377048, -37.4227232], [145.3772201, -37.4210087], [145.3749372, -37.4179132], [145.3741704, -37.4138326], [145.3745022, -37.4135585], [145.380195, -37.4121726], [145.3802678, -37.4121029], [145.3800886, -37.4115143], [145.3781764, -37.4095278], [145.3779286, -37.4094368], [145.3776051, -37.4072976], [145.377474, -37.4071115], [145.3729963, -37.407122], [145.3725887, -37.4074134], [145.3723042, -37.4074611], [145.3708934, -37.4086388], [145.3652847, -37.41008], [145.3631803, -37.4091312], [145.3622515, -37.4090852], [145.3582155, -37.4015548], [145.3562696, -37.4008795], [145.3518585, -37.4005753], [145.3514898, -37.4004882], [145.3500546, -37.3998868], [145.3464342, -37.4032965], [145.3373143, -37.4033623], [145.3364122, -37.4029746], [145.333839, -37.40349], [145.3331438, -37.4033757], [145.3318566, -37.395443], [145.3272926, -37.3952554], [145.3261351, -37.396113], [145.3244924, -37.3988948], [145.3221805, -37.4002842], [145.3213922, -37.4013769], [145.3209112, -37.4035993], [145.3207189, -37.4037955], [145.3128579, -37.4037145], [145.310746, -37.4016421], [145.3106966, -37.4014052], [145.3093623, -37.3999623], [145.308585, -37.3996417], [145.3028522, -37.402368], [145.3027515, -37.4040515], [145.3041224, -37.4053637], [145.3037356, -37.407778], [145.3049921, -37.4092579], [145.3074622, -37.4108061], [145.3066532, -37.4121428], [145.3087545, -37.4177443], [145.3082475, -37.4180916], [145.3071422, -37.4202734], [145.3050816, -37.421661], [145.3040044, -37.4243879], [145.2971815, -37.4240247], [145.2947222, -37.4249519], [145.29578, -37.4282231], [145.2894658, -37.4323431], [145.2923616, -37.4355288], [145.2926759, -37.4372952], [145.2925386, -37.437738], [145.2932647, -37.4411342], [145.2933261, -37.441218], [145.2941588, -37.4420216], [145.2947935, -37.443661], [145.2948333, -37.4437132], [145.2948147, -37.4438816], [145.2935475, -37.447001], [145.2942983, -37.4502774], [145.3010575, -37.4551878], [145.301046, -37.4557025], [145.3009468, -37.4559956], [145.3008869, -37.4560444], [145.2993422, -37.4584443], [145.2986942, -37.4624056], [145.2980443, -37.4629956], [145.296497, -37.4671346], [145.2980677, -37.4710209], [145.3034724, -37.4710839], [145.3038015, -37.470845], [145.3098171, -37.4710829], [145.3099549, -37.4710014], [145.3172389, -37.4728225], [145.3136412, -37.4749866], [145.3114708, -37.4786318], [145.3110914, -37.4785292], [145.310212, -37.4780654], [145.3055682, -37.4774711], [145.3023516, -37.4787003], [145.3012639, -37.479497], [145.3004212, -37.4814607], [145.3011885, -37.4824645], [145.3013037, -37.4830446], [145.3008061, -37.4838082], [145.2929106, -37.4890561], [145.2884724, -37.4888767], [145.2877434, -37.4889965], [145.2869879, -37.4892777], [145.2850773, -37.4939194], [145.2850072, -37.4944738], [145.28517, -37.4980859], [145.2816755, -37.5012544], [145.2814077, -37.5016047], [145.2850607, -37.507538], [145.285058, -37.5077181], [145.2830024, -37.5118502], [145.2813173, -37.512648], [145.2794034, -37.5159956], [145.2783428, -37.5161639], [145.2781442, -37.5163283], [145.3174258, -37.5431292], [145.3183973, -37.5451786]]]}}, {"type": "Feature", "properties": {"level": "primary", "school": "Beveridge Primary School", "year_level": "P6", "boundary_year": 2026}, "geometry": {"type": "Polygon", "coordinates": [[[145.0509592, -37.4827721], [145.0329626, -37.463831], [144.9258292, -37.4439457], [144.8977434, -37.4650953], [144.9209384, -37.4829934], [144.9911684, -37.5038992], [145.0458726, -37.4932039], [145.0509592, -37.4827721]]]}}, {"type": "Feature", "properties": {"level": "primary", "school": "Middle Park Primary School", "year_level": "P6", "boundary_year": 2026}, "geometry": {"type": "Polygon", "coordinates": [[[144.9641808, -37.8560718], [144.9678703, -37.8516867], [144.9650361, -37.8494146], [144.9618244, -37.8461203], [144.959236, -37.8420282], [144.950727, -37.8495799], [144.9506018, -37.8496992], [144.9580519, -37.853096], [144.9640467, -37.856269], [144.9641808, -37.8560718]]]}}, {"type": "Feature", "properties": {"level": "primary", "school": "South Melbourne Park Primary School", "year_level": "P6", "boundary_year": 2026}, "geometry": {"type": "Polygon", "coordinates": [[[144.9678703, -37.8516867], [144.9748086, -37.8510551], [144.9783266, -37.8507341], [144.9761197, -37.8444303], [144.9730865, -37.8363496], [144.9711253, -37.8350382], [144.9848989, -37.8281181], [144.9816427, -37.8269707], [144.9799057, -37.825982], [144.9787126, -37.8248127], [144.9781202, -37.8241104], [144.9708609, -37.8250911], [144.9620654, -37.827596], [144.9648237, -37.8304966], [144.9635503, -37.8308932], [144.9620632, -37.8313021], [144.959967, -37.8319255], [144.9551214, -37.8333359], [144.9557175, -37.8344224], [144.9582058, -37.8399528], [144.959236, -37.8420282], [144.9618244, -37.8461203], [144.9650361, -37.8494146], [144.9678703, -37.8516867]]]}}, {"type": "Feature", "properties": {"level": "primary", "school": "Albert Park Primary School", "year_level": "P6", "boundary_year": 2026}, "geometry": {"type": "Polygon", "coordinates": [[[144.9557175, -37.8344224], [144.9551214, -37.8333359], [144.9521085, -37.8341797], [144.9515629, -37.8336101], [144.9507644, -37.8334735], [144.9497025, -37.8340103], [144.9489077, -37.8359656], [144.9455357, -37.8430697], [144.9426965, -37.8460984], [144.9506018, -37.8496992], [144.950727, -37.8495799], [144.959236, -37.8420282], [144.9582058, -37.8399528], [144.9557175, -37.8344224]]]}}, {"type": "Feature", "properties": {"level": "primary", "school": "Port Melbourne Primary School", "year_level": "P6", "boundary_year": 2026}, "geometry": {"type": "Polygon", "coordinates": [[[144.9489077, -37.8359656], [144.9497025, -37.8340103], [144.9467617, -37.8314268], [144.9456909, -37.8306165], [144.9408208, -37.8263961], [144.9400402, -37.8254054], [144.9408947, -37.8225625], [144.9409901, -37.8222042], [144.9365122, -37.820938], [144.9319416, -37.8199561], [144.9311291, -37.8224457], [144.9307232, -37.8239049], [144.9305606, -37.8251397], [144.9307007, -37.826535], [144.932777, -37.8335048], [144.9294805, -37.8341365], [144.9295302, -37.8349304], [144.9293474, -37.8357643], [144.9288819, -37.8364054], [144.9250171, -37.8387367], [144.9247232, -37.8392097], [144.9230084, -37.8406254], [144.9230418, -37.8412966], [144.9262057, -37.8414451], [144.9262782, -37.8418804], [144.9270094, -37.8420686], [144.9272661, -37.8413544], [144.9307299, -37.8423098], [144.9305419, -37.8428611], [144.9312013, -37.8430006], [144.9297339, -37.8474284], [144.9307297, -37.8476832], [144.9321008, -37.8433757], [144.9333588, -37.8438374], [144.9337152, -37.8429224], [144.9426965, -37.8460984], [144.9455357, -37.8430697], [144.9489077, -37.8359656]]]}}, {"type": "Feature", "properties": {"level": "primary", "school": "South Yarra Primary School", "year_level": "P6", "boundary_year": 2026}, "geometry": {"type": "Polygon", "coordinates": [[[144.9783266, -37.8507341], [144.9806335, -37.850202], [144.9895893, -37.8513275], [144.9912981, -37.8429665], [144.9928088, -37.8355775], [144.9928122, -37.8355648], [144.9931839, -37.833744], [144.9916571, -37.8333367], [144.9905393, -37.8327454], [144.9858653, -37.8283509], [144.9848989, -37.8281181], [144.9711253, -37.8350382], [144.9730865, -37.8363496], [144.9761197, -37.8444303], [144.9783266, -37.8507341]]]}}, {"type": "Feature", "properties": {"level": "primary", "school": "St Kilda Park Primary School", "year_level": "P6", "boundary_year": 2026}, "geometry": {"type": "Polygon", "coordinates": [[[144.9734369, -37.8673806], [144.980654, -37.8631581], [144.9813957, -37.8639151], [144.9817424, -37.8641178], [144.9823808, -37.8605249], [144.9828314, -37.8579653], [144.9823479, -37.8555847], [144.9800563, -37.8545537], [144.9792633, -37.8534272], [144.9783266, -37.8507341], [144.9748086, -37.8510551], [144.9678703, -37.8516867], [144.9641808, -37.8560718], [144.9640467, -37.856269], [144.9670035, -37.8598821], [144.9696904, -37.8615652], [144.9709169, -37.8629237], [144.970555, -37.8641129], [144.969258, -37.8643291], [144.9732892, -37.8674671], [144.9734369, -37.8673806]]]}}, {"type": "Feature", "properties": {"level": "primary", "school": "Kensington Primary School", "year_level": "P6", "boundary_year": 2026}, "geometry": {"type": "Polygon", "coordinates": [[[144.9366289, -37.8016707], [144.9394093, -37.7950235], [144.9249018, -37.7847285], [144.9225253, -37.7839413], [144.9100904, -37.7947115], [144.9211917, -37.8086416], [144.9366289, -37.8016707]]]}}, {"type": "Feature", "properties": {"level": "primary", "school": "Queenscliff Primary School", "year_level": "P6", "boundary_year": 2026}, "geometry": {"type": "Polygon", "coordinates": [[[144.6392155, -38.2724796], [144.6392732, -38.2726743], [144.6451968, -38.2722317], [144.6502167, -38.2725571], [144.6542502, -38.2736361], [144.6580366, -38.2742316], [144.660317, -38.2745281], [144.6623406, -38.2720098], [144.6640533, -38.2702236], [144.66592, -38.2685597], [144.6673177, -38.2679942], [144.6693853, -38.2673072], [144.6725907, -38.2664204], [144.6739367, -38.2656504], [144.6732181, -38.2645899], [144.6726547, -38.2635298], [144.6750388, -38.2615013], [144.6780932, -38.2597999], [144.6820608, -38.2589767], [144.6846779, -38.2562163], [144.6860212, -38.2529034], [144.6891512, -38.2511781], [144.6937345, -38.2504187], [144.6976551, -38.2489339], [144.6999315, -38.2469916], [144.7015888, -38.2456111], [144.702576, -38.2440669], [144.7009874, -38.2413756], [144.699387, -38.2411682], [144.696604, -38.2402253], [144.6938621, -38.2414805], [144.6890586, -38.2424049], [144.6880467, -38.2443283], [144.6882505, -38.2465675], [144.6856693, -38.2477372], [144.6829983, -38.2472697], [144.679426, -38.2494682], [144.678907, -38.2491018], [144.6791511, -38.2473919], [144.6805261, -38.2442337], [144.6811633, -38.2420178], [144.6818649, -38.2405198], [144.6810442, -38.2382621], [144.6793776, -38.2369649], [144.6776297, -38.2377149], [144.6734658, -38.2412934], [144.6717009, -38.2436056], [144.6673648, -38.2476971], [144.6659908, -38.2497277], [144.663884, -38.2503945], [144.6622734, -38.252812], [144.6633531, -38.2549944], [144.6663396, -38.2561468], [144.6620951, -38.2587733], [144.6618799, -38.2626543], [144.656459, -38.2641137], [144.652707, -38.2662765], [144.6468758, -38.266429], [144.6427497, -38.2691193], [144.6393751, -38.2692157], [144.6381309, -38.2692021], [144.6392155, -38.2724796]]]}}, {"type": "Feature", "properties": {"level": "primary", "school": "Williamstown Primary School", "year_level": "P6", "boundary_year": 2026}, "geometry": {"type": "Polygon", "coordinates": [[[144.9023247, -37.8555508], [144.8845516, -37.8677903], [144.8839447, -37.8681975], [144.8896132, -37.8689249], [144.8906698, -37.868019], [144.8927836, -37.8683896], [144.8957207, -37.8703112], [144.9001403, -37.8722327], [144.9037253, -37.8730879], [144.9078947, -37.8709426], [144.9131239, -37.8677308], [144.9158574, -37.8658702], [144.9152241, -37.8647937], [144.9115948, -37.8617685], [144.9097338, -37.8613625], [144.9069205, -37.8616232], [144.9043611, -37.8610646], [144.9024288, -37.8554916], [144.9023247, -37.8555508]]]}}, {"type": "Feature", "properties": {"level": "primary", "school": "East Bentleigh Primary School", "year_level": "P6", "boundary_year": 2026}, "geometry": {"type": "Polygon", "coordinates": [[[145.0806643, -37.9472679], [145.085892, -37.9461498], [145.0912674, -37.9449996], [145.0899342, -37.9412699], [145.0880999, -37.9361366], [145.0851334, -37.9323125], [145.0828471, -37.9293653], [145.0604824, -37.9252721], [145.0592627, -37.9332344], [145.0602864, -37.9344331], [145.0612005, -37.9355038], [145.0709807, -37.946955], [145.0759242, -37.947115], [145.0806643, -37.9472679]]]}}, {"type": "Feature", "properties": {"level": "primary", "school": "Coatesville Primary School", "year_level": "P6", "boundary_year": 2026}, "geometry": {"type": "Polygon", "coordinates": [[[145.0852103, -37.9146518], [145.0658239, -37.9112277], [145.0631858, -37.9140951], [145.0628744, -37.9155024], [145.0618109, -37.9208152], [145.0616988, -37.9214675], [145.0569898, -37.920869], [145.056927, -37.9208644], [145.0604824, -37.9252721], [145.0828471, -37.9293653], [145.0852103, -37.9146518]]]}}, {"type": "Feature", "properties": {"level": "primary", "school": "Hampton Primary School", "year_level": "P6", "boundary_year": 2026}, "geometry": {"type": "Polygon", "coordinates": [[[145.0219881, -37.9365047], [145.0260343, -37.9258846], [145.0259895, -37.9243783], [145.0245641, -37.9229009], [145.0193541, -37.9215853], [145.0138779, -37.9219753], [144.9900311, -37.9317458], [144.9947986, -37.9370925], [144.9962373, -37.9395538], [144.9941275, -37.9436848], [144.9980488, -37.9426522], [145.0219881, -37.9365047]]]}}, {"type": "Feature", "properties": {"level": "primary", "school": "Hughesdale Primary School", "year_level": "P6", "boundary_year": 2026}, "geometry": {"type": "Polygon", "coordinates": [[[145.088616, -37.912423], [145.0918656, -37.9054552], [145.0793835, -37.8978861], [145.0756589, -37.8956271], [145.0721601, -37.8964347], [145.0666853, -37.8976982], [145.0661707, -37.8981931], [145.0657641, -37.8985845], [145.0652042, -37.8991226], [145.0649179, -37.8993985], [145.0648517, -37.8994607], [145.0642406, -37.9000503], [145.0658239, -37.9112277], [145.0852103, -37.9146518], [145.088616, -37.912423]]]}}, {"type": "Feature", "properties": {"level": "primary", "school": "McKinnon Primary School", "year_level": "P6", "boundary_year": 2026}, "geometry": {"type": "Polygon", "coordinates": [[[145.0545654, -37.8994504], [145.0399172, -37.90368], [145.0397113, -37.9039025], [145.0420686, -37.9041936], [145.0413544, -37.9080266], [145.0407096, -37.9079467], [145.0401942, -37.9112724], [145.0388963, -37.9111385], [145.0386766, -37.9123856], [145.0385286, -37.9125973], [145.0382226, -37.9145615], [145.0382342, -37.9147011], [145.0422467, -37.9151863], [145.0428779, -37.9116607], [145.052131, -37.9128165], [145.0525074, -37.9110765], [145.0549571, -37.9113737], [145.0549208, -37.9115512], [145.0608132, -37.9123132], [145.0606108, -37.9135018], [145.0632391, -37.9138364], [145.0631858, -37.9140951], [145.0658239, -37.9112277], [145.0642406, -37.9000503], [145.0598255, -37.8997768], [145.0545654, -37.8994504]]]}}, {"type": "Feature", "properties": {"level": "primary", "school": "Caulfield South Primary School", "year_level": "P6", "boundary_year": 2026}, "geometry": {"type": "Polygon", "coordinates": [[[145.0399172, -37.90368], [145.0368886, -37.8838821], [145.0342556, -37.8833468], [145.0334998, -37.8840569], [145.0199188, -37.896816], [145.0249264, -37.9020747], [145.0397113, -37.9039025], [145.0399172, -37.90368]]]}}, {"type": "Feature", "properties": {"level": "primary", "school": "Glen Huntly Primary School", "year_level": "P6", "boundary_year": 2026}, "geometry": {"type": "Polygon", "coordinates": [[[145.0545654, -37.8994504], [145.0479476, -37.8881056], [145.0445063, -37.8822055], [145.0368886, -37.8838821], [145.0399172, -37.90368], [145.0545654, -37.8994504]]]}}, {"type": "Feature", "properties": {"level": "primary", "school": "Brighton Beach Primary School", "year_level": "P6", "boundary_year": 2026}, "geometry": {"type": "Polygon", "coordinates": [[[145.0138779, -37.9219753], [144.9847953, -37.912808], [144.9840193, -37.9135924], [144.9864589, -37.9200157], [144.985594, -37.9234436], [144.9847912, -37.9263464], [144.9900311, -37.9317458], [145.0138779, -37.9219753]]]}}, {"type": "Feature", "properties": {"level": "primary", "school": "Essendon North Primary School", "year_level": "P6", "boundary_year": 2026}, "geometry": {"type": "Polygon", "coordinates": [[[144.9145374, -37.744953], [144.9047642, -37.7307752], [144.8971524, -37.7269891], [144.8971068, -37.7269664], [144.8853531, -37.7441683], [144.9073282, -37.7519605], [144.9145374, -37.744953]]]}}, {"type": "Feature", "properties": {"level": "primary", "school": "Strathmore Primary School", "year_level": "P6", "boundary_year": 2026}, "geometry": {"type": "Polygon", "coordinates": [[[144.9236889, -37.7436276], [144.9286563, -37.7379145], [144.9261211, -37.7303623], [144.9207087, -37.729975], [144.9049556, -37.7308716], [144.9047642, -37.7307752], [144.9145374, -37.744953], [144.9236889, -37.7436276]]]}}, {"type": "Feature", "properties": {"level": "primary", "school": "Niddrie Primary School", "year_level": "P6", "boundary_year": 2026}, "geometry": {"type": "Polygon", "coordinates": [[[144.8853531, -37.7441683], [144.8971068, -37.7269664], [144.8970616, -37.7269439], [144.8959166, -37.7223927], [144.8925174, -37.7172844], [144.8928691, -37.7154574], [144.8929068, -37.7145465], [144.8928307, -37.7137255], [144.8921623, -37.7123625], [144.8910187, -37.7100265], [144.8884796, -37.7107673], [144.8784242, -37.7164552], [144.8746244, -37.7164147], [144.8611013, -37.7160754], [144.8604022, -37.7174251], [144.8593777, -37.7194053], [144.8688034, -37.7300465], [144.8744109, -37.7363778], [144.8823751, -37.7453656], [144.8836763, -37.7448433], [144.8839839, -37.7447184], [144.8853531, -37.7441683]]]}}, {"type": "Feature", "properties": {"level": "primary", "school": "Pascoe Vale Primary School", "year_level": "P6", "boundary_year": 2026}, "geometry": {"type": "Polygon", "coordinates": [[[144.9469869, -37.7291676], [144.9434608, -37.7266631], [144.9390844, -37.7235532], [144.9286235, -37.7243395], [144.9271517, -37.7274787], [144.9282015, -37.7305112], [144.9261211, -37.7303623], [144.9286563, -37.7379145], [144.9372367, -37.7385275], [144.9417859, -37.7388523], [144.9438242, -37.7350589], [144.9469869, -37.7291676]]]}}, {"type": "Feature", "properties": {"level": "primary", "school": "Oak Park Primary School", "year_level": "P6", "boundary_year": 2026}, "geometry": {"type": "Polygon", "coordinates": [[[144.9168916, -37.7081366], [144.9024497, -37.7139562], [144.9024803, -37.7139689], [144.902827, -37.7142728], [144.9023652, -37.7153682], [144.9021735, -37.7162501], [144.9023271, -37.7166756], [144.9027502, -37.7168885], [144.9034036, -37.7168269], [144.9037478, -37.7164317], [144.904134, -37.7158543], [144.9045189, -37.7155502], [144.9048259, -37.7157937], [144.9048647, -37.7165839], [144.9049798, -37.7170706], [144.9054798, -37.7172232], [144.9060175, -37.7171922], [144.9064794, -37.7170709], [144.9070751, -37.716919], [144.9078441, -37.7169647], [144.9085176, -37.7171769], [144.909113, -37.7172684], [144.9097285, -37.7175419], [144.9101704, -37.7179531], [144.9104966, -37.718394], [144.9105357, -37.7186976], [144.9104776, -37.7189256], [144.9102086, -37.7190479], [144.9097287, -37.7191395], [144.9093045, -37.7192608], [144.9092088, -37.7196256], [144.9094015, -37.7206592], [144.9132454, -37.7190177], [144.9145856, -37.7203494], [144.9166583, -37.7201238], [144.9250635, -37.719203], [144.9254358, -37.7129268], [144.9197398, -37.7097334], [144.9168916, -37.7081366]]]}}, {"type": "Feature", "properties": {"level": "primary", "school": "Westbreen Primary School", "year_level": "P6", "boundary_year": 2026}, "geometry": {"type": "Polygon", "coordinates": [[[144.9390844, -37.7235532], [144.9465766, -37.7111746], [144.9401612, -37.7089045], [144.9356679, -37.7073154], [144.9341463, -37.70815], [144.9254358, -37.7129268], [144.9250635, -37.719203], [144.9252925, -37.719178], [144.9287272, -37.7241197], [144.9286235, -37.7243395], [144.9390844, -37.7235532]]]}}, {"type": "Feature", "properties": {"level": "primary", "school": "Glenroy West Primary School", "year_level": "P6", "boundary_year": 2026}, "geometry": {"type": "Polygon", "coordinates": [[[144.9168916, -37.7081366], [144.9160096, -37.6944509], [144.9156253, -37.6943497], [144.9071491, -37.6934802], [144.9029072, -37.6942437], [144.897448, -37.6982529], [144.9036867, -37.6989354], [144.9043633, -37.7011295], [144.9036451, -37.7021971], [144.9036867, -37.7047603], [144.9018933, -37.7053998], [144.901355, -37.7059334], [144.9014432, -37.7068947], [144.9005914, -37.7073212], [144.8996056, -37.7074271], [144.8980354, -37.7087076], [144.8980974, -37.7091628], [144.8992516, -37.7103189], [144.9007502, -37.7118096], [144.9012893, -37.7125091], [144.9015196, -37.7132997], [144.9019046, -37.7137252], [144.9024497, -37.7139562], [144.9168916, -37.7081366]]]}}, {"type": "Feature", "properties": {"level": "primary", "school": "Strathmore North Primary School", "year_level": "P6", "boundary_year": 2026}, "geometry": {"type": "Polygon", "coordinates": [[[144.9250635, -37.719203], [144.9166583, -37.7201238], [144.9145856, -37.7203494], [144.9132454, -37.7190177], [144.9094015, -37.7206592], [144.9092088, -37.7196256], [144.9093045, -37.7192608], [144.9097287, -37.7191395], [144.9102086, -37.7190479], [144.9104776, -37.7189256], [144.9105357, -37.7186976], [144.9104966, -37.718394], [144.9101704, -37.7179531], [144.9097285, -37.7175419], [144.909113, -37.7172684], [144.9085176, -37.7171769], [144.9078441, -37.7169647], [144.9070751, -37.716919], [144.9064794, -37.7170709], [144.9060175, -37.7171922], [144.9054798, -37.7172232], [144.9049798, -37.7170706], [144.9048647, -37.7165839], [144.9048259, -37.7157937], [144.9045189, -37.7155502], [144.904134, -37.7158543], [144.9037478, -37.7164317], [144.9034036, -37.7168269], [144.9027502, -37.7168885], [144.9023271, -37.7166756], [144.9021735, -37.7162501], [144.9023652, -37.7153682], [144.902827, -37.7142728], [144.9024803, -37.7139689], [144.9024497, -37.7139562], [144.9019046, -37.7137252], [144.9015196, -37.7132997], [144.9012893, -37.7125091], [144.9007502, -37.7118096], [144.8992516, -37.7103189], [144.8980974, -37.7091628], [144.8910187, -37.7100265], [144.8921623, -37.7123625], [144.8928307, -37.7137255], [144.8929068, -37.7145465], [144.8928691, -37.7154574], [144.8925174, -37.7172844], [144.8959166, -37.7223927], [144.8970616, -37.7269439], [144.8971068, -37.7269664], [144.8971524, -37.7269891], [144.9047642, -37.7307752], [144.9049556, -37.7308716], [144.9207087, -37.729975], [144.9261211, -37.7303623], [144.9282015, -37.7305112], [144.9271517, -37.7274787], [144.9286235, -37.7243395], [144.9287272, -37.7241197], [144.9252925, -37.719178], [144.9250635, -37.719203]]]}}, {"type": "Feature", "properties": {"level": "primary", "school": "Ashley Park Primary School", "year_level": "P6", "boundary_year": 2026}, "geometry": {"type": "Polygon", "coordinates": [[[145.1386822, -37.6022843], [145.104876, -37.6116873], [145.1119731, -37.6164563], [145.1107323, -37.6312343], [145.1488633, -37.625759], [145.1371268, -37.6116905], [145.1380799, -37.6054947], [145.1386822, -37.6022843]]]}}, {"type": "Feature", "properties": {"level": "primary", "school": "New Gisborne Primary School", "year_level": "P6", "boundary_year": 2026}, "geometry": {"type": "Polygon", "coordinates": [[[144.6116277, -37.4277406], [144.6110948, -37.4293933], [144.6090023, -37.4302137], [144.6087506, -37.4301795], [144.604572, -37.4327529], [144.6039861, -37.432895], [144.602582, -37.4336592], [144.6016014, -37.4333631], [144.6007977, -37.4334026], [144.5999324, -37.4335701], [144.5996412, -37.4335079], [144.5968361, -37.432946], [144.5942388, -37.4334068], [144.5925094, -37.4353933], [144.5938814, -37.439187], [144.5952566, -37.4396226], [144.5967988, -37.4412345], [144.5968128, -37.4413508], [144.5919013, -37.4446952], [144.5895856, -37.4437981], [144.587482, -37.4440756], [144.5865033, -37.4422357], [144.5844093, -37.441548], [144.5836731, -37.4405876], [144.5807693, -37.4408711], [144.5806865, -37.4421703], [144.5814522, -37.4435039], [144.5807373, -37.4444476], [144.5779518, -37.4449668], [144.5766981, -37.444811], [144.5756427, -37.4466193], [144.5745805, -37.4471275], [144.5714239, -37.4459068], [144.5712913, -37.4459731], [144.5680788, -37.4460507], [144.5674003, -37.4467087], [144.5651739, -37.4460761], [144.5647654, -37.4463566], [144.5629627, -37.4465547], [144.5623248, -37.4450592], [144.5628647, -37.4443259], [144.5601009, -37.442289], [144.559065, -37.4431927], [144.5589944, -37.4432609], [144.5555614, -37.4435573], [144.5539998, -37.4417446], [144.5536053, -37.4419594], [144.5485858, -37.4410683], [144.5482069, -37.4413372], [144.547879, -37.4421335], [144.5486421, -37.4439764], [144.549491, -37.4443419], [144.5497166, -37.4446042], [144.5526554, -37.4458974], [144.5521695, -37.4485468], [144.5527053, -37.4495194], [144.5496322, -37.4510055], [144.5506273, -37.4532576], [144.5552651, -37.4536173], [144.5579215, -37.4557439], [144.5583538, -37.4556265], [144.560655, -37.4541122], [144.5618343, -37.4536678], [144.5684953, -37.4549167], [144.5698299, -37.4565642], [144.5701015, -37.4566751], [144.5714866, -37.4580417], [144.5717584, -37.4583652], [144.5712075, -37.4604422], [144.5728418, -37.4635074], [144.5722027, -37.4641313], [144.5740025, -37.4667529], [144.5775495, -37.466077], [144.5775606, -37.4660932], [144.5782266, -37.4679455], [144.5762713, -37.4698175], [144.5746803, -37.4698651], [144.5735224, -37.4725148], [144.5719762, -37.4720614], [144.5720555, -37.4742425], [144.5741426, -37.4730207], [144.5776038, -37.4744163], [144.5776588, -37.4744722], [144.5763837, -37.4768485], [144.5741268, -37.4784517], [144.5732974, -37.4799555], [144.575581, -37.4831185], [144.57717, -37.4832377], [144.5806914, -37.4822272], [144.5811853, -37.4820389], [144.5816532, -37.4819062], [144.5820817, -37.4814589], [144.5831335, -37.4808184], [144.584735, -37.4805671], [144.5861917, -37.4784265], [144.5870467, -37.4782169], [144.5873448, -37.4782926], [144.5886641, -37.4793272], [144.5892049, -37.4794966], [144.5899205, -37.4793379], [144.5909131, -37.4795882], [144.5920843, -37.4789776], [144.5921469, -37.478876], [144.5920867, -37.4783424], [144.5931401, -37.4775537], [144.5945828, -37.4778003], [144.5946202, -37.4777977], [144.5949956, -37.4783864], [144.5963337, -37.4785361], [144.5969176, -37.4784327], [144.5976795, -37.4774196], [144.5987277, -37.4788713], [144.5989423, -37.478971], [144.5989749, -37.4789621], [144.6000428, -37.4774105], [144.6003932, -37.477407], [144.6004254, -37.4777307], [144.6003682, -37.4791325], [144.6005325, -37.479291], [144.6015149, -37.4791058], [144.6030039, -37.4795928], [144.6034358, -37.480482], [144.6034663, -37.480481], [144.6056769, -37.480238], [144.6060698, -37.4782136], [144.6059497, -37.4780067], [144.606388, -37.4767692], [144.6076202, -37.4765894], [144.6089276, -37.4767631], [144.6097796, -37.4775146], [144.6100364, -37.477503], [144.6101643, -37.4775142], [144.6111813, -37.4771625], [144.6133265, -37.4762331], [144.6133356, -37.4757646], [144.6135591, -37.4751741], [144.6171037, -37.4743188], [144.6185384, -37.4758876], [144.6159403, -37.478517], [144.6164673, -37.4798325], [144.6159828, -37.4808455], [144.615559, -37.4821391], [144.6162204, -37.4843869], [144.622233, -37.4859632], [144.6249102, -37.4849532], [144.6250652, -37.484705], [144.634572, -37.4853571], [144.6372054, -37.4828304], [144.6372195, -37.4827133], [144.6376299, -37.4822415], [144.6379814, -37.4801573], [144.6367985, -37.4792426], [144.6361953, -37.4769916], [144.6360178, -37.4765161], [144.6367919, -37.4716307], [144.6367273, -37.4714505], [144.6380509, -37.4689412], [144.6392865, -37.4687287], [144.6400489, -37.4683776], [144.6406227, -37.465175], [144.6390207, -37.4611449], [144.6406031, -37.4589997], [144.6409322, -37.4589717], [144.6448274, -37.4568631], [144.6439889, -37.4534416], [144.6459113, -37.4491536], [144.6455858, -37.448191], [144.6458003, -37.4458335], [144.6452083, -37.4435779], [144.642736, -37.4431849], [144.6361153, -37.440147], [144.6345731, -37.4384302], [144.6357946, -37.4351817], [144.6373219, -37.4336337], [144.6371355, -37.4328968], [144.6360522, -37.4318798], [144.633965, -37.4295477], [144.6314164, -37.4296236], [144.629007, -37.4283401], [144.6272093, -37.4287644], [144.6234273, -37.4271521], [144.6230571, -37.426411], [144.6228983, -37.425148], [144.6228185, -37.4250485], [144.625321, -37.421024], [144.6266554, -37.4207552], [144.6304407, -37.4218437], [144.6313812, -37.4231885], [144.6345419, -37.4211732], [144.6370896, -37.4205161], [144.6387923, -37.4209961], [144.6412362, -37.4183262], [144.6398752, -37.4149275], [144.6387947, -37.4142924], [144.6350408, -37.415896], [144.632814, -37.4158937], [144.6327094, -37.4160051], [144.6306592, -37.417819], [144.6294055, -37.4177367], [144.6270605, -37.4188162], [144.6245334, -37.417572], [144.6245657, -37.4174729], [144.6210837, -37.4153865], [144.6202906, -37.4158643], [144.6200245, -37.4161987], [144.6175098, -37.4159609], [144.6149242, -37.4173962], [144.6146962, -37.4175812], [144.6144131, -37.4177281], [144.6140623, -37.4193975], [144.6150397, -37.4198153], [144.6160836, -37.4215732], [144.6168236, -37.4225137], [144.616702, -37.4226303], [144.6161961, -37.4252691], [144.6151291, -37.4253306], [144.6144206, -37.4275964], [144.6141176, -37.4278504], [144.6116277, -37.4277406]]]}}, {"type": "Feature", "properties": {"level": "primary", "school": "Baden Powell P-9 College", "year_level": "P6", "boundary_year": 2026}, "geometry": {"type": "Polygon", "coordinates": [[[144.7102553, -37.8535884], [144.7082777, -37.8455763], [144.7075093, -37.8442898], [144.7088673, -37.8361445], [144.7093061, -37.8325452], [144.7051879, -37.8330567], [144.7038225, -37.8331009], [144.7019691, -37.8330445], [144.7002854, -37.8328957], [144.6950135, -37.8322123], [144.6917446, -37.8317823], [144.6828646, -37.8486053], [144.6845055, -37.8499304], [144.7101722, -37.8536622], [144.7102553, -37.8535884]]]}}, {"type": "Feature", "properties": {"level": "primary", "school": "Greenvale Primary School", "year_level": "P6", "boundary_year": 2026}, "geometry": {"type": "Polygon", "coordinates": [[[144.8268904, -37.6637888], [144.8557215, -37.6636458], [144.8946337, -37.6571177], [144.9039622, -37.6474852], [144.9041474, -37.6470679], [144.9049919, -37.6451693], [144.8976923, -37.6272716], [144.8118791, -37.6512279], [144.8152527, -37.6540515], [144.8268904, -37.6637888]]]}}, {"type": "Feature", "properties": {"level": "primary", "school": "Keelonith Primary School", "year_level": "P6", "boundary_year": 2026}, "geometry": {"type": "Polygon", "coordinates": [[[144.796023, -37.6383176], [144.7987921, -37.6422545], [144.801445, -37.6447342], [144.8118791, -37.6512279], [144.8976923, -37.6272716], [144.9007255, -37.6191646], [144.8770175, -37.6005116], [144.8485726, -37.5940539], [144.8186791, -37.594769], [144.7963698, -37.6370243], [144.796023, -37.6383176]]]}}, {"type": "Feature", "properties": {"level": "primary", "school": "Roxburgh Homestead Primary School", "year_level": "P6", "boundary_year": 2026}, "geometry": {"type": "Polygon", "coordinates": [[[144.9221225, -37.640706], [144.9255217, -37.6257587], [144.9018109, -37.6189222], [144.9007255, -37.6191646], [144.8976923, -37.6272716], [144.9049919, -37.6451693], [144.9143425, -37.6427335], [144.9221225, -37.640706]]]}}, {"type": "Feature", "properties": {"level": "primary", "school": "Roxburgh Rise Primary School", "year_level": "P6", "boundary_year": 2026}, "geometry": {"type": "Polygon", "coordinates": [[[144.9388306, -37.6220709], [144.9216153, -37.6040268], [144.9208022, -37.6040461], [144.9018109, -37.6189222], [144.9255217, -37.6257587], [144.9388306, -37.6220709]]]}}, {"type": "Feature", "properties": {"level": "primary", "school": "Aitken Hill Primary School", "year_level": "P6", "boundary_year": 2026}, "geometry": {"type": "Polygon", "coordinates": [[[144.9007255, -37.6191646], [144.9018109, -37.6189222], [144.9208022, -37.6040461], [144.9094582, -37.591731], [144.899902, -37.59173], [144.8770175, -37.6005116], [144.9007255, -37.6191646]]]}}, {"type": "Feature", "properties": {"level": "primary", "school": "Willmott Park Primary School", "year_level": "P6", "boundary_year": 2026}, "geometry": {"type": "Polygon", "coordinates": [[[144.9216153, -37.6040268], [144.9298191, -37.5999698], [144.9389336, -37.5954612], [144.9329743, -37.5909365], [144.9266975, -37.5861706], [144.9177547, -37.5858728], [144.9149945, -37.5857806], [144.9094582, -37.591731], [144.9208022, -37.6040461], [144.9216153, -37.6040268]]]}}, {"type": "Feature", "properties": {"level": "primary", "school": "Aitken Creek Primary School", "year_level": "P6", "boundary_year": 2026}, "geometry": {"type": "Polygon", "coordinates": [[[144.9094582, -37.591731], [144.9149945, -37.5857806], [144.9139742, -37.577872], [144.899346, -37.5744451], [144.9012529, -37.581395], [144.8997711, -37.5876676], [144.899902, -37.59173], [144.9094582, -37.591731]]]}}, {"type": "Feature", "properties": {"level": "primary", "school": "Mickleham Primary School", "year_level": "P6", "boundary_year": 2026}, "geometry": {"type": "Polygon", "coordinates": [[[144.8186791, -37.594769], [144.8485726, -37.5940539], [144.8926638, -37.5683106], [144.8930412, -37.5672584], [144.8959919, -37.5590226], [144.8015668, -37.5085351], [144.8016129, -37.511005], [144.8016954, -37.5154026], [144.8186791, -37.594769]]]}}, {"type": "Feature", "properties": {"level": "primary", "school": "Richmond Primary School", "year_level": "P6", "boundary_year": 2026}, "geometry": {"type": "Polygon", "coordinates": [[[145.007859, -37.8237275], [145.000644, -37.8211708], [144.9781202, -37.8241104], [144.9787126, -37.8248127], [144.9799057, -37.825982], [144.9816427, -37.8269707], [144.9848989, -37.8281181], [144.9858653, -37.8283509], [144.9905393, -37.8327454], [144.9916571, -37.8333367], [144.9931839, -37.833744], [144.9928122, -37.8355648], [144.9987433, -37.8398484], [145.0164698, -37.8320562], [145.0131614, -37.8305367], [145.007859, -37.8237275]]]}}, {"type": "Feature", "properties": {"level": "primary", "school": "Toorak Primary School", "year_level": "P6", "boundary_year": 2026}, "geometry": {"type": "Polygon", "coordinates": [[[144.9928122, -37.8355648], [144.9928088, -37.8355775], [144.9912981, -37.8429665], [144.9915947, -37.842989], [145.0063884, -37.8538127], [145.027178, -37.8393534], [145.0278215, -37.8376242], [145.022009, -37.8324673], [145.0193992, -37.8316379], [145.0164698, -37.8320562], [144.9987433, -37.8398484], [144.9928122, -37.8355648]]]}}, {"type": "Feature", "properties": {"level": "primary", "school": "Balwyn Primary School", "year_level": "P6", "boundary_year": 2026}, "geometry": {"type": "Polygon", "coordinates": [[[145.090423, -37.8089677], [145.0843434, -37.8045068], [145.0735501, -37.8062141], [145.0671207, -37.8207547], [145.0672949, -37.8212898], [145.0674931, -37.8218915], [145.0675602, -37.8219094], [145.0678545, -37.8221247], [145.0694377, -37.8232861], [145.0826685, -37.8224235], [145.090423, -37.8089677]]]}}, {"type": "Feature", "properties": {"level": "primary", "school": "Auburn South Primary School", "year_level": "P6", "boundary_year": 2026}, "geometry": {"type": "Polygon", "coordinates": [[[145.0278215, -37.8376242], [145.027178, -37.8393534], [145.0300436, -37.8432748], [145.0481013, -37.8510678], [145.0562081, -37.8412048], [145.0564385, -37.8411606], [145.0459996, -37.8290371], [145.0448033, -37.8292552], [145.0278215, -37.8376242]]]}}, {"type": "Feature", "properties": {"level": "primary", "school": "Camberwell South Primary School", "year_level": "P6", "boundary_year": 2026}, "geometry": {"type": "Polygon", "coordinates": [[[145.0481013, -37.8510678], [145.0505545, -37.8564395], [145.0734886, -37.8526794], [145.0736239, -37.8400016], [145.0717401, -37.8385665], [145.0714041, -37.8382864], [145.0665679, -37.8392145], [145.0665158, -37.8392254], [145.0626943, -37.8399591], [145.0626002, -37.8399772], [145.0603589, -37.8404079], [145.0593887, -37.8405941], [145.0588502, -37.8406971], [145.0582348, -37.8408155], [145.0574315, -37.8409691], [145.0564385, -37.8411606], [145.0562081, -37.8412048], [145.0481013, -37.8510678]]]}}, {"type": "Feature", "properties": {"level": "primary", "school": "Canterbury Primary School", "year_level": "P6", "boundary_year": 2026}, "geometry": {"type": "Polygon", "coordinates": [[[145.0736239, -37.8400016], [145.0869215, -37.8393556], [145.0945713, -37.8334907], [145.0907667, -37.8256613], [145.0826685, -37.8224235], [145.0694377, -37.8232861], [145.0698107, -37.8235596], [145.0702401, -37.8272157], [145.0706156, -37.8304275], [145.0709179, -37.8329971], [145.0709203, -37.8330205], [145.0714041, -37.8382864], [145.0717401, -37.8385665], [145.0736239, -37.8400016]]]}}, {"type": "Feature", "properties": {"level": "primary", "school": "Auburn Primary School", "year_level": "P6", "boundary_year": 2026}, "geometry": {"type": "Polygon", "coordinates": [[[145.0671207, -37.8207547], [145.0465775, -37.8089557], [145.0391746, -37.8137437], [145.0448033, -37.8292552], [145.0459996, -37.8290371], [145.0528134, -37.8267138], [145.0528475, -37.8267019], [145.0533507, -37.8265306], [145.0540661, -37.826287], [145.0548211, -37.8260299], [145.0559385, -37.8256482], [145.0565872, -37.8254273], [145.0572311, -37.825208], [145.0573605, -37.8251637], [145.0584732, -37.824784], [145.0585243, -37.8247666], [145.0671898, -37.8218115], [145.0674931, -37.8218915], [145.0672949, -37.8212898], [145.0671207, -37.8207547]]]}}, {"type": "Feature", "properties": {"level": "primary", "school": "Camberwell Primary School", "year_level": "P6", "boundary_year": 2026}, "geometry": {"type": "Polygon", "coordinates": [[[145.0459996, -37.8290371], [145.0564385, -37.8411606], [145.0574315, -37.8409691], [145.0582348, -37.8408155], [145.0588502, -37.8406971], [145.0593887, -37.8405941], [145.0603589, -37.8404079], [145.0626002, -37.8399772], [145.0626943, -37.8399591], [145.0665158, -37.8392254], [145.0665679, -37.8392145], [145.0714041, -37.8382864], [145.0709203, -37.8330205], [145.0709179, -37.8329971], [145.0706156, -37.8304275], [145.0702401, -37.8272157], [145.0698107, -37.8235596], [145.0694377, -37.8232861], [145.0678545, -37.8221247], [145.0675602, -37.8219094], [145.0674931, -37.8218915], [145.0671898, -37.8218115], [145.0585243, -37.8247666], [145.0584732, -37.824784], [145.0573605, -37.8251637], [145.0572311, -37.825208], [145.0565872, -37.8254273], [145.0559385, -37.8256482], [145.0548211, -37.8260299], [145.0540661, -37.826287], [145.0533507, -37.8265306], [145.0528475, -37.8267019], [145.0528134, -37.8267138], [145.0459996, -37.8290371]]]}}, {"type": "Feature", "properties": {"level": "primary", "school": "Riverbend Primary School", "year_level": "P6", "boundary_year": 2026}, "geometry": {"type": "Polygon", "coordinates": [[[144.6193131, -37.8870965], [144.6344408, -37.8854578], [144.6421663, -37.8802553], [144.6431552, -37.8687281], [144.6178232, -37.8551469], [144.6118096, -37.8831893], [144.6193131, -37.8870965]]]}}, {"type": "Feature", "properties": {"level": "primary", "school": "Garrang Wilam Primary School", "year_level": "P6", "boundary_year": 2026}, "geometry": {"type": "Polygon", "coordinates": [[[144.7652196, -37.8218393], [144.7457172, -37.809989], [144.7200256, -37.8225771], [144.7161496, -37.822272], [144.7159437, -37.8237284], [144.715495, -37.8247961], [144.7141619, -37.8283288], [144.7140555, -37.8299576], [144.7144966, -37.830929], [144.7121192, -37.831813], [144.7093061, -37.8325452], [144.7088673, -37.8361445], [144.7279103, -37.8377442], [144.7285967, -37.8362232], [144.7652196, -37.8218393]]]}}, {"type": "Feature", "properties": {"level": "primary", "school": "Orchard Park Primary School", "year_level": "P6", "boundary_year": 2026}, "geometry": {"type": "Polygon", "coordinates": [[[145.3838644, -38.0553298], [145.3894304, -38.0563789], [145.4024984, -38.0587914], [145.4152173, -38.0269663], [145.3955473, -38.0232054], [145.3826986, -38.0552856], [145.3838644, -38.0553298]]]}}, {"type": "Feature", "properties": {"level": "primary", "school": "Ramlegh Park Primary School", "year_level": "P6", "boundary_year": 2026}, "geometry": {"type": "Polygon", "coordinates": [[[145.3308426, -38.1084263], [145.3274171, -38.115052], [145.3455202, -38.1244329], [145.3498425, -38.1088302], [145.3308426, -38.1084263]]]}}, {"type": "Feature", "properties": {"level": "primary", "school": "Gaayip-Yagila Primary School", "year_level": "P6", "boundary_year": 2026}, "geometry": {"type": "Polygon", "coordinates": [[[144.8938688, -37.5307025], [144.8929662, -37.5325878], [144.8926405, -37.5342001], [144.9117399, -37.5365351], [144.9326665, -37.5388709], [144.9336091, -37.5309955], [144.9209384, -37.4829934], [144.8977434, -37.4650953], [144.8527414, -37.4685643], [144.8376687, -37.4697226], [144.8246074, -37.4840354], [144.8938688, -37.5307025]]]}}, {"type": "Feature", "properties": {"level": "primary", "school": "Harvest Home Primary School", "year_level": "P6", "boundary_year": 2026}, "geometry": {"type": "Polygon", "coordinates": [[[144.9686469, -37.6167013], [144.9660507, -37.6248904], [144.9659938, -37.6250679], [144.9685651, -37.6345442], [144.9706695, -37.642301], [144.971022, -37.6424552], [144.9994367, -37.6428526], [145.0073832, -37.6377044], [145.00779, -37.6368258], [145.0148064, -37.6216485], [145.0161186, -37.6188077], [145.0143057, -37.6161532], [144.9739181, -37.6154967], [144.9686469, -37.6167013]]]}}, {"type": "Feature", "properties": {"level": "primary", "school": "Epping Views Primary School", "year_level": "P6", "boundary_year": 2026}, "geometry": {"type": "Polygon", "coordinates": [[[145.0073832, -37.6377044], [145.0383755, -37.6358181], [145.0420426, -37.6311064], [145.0290398, -37.6217099], [145.0292758, -37.620316], [145.0161186, -37.6188077], [145.0148064, -37.6216485], [145.00779, -37.6368258], [145.0073832, -37.6377044]]]}}, {"type": "Feature", "properties": {"level": "primary", "school": "Bentleigh West Primary School", "year_level": "P6", "boundary_year": 2026}, "geometry": {"type": "Polygon", "coordinates": [[[145.0259895, -37.9243783], [145.0328053, -37.9314417], [145.0343645, -37.9330567], [145.0389744, -37.9335297], [145.0408624, -37.9230927], [145.041338, -37.920568], [145.0416629, -37.9188373], [145.0418488, -37.9175011], [145.0422467, -37.9151863], [145.0382342, -37.9147011], [145.0382226, -37.9145615], [145.0330013, -37.9139306], [145.0328798, -37.9146413], [145.0328618, -37.914754], [145.032117, -37.9145921], [145.0314798, -37.9142319], [145.0313877, -37.9141662], [145.0310362, -37.9139139], [145.0302844, -37.9135133], [145.0298203, -37.913115], [145.0294254, -37.9128359], [145.0287156, -37.9122711], [145.0276671, -37.9118741], [145.0264808, -37.9116797], [145.0260576, -37.9111952], [145.0254445, -37.9110015], [145.0242448, -37.9105882], [145.0233816, -37.9103686], [145.0220282, -37.9100237], [145.0217518, -37.9099827], [145.0214226, -37.9121832], [145.0208682, -37.9121192], [145.0207769, -37.912689], [145.0206883, -37.9132553], [145.0197648, -37.9131587], [145.0171316, -37.9128803], [145.0167925, -37.914534], [145.0167523, -37.9147295], [145.0245641, -37.9229009], [145.0259895, -37.9243783]]]}}, {"type": "Feature", "properties": {"level": "primary", "school": "Valkstone Primary School", "year_level": "P6", "boundary_year": 2026}, "geometry": {"type": "Polygon", "coordinates": [[[145.0422467, -37.9151863], [145.0418488, -37.9175011], [145.0416629, -37.9188373], [145.056927, -37.9208644], [145.0569898, -37.920869], [145.0616988, -37.9214675], [145.0618109, -37.9208152], [145.0628744, -37.9155024], [145.0631858, -37.9140951], [145.0632391, -37.9138364], [145.0606108, -37.9135018], [145.0608132, -37.9123132], [145.0549208, -37.9115512], [145.0549571, -37.9113737], [145.0525074, -37.9110765], [145.052131, -37.9128165], [145.0428779, -37.9116607], [145.0422467, -37.9151863]]]}}, {"type": "Feature", "properties": {"level": "primary", "school": "Ormond Primary School", "year_level": "P6", "boundary_year": 2026}, "geometry": {"type": "Polygon", "coordinates": [[[145.0382226, -37.9145615], [145.0385286, -37.9125973], [145.0386766, -37.9123856], [145.0388963, -37.9111385], [145.0401942, -37.9112724], [145.0407096, -37.9079467], [145.0413544, -37.9080266], [145.0420686, -37.9041936], [145.0397113, -37.9039025], [145.0249264, -37.9020747], [145.0234551, -37.9018931], [145.0220282, -37.9100237], [145.0233816, -37.9103686], [145.0242448, -37.9105882], [145.0254445, -37.9110015], [145.0260576, -37.9111952], [145.0264808, -37.9116797], [145.0276671, -37.9118741], [145.0287156, -37.9122711], [145.0294254, -37.9128359], [145.0298203, -37.913115], [145.0302844, -37.9135133], [145.0310362, -37.9139139], [145.0313877, -37.9141662], [145.0314798, -37.9142319], [145.032117, -37.9145921], [145.0328618, -37.914754], [145.0328798, -37.9146413], [145.0330013, -37.9139306], [145.0382226, -37.9145615]]]}}, {"type": "Feature", "properties": {"level": "primary", "school": "Moorabbin Primary School", "year_level": "P6", "boundary_year": 2026}, "geometry": {"type": "Polygon", "coordinates": [[[145.0492788, -37.9545447], [145.0481292, -37.9396686], [145.0381776, -37.9334628], [145.0389744, -37.9335297], [145.0343645, -37.9330567], [145.0328053, -37.9314417], [145.0259895, -37.9243783], [145.0260343, -37.9258846], [145.0219881, -37.9365047], [145.0230803, -37.9402022], [145.024341, -37.9444634], [145.0415773, -37.9572764], [145.0483109, -37.9548874], [145.048544, -37.9548053], [145.0492788, -37.9545447]]]}}, {"type": "Feature", "properties": {"level": "primary", "school": "Tucker Road Bentleigh Primary School", "year_level": "P6", "boundary_year": 2026}, "geometry": {"type": "Polygon", "coordinates": [[[145.0481292, -37.9396686], [145.0592627, -37.9332344], [145.0604824, -37.9252721], [145.056927, -37.9208644], [145.0416629, -37.9188373], [145.041338, -37.920568], [145.0408624, -37.9230927], [145.0389744, -37.9335297], [145.0381776, -37.9334628], [145.0481292, -37.9396686]]]}}, {"type": "Feature", "properties": {"level": "primary", "school": "Brighton Primary School", "year_level": "P6", "boundary_year": 2026}, "geometry": {"type": "Polygon", "coordinates": [[[144.9834726, -37.9036079], [144.9822391, -37.9066919], [144.9841017, -37.9079821], [144.9847953, -37.912808], [145.0138779, -37.9219753], [145.0193541, -37.9215853], [145.0245641, -37.9229009], [145.0167523, -37.9147295], [145.0134866, -37.9147605], [145.0020716, -37.9014837], [144.9834726, -37.9036079]]]}}, {"type": "Feature", "properties": {"level": "primary", "school": "Gardenvale Primary School", "year_level": "P6", "boundary_year": 2026}, "geometry": {"type": "Polygon", "coordinates": [[[145.0167523, -37.9147295], [145.0167925, -37.914534], [145.0171316, -37.9128803], [145.0197648, -37.9131587], [145.0206883, -37.9132553], [145.0207769, -37.912689], [145.0208682, -37.9121192], [145.0214226, -37.9121832], [145.0217518, -37.9099827], [145.0220282, -37.9100237], [145.0234551, -37.9018931], [145.0249264, -37.9020747], [145.0199188, -37.896816], [145.0098836, -37.8949223], [145.0020716, -37.9014837], [145.0134866, -37.9147605], [145.0167523, -37.9147295]]]}}, {"type": "Feature", "properties": {"level": "primary", "school": "Powlett River Primary School", "year_level": "P6", "boundary_year": 2026}, "geometry": {"type": "Polygon", "coordinates": [[[145.552916, -38.5796118], [145.5533106, -38.5792606], [145.5620808, -38.5801363], [145.5667901, -38.5782383], [145.567547, -38.5775961], [145.5681043, -38.5773746], [145.5707919, -38.5780618], [145.5727453, -38.5796378], [145.5779841, -38.5781493], [145.5794513, -38.5782558], [145.5812821, -38.5760017], [145.5814113, -38.575921], [145.5811044, -38.5739518], [145.5848529, -38.5692775], [145.5855305, -38.5690967], [145.5867206, -38.5675167], [145.5881347, -38.5671981], [145.5943987, -38.5678052], [145.5945581, -38.5676334], [145.5960326, -38.5641208], [145.5960938, -38.5585472], [145.5975583, -38.558359], [145.5978885, -38.5582122], [145.5998965, -38.556854], [145.6022172, -38.5551908], [145.6027816, -38.5541701], [145.6017895, -38.5507894], [145.6019832, -38.5503139], [145.6026782, -38.5467636], [145.6019104, -38.5457218], [145.6005998, -38.5453194], [145.6023412, -38.5395328], [145.6049425, -38.5392875], [145.6058186, -38.538286], [145.6065126, -38.5347834], [145.6080841, -38.5342892], [145.6123065, -38.5309769], [145.6135459, -38.5291234], [145.6131968, -38.5285019], [145.6128439, -38.5281353], [145.6142979, -38.5199272], [145.6144028, -38.5197076], [145.6152592, -38.5194143], [145.6203448, -38.5192731], [145.6210456, -38.5187488], [145.6225202, -38.5183603], [145.6314502, -38.5197588], [145.6313141, -38.5188687], [145.6290387, -38.5161884], [145.6292543, -38.5140122], [145.6318543, -38.5126241], [145.6303535, -38.5111152], [145.6241607, -38.5106906], [145.6228728, -38.5097785], [145.6259115, -38.5057943], [145.6261669, -38.5046735], [145.6255894, -38.5018204], [145.62562, -38.501078], [145.6263159, -38.4997144], [145.6261626, -38.4986622], [145.6284689, -38.4933893], [145.6284814, -38.4932495], [145.6250611, -38.4897474], [145.6249666, -38.4894182], [145.6251188, -38.4859496], [145.6268717, -38.4842698], [145.6274525, -38.4826085], [145.6275817, -38.4824332], [145.6285023, -38.4793651], [145.6284588, -38.4784006], [145.6250758, -38.4775129], [145.6242305, -38.4764383], [145.6227148, -38.4755147], [145.6209068, -38.4758158], [145.6191278, -38.4720986], [145.6165434, -38.4702168], [145.6129061, -38.4703766], [145.6114535, -38.4691483], [145.6016693, -38.4727028], [145.5996429, -38.4720373], [145.5980531, -38.4722513], [145.5908025, -38.4745335], [145.5903124, -38.47428], [145.589237, -38.4741619], [145.5828729, -38.474571], [145.5802339, -38.4743781], [145.5766526, -38.4693802], [145.5751598, -38.4696882], [145.5688036, -38.4723987], [145.5689534, -38.4761459], [145.568373, -38.4763413], [145.567896, -38.4792979], [145.5672049, -38.479465], [145.5646732, -38.4816512], [145.5652725, -38.4830427], [145.5661793, -38.4832051], [145.5666986, -38.483236], [145.5680996, -38.4841139], [145.5711975, -38.488502], [145.5712739, -38.4902742], [145.5710207, -38.4905682], [145.5707488, -38.4907072], [145.5673056, -38.4892589], [145.5659754, -38.4888425], [145.565276, -38.4887836], [145.5629305, -38.4895927], [145.5628217, -38.4896068], [145.5598938, -38.4896409], [145.5585511, -38.4853842], [145.5569753, -38.4847511], [145.5563583, -38.4840638], [145.5529598, -38.4827329], [145.5529149, -38.4827015], [145.5524215, -38.4825894], [145.5504212, -38.4827939], [145.5407964, -38.4814621], [145.5389027, -38.48171], [145.5376398, -38.4829686], [145.5371493, -38.4842199], [145.5367665, -38.4870751], [145.5364023, -38.4874334], [145.5356928, -38.4877383], [145.5327219, -38.4908921], [145.5309625, -38.4932452], [145.5283246, -38.4941044], [145.5266882, -38.4949591], [145.5241124, -38.4943856], [145.5230561, -38.4937949], [145.5188078, -38.4941201], [145.5177678, -38.4947228], [145.5164849, -38.4946599], [145.5146319, -38.4940517], [145.5129411, -38.4941551], [145.5127716, -38.4941541], [145.5124367, -38.4941096], [145.5123139, -38.4940948], [145.5115202, -38.4940214], [145.5104913, -38.4936972], [145.5092683, -38.4936842], [145.5085665, -38.4954995], [145.5083804, -38.4966035], [145.5085685, -38.4971036], [145.5097439, -38.501421], [145.5097726, -38.5014533], [145.5111323, -38.5041858], [145.5115, -38.5051479], [145.5106708, -38.5058963], [145.5094625, -38.5064067], [145.5070828, -38.5050305], [145.501484, -38.5033991], [145.499746, -38.5021436], [145.496216, -38.5014674], [145.4968493, -38.5036281], [145.496205, -38.5067652], [145.4923361, -38.5089652], [145.4922053, -38.5090972], [145.4910811, -38.5095205], [145.4897838, -38.5095482], [145.4872355, -38.5097441], [145.4827595, -38.5110347], [145.482612, -38.5111056], [145.4819069, -38.5112427], [145.479749, -38.5109853], [145.477585, -38.5122909], [145.4767641, -38.5131643], [145.4728125, -38.5156936], [145.4696923, -38.5164307], [145.4694376, -38.5163993], [145.4661795, -38.5156698], [145.4603899, -38.5174951], [145.4607613, -38.5195526], [145.4635798, -38.5222069], [145.4645889, -38.5233722], [145.4670277, -38.525765], [145.4653436, -38.5302271], [145.4632839, -38.5312446], [145.4628351, -38.5313814], [145.4625612, -38.5321362], [145.4567295, -38.537204], [145.4540516, -38.5384965], [145.4530689, -38.5405772], [145.4489187, -38.5446213], [145.4468011, -38.5456605], [145.4486208, -38.5496132], [145.4655245, -38.5520009], [145.4725338, -38.5518749], [145.4795179, -38.5564668], [145.4832955, -38.5559969], [145.5110432, -38.5839078], [145.5167637, -38.5899378], [145.5190212, -38.5876837], [145.5193034, -38.5870205], [145.5214395, -38.5860981], [145.5231994, -38.5862059], [145.5237181, -38.5863973], [145.5249732, -38.5855605], [145.525512, -38.5848322], [145.5244218, -38.5840003], [145.5235544, -38.5825421], [145.5235481, -38.5824297], [145.5325944, -38.5771197], [145.5341955, -38.578161], [145.5364093, -38.5790529], [145.5371097, -38.5794207], [145.5381129, -38.5793479], [145.5513125, -38.5798236], [145.552916, -38.5796118]]]}}, {"type": "Feature", "properties": {"level": "primary", "school": "San Remo Primary School", "year_level": "P6", "boundary_year": 2026}, "geometry": {"type": "Polygon", "coordinates": [[[145.4603899, -38.5174951], [145.4594764, -38.5167582], [145.4594557, -38.5165943], [145.4623876, -38.5089058], [145.4630186, -38.5083989], [145.4632638, -38.5069064], [145.4629204, -38.5068051], [145.4581863, -38.5032258], [145.4563363, -38.5023149], [145.455906, -38.5018517], [145.4545028, -38.5016355], [145.4541549, -38.5013], [145.4552999, -38.4956582], [145.4506645, -38.4936661], [145.4495059, -38.4925211], [145.449315, -38.492394], [145.4466776, -38.4888883], [145.4419867, -38.4886153], [145.4400404, -38.4891306], [145.4335372, -38.4897988], [145.4311883, -38.490078], [145.4288578, -38.4965206], [145.4178716, -38.5119436], [145.3881514, -38.5184897], [145.3725437, -38.5194298], [145.3628742, -38.5203765], [145.3629912, -38.5238618], [145.3690332, -38.5269574], [145.3711604, -38.5364694], [145.376609, -38.5383397], [145.3844398, -38.5362445], [145.4097398, -38.5383779], [145.4222925, -38.5386871], [145.4468011, -38.5456605], [145.4489187, -38.5446213], [145.4530689, -38.5405772], [145.4540516, -38.5384965], [145.4567295, -38.537204], [145.4625612, -38.5321362], [145.4628351, -38.5313814], [145.4632839, -38.5312446], [145.4653436, -38.5302271], [145.4670277, -38.525765], [145.4645889, -38.5233722], [145.4635798, -38.5222069], [145.4607613, -38.5195526], [145.4603899, -38.5174951]]]}}, {"type": "Feature", "properties": {"level": "primary", "school": "Buxton Primary School", "year_level": "P6", "boundary_year": 2026}, "geometry": {"type": "Polygon", "coordinates": [[[145.5340162, -37.3747002], [145.5339546, -37.3763344], [145.5360769, -37.3786832], [145.5351063, -37.3824427], [145.5347141, -37.3828842], [145.5340272, -37.3852166], [145.5340543, -37.3852238], [145.5375405, -37.3852206], [145.5444552, -37.3828158], [145.546373, -37.3806946], [145.5516727, -37.3797331], [145.5518205, -37.3797414], [145.5520337, -37.3797161], [145.5527613, -37.380075], [145.5550828, -37.3820405], [145.5553961, -37.382275], [145.5604208, -37.384765], [145.5618515, -37.3876482], [145.5620122, -37.3878402], [145.5587673, -37.3916601], [145.5526691, -37.3928231], [145.5523167, -37.3932943], [145.552563, -37.394397], [145.5551897, -37.3957492], [145.5560844, -37.3972896], [145.5552488, -37.3996563], [145.5559882, -37.4011424], [145.5549145, -37.4028867], [145.554821, -37.4030665], [145.5553494, -37.4048878], [145.5543445, -37.4082215], [145.5538941, -37.4085867], [145.5530884, -37.4110461], [145.554126, -37.4145061], [145.5541602, -37.414543], [145.5545717, -37.4159956], [145.5519942, -37.4201032], [145.5519365, -37.4211695], [145.5502717, -37.4239103], [145.5502583, -37.4241131], [145.5493553, -37.4256142], [145.5491935, -37.4278128], [145.55054, -37.430383], [145.5518879, -37.4316059], [145.5512531, -37.4346079], [145.5528824, -37.4390726], [145.5537515, -37.4401644], [145.5547989, -37.4397999], [145.5592073, -37.4395938], [145.5598375, -37.4398522], [145.5628899, -37.4424078], [145.5696194, -37.4421723], [145.5705863, -37.4458614], [145.5703611, -37.4471682], [145.5741413, -37.4483037], [145.5815367, -37.4474289], [145.5825208, -37.4488443], [145.5828086, -37.4502514], [145.5822836, -37.452713], [145.5817149, -37.4541675], [145.579652, -37.4538425], [145.5757544, -37.4545795], [145.5737283, -37.4564735], [145.574301, -37.4583434], [145.5745279, -37.4586153], [145.5728947, -37.4604596], [145.572784, -37.4616641], [145.5715505, -37.4621043], [145.5706265, -37.464295], [145.5700682, -37.4644707], [145.5698833, -37.466043], [145.5701929, -37.468872], [145.5702927, -37.4689302], [145.570948, -37.4721801], [145.5701358, -37.4731429], [145.5698254, -37.4732289], [145.5677497, -37.4765586], [145.5715368, -37.4847337], [145.5712477, -37.4855334], [145.5712548, -37.4855739], [145.5727219, -37.4866826], [145.5738042, -37.4880417], [145.5764399, -37.4890221], [145.5786183, -37.4905741], [145.5785521, -37.4988043], [145.5793242, -37.4996197], [145.5824461, -37.4969976], [145.5885969, -37.4980893], [145.5916587, -37.4972011], [145.5940432, -37.4984039], [145.5942939, -37.4992147], [145.5951336, -37.5002945], [145.5958439, -37.5030304], [145.5987854, -37.5056749], [145.5993152, -37.5081738], [145.599838, -37.5086244], [145.6004707, -37.5110967], [145.6018145, -37.5119396], [145.6118907, -37.5108845], [145.6122322, -37.5116992], [145.6122528, -37.5117244], [145.6220413, -37.5113296], [145.624823, -37.5144979], [145.625396, -37.5145544], [145.6290497, -37.5137232], [145.62905, -37.5137232], [145.6307359, -37.514721], [145.6325518, -37.5150394], [145.6327771, -37.515195], [145.6393426, -37.5159305], [145.6399579, -37.5155244], [145.6424967, -37.5161974], [145.6429283, -37.5183445], [145.6429726, -37.5185638], [145.6433348, -37.5187686], [145.6445369, -37.5194477], [145.6445699, -37.5194925], [145.6444094, -37.520299], [145.6446592, -37.5216123], [145.6481393, -37.5221468], [145.6479037, -37.5240855], [145.6479354, -37.5243387], [145.6481196, -37.5244439], [145.6482757, -37.5244812], [145.6484594, -37.5245249], [145.6516785, -37.5250805], [145.6516785, -37.5250807], [145.6516789, -37.5250807], [145.6515591, -37.5255226], [145.6518165, -37.5270397], [145.6547301, -37.5284781], [145.6554455, -37.527866], [145.6554267, -37.5273876], [145.6567337, -37.5258351], [145.6575517, -37.5250537], [145.6581145, -37.5247802], [145.6596362, -37.5240403], [145.6593808, -37.5233678], [145.6592954, -37.5231436], [145.6604284, -37.5197925], [145.6608176, -37.519438], [145.6615843, -37.5183416], [145.6606279, -37.5130832], [145.6608973, -37.5127249], [145.6630516, -37.5123796], [145.6670086, -37.5129118], [145.6701885, -37.5126337], [145.6708553, -37.5115513], [145.6716238, -37.5080046], [145.6729688, -37.5073735], [145.6729947, -37.5073471], [145.6739159, -37.5048548], [145.6772406, -37.5046514], [145.6777152, -37.5064978], [145.680124, -37.5071897], [145.6806397, -37.506911], [145.6816742, -37.5044748], [145.6807687, -37.5031346], [145.6807687, -37.5031345], [145.6807995, -37.5030567], [145.6818762, -37.5016531], [145.6818007, -37.5014444], [145.6817714, -37.4986836], [145.6874737, -37.4965278], [145.687474, -37.4965278], [145.6882672, -37.4967026], [145.6885688, -37.4966657], [145.6912687, -37.4972978], [145.6922007, -37.4980424], [145.6943919, -37.4986958], [145.6960179, -37.4991807], [145.6960179, -37.4991808], [145.7012802, -37.4922733], [145.6993748, -37.4904751], [145.696611, -37.4892415], [145.6955223, -37.4880645], [145.694143, -37.4872283], [145.6941328, -37.4862189], [145.7007746, -37.4804002], [145.7007749, -37.4804004], [145.7007749, -37.4804002], [145.7035903, -37.4820978], [145.7090949, -37.4785869], [145.7101103, -37.4789323], [145.7122705, -37.4804485], [145.7123358, -37.4805346], [145.7150121, -37.4817073], [145.7151835, -37.481962], [145.7156717, -37.4826874], [145.7174466, -37.4834379], [145.7196374, -37.484364], [145.7203821, -37.4841965], [145.7251235, -37.4854835], [145.7256003, -37.4860284], [145.7271954, -37.4863404], [145.7318713, -37.4833786], [145.7326858, -37.4837575], [145.7346713, -37.485639], [145.7362833, -37.4871662], [145.7367283, -37.4873653], [145.7378646, -37.4874429], [145.74004, -37.4853298], [145.7412657, -37.4844986], [145.7412887, -37.4840767], [145.7387304, -37.4804484], [145.7365689, -37.4801418], [145.7349297, -37.4786659], [145.7351308, -37.4776094], [145.7334899, -37.4748964], [145.7334899, -37.4748962], [145.7336038, -37.4743981], [145.7337889, -37.4741438], [145.7339404, -37.4740256], [145.7346269, -37.4724093], [145.7370226, -37.4705148], [145.7367343, -37.4692215], [145.7403705, -37.4656631], [145.7412551, -37.466155], [145.7414254, -37.4661597], [145.7440594, -37.4662339], [145.7472917, -37.463932], [145.7473912, -37.4622201], [145.7476288, -37.4620015], [145.7506006, -37.4610564], [145.7509623, -37.4605965], [145.7534369, -37.4595922], [145.7536233, -37.4591071], [145.7540217, -37.4587234], [145.7580482, -37.4575563], [145.7608643, -37.4598282], [145.762723, -37.464469], [145.7624186, -37.4645565], [145.7602879, -37.4656964], [145.7548615, -37.4721994], [145.7555085, -37.472727], [145.7573761, -37.4742497], [145.7585821, -37.4760963], [145.7593696, -37.4773019], [145.7595025, -37.4781361], [145.7595129, -37.4782021], [145.759513, -37.4782022], [145.7580052, -37.4801789], [145.7569639, -37.4808722], [145.756857, -37.4824021], [145.7567302, -37.4833922], [145.758067, -37.4846367], [145.7588177, -37.4853354], [145.7628613, -37.4873337], [145.7630771, -37.4872999], [145.7651921, -37.486095], [145.7683087, -37.4852118], [145.7683097, -37.4852119], [145.7683101, -37.4852118], [145.7692711, -37.4853394], [145.7699471, -37.4854291], [145.7706058, -37.485251], [145.7748437, -37.4857391], [145.7763667, -37.4870421], [145.7796036, -37.4883356], [145.7895431, -37.4923058], [145.7908617, -37.4934938], [145.7909392, -37.4934735], [145.7950517, -37.4917548], [145.7999021, -37.4889532], [145.8022836, -37.4880693], [145.804389, -37.488157], [145.8109951, -37.4905311], [145.8137447, -37.4920236], [145.8176627, -37.4923961], [145.8197186, -37.4922548], [145.8201933, -37.492136], [145.820351, -37.4920963], [145.8207896, -37.4919627], [145.8246575, -37.4914433], [145.8252118, -37.4903048], [145.8257318, -37.4875889], [145.825384, -37.4828738], [145.8230252, -37.4802768], [145.8199542, -37.4794363], [145.8189091, -37.4784649], [145.8181666, -37.4781886], [145.8166615, -37.4769302], [145.8159599, -37.4766675], [145.8155348, -37.4762872], [145.8148067, -37.4756363], [145.8157087, -37.4727663], [145.8176585, -37.4712345], [145.821058, -37.4712201], [145.8224872, -37.4674489], [145.8200425, -37.4662608], [145.8248302, -37.4580257], [145.8244143, -37.4577293], [145.8230454, -37.455968], [145.8305306, -37.4505515], [145.8283615, -37.4474495], [145.8280574, -37.4473318], [145.8251737, -37.4435496], [145.8247852, -37.4433379], [145.8243162, -37.4430835], [145.8201593, -37.4374348], [145.8198181, -37.4371406], [145.8192272, -37.4368266], [145.8182647, -37.4360204], [145.8179613, -37.4358576], [145.8168574, -37.4349476], [145.8167553, -37.4348169], [145.8164657, -37.4341484], [145.8153166, -37.4301534], [145.8148983, -37.4293983], [145.8148687, -37.4292948], [145.8140466, -37.4278747], [145.8131031, -37.4243901], [145.8148237, -37.4235295], [145.8268009, -37.4135442], [145.8249809, -37.4102404], [145.824452, -37.4096909], [145.823634, -37.4091747], [145.8234275, -37.4088813], [145.8229392, -37.4076097], [145.8217227, -37.4059346], [145.8206004, -37.4021198], [145.8206004, -37.4021196], [145.8293464, -37.3985662], [145.8308696, -37.3992471], [145.8320312, -37.399766], [145.8326281, -37.4012586], [145.8351133, -37.4022054], [145.8363919, -37.4045377], [145.8373857, -37.4049268], [145.8381335, -37.4052195], [145.8402477, -37.4078378], [145.8403485, -37.4085814], [145.8403485, -37.4085816], [145.8401384, -37.4092012], [145.8407119, -37.411504], [145.8410447, -37.4130869], [145.8463069, -37.4187369], [145.8467332, -37.4189167], [145.8470789, -37.4190623], [145.8475823, -37.4218604], [145.8473671, -37.4234453], [145.8477868, -37.4256006], [145.8489824, -37.4278468], [145.8489056, -37.4302491], [145.8503069, -37.4342933], [145.8564708, -37.4415416], [145.8564858, -37.4415494], [145.8592471, -37.4429805], [145.8650142, -37.4450297], [145.8656322, -37.4451039], [145.8692483, -37.4455377], [145.8716132, -37.4465538], [145.87211, -37.4467675], [145.8721103, -37.4467676], [145.8761274, -37.4468509], [145.8788407, -37.4426243], [145.8816646, -37.4366315], [145.8838299, -37.427994], [145.8833325, -37.4250752], [145.8818461, -37.4216076], [145.881355, -37.4212644], [145.8793828, -37.4203543], [145.8773966, -37.4198679], [145.8751623, -37.4189327], [145.8695485, -37.4177877], [145.8677583, -37.4154828], [145.8680296, -37.4132199], [145.8674232, -37.41155], [145.8698855, -37.3971998], [145.8708083, -37.3964118], [145.8703624, -37.3946721], [145.8701811, -37.3919491], [145.862571, -37.3913709], [145.8551248, -37.3890878], [145.8496661, -37.3897919], [145.8494178, -37.3883752], [145.8423571, -37.3822044], [145.8401055, -37.382241], [145.8382607, -37.3818683], [145.8367987, -37.3800753], [145.8367748, -37.3800566], [145.8348172, -37.3744334], [145.8348581, -37.3711916], [145.8360168, -37.3663739], [145.8359043, -37.365997], [145.8356993, -37.3656218], [145.8345826, -37.3649202], [145.8323766, -37.3630667], [145.8319048, -37.3567951], [145.8308498, -37.3543783], [145.8286263, -37.3539946], [145.8182762, -37.3560594], [145.8129563, -37.3550505], [145.8127794, -37.3530781], [145.813638, -37.3500784], [145.8131799, -37.3451565], [145.8131316, -37.345166], [145.8005121, -37.3455991], [145.7986566, -37.3431694], [145.7985731, -37.3431456], [145.7976694, -37.3420253], [145.7978561, -37.3398161], [145.7981174, -37.3389979], [145.8008233, -37.3374333], [145.7999899, -37.3356834], [145.8015604, -37.3333884], [145.7995605, -37.3307884], [145.7996027, -37.3306169], [145.8021189, -37.3288814], [145.8021394, -37.3273924], [145.8041852, -37.3259755], [145.8044888, -37.3208818], [145.8021869, -37.3183224], [145.8007213, -37.3184325], [145.8005163, -37.3183491], [145.7959019, -37.3171301], [145.7938767, -37.3146455], [145.7940541, -37.3114387], [145.79351, -37.3102195], [145.7921689, -37.3076509], [145.7896799, -37.3076523], [145.7857027, -37.3093575], [145.7849551, -37.3095019], [145.7828911, -37.3055161], [145.7855333, -37.3027924], [145.7842551, -37.3020079], [145.7799333, -37.3031366], [145.7768495, -37.3014183], [145.7728463, -37.303664], [145.7712506, -37.3039644], [145.7691557, -37.3029732], [145.772407, -37.2942952], [145.7722378, -37.2923037], [145.7740631, -37.290102], [145.7745029, -37.2891007], [145.7678992, -37.282873], [145.7673222, -37.2813564], [145.7597881, -37.2762488], [145.7573531, -37.2789257], [145.7539487, -37.2863551], [145.7545463, -37.2878229], [145.7545409, -37.290012], [145.7538658, -37.2913023], [145.750427, -37.2912303], [145.7448872, -37.2869384], [145.7432044, -37.2864783], [145.7386609, -37.2900376], [145.7323831, -37.2887922], [145.7311627, -37.2883139], [145.7288309, -37.2882704], [145.7286851, -37.2882353], [145.7162912, -37.2917972], [145.7209929, -37.3025191], [145.718546, -37.3046607], [145.7176694, -37.3051624], [145.7121636, -37.3032959], [145.7104395, -37.3032873], [145.70591, -37.302166], [145.7047461, -37.3022072], [145.7036894, -37.3031074], [145.6999179, -37.3029656], [145.6997809, -37.3029015], [145.6994791, -37.3027203], [145.6981267, -37.3030951], [145.6973086, -37.3031963], [145.695044, -37.3026634], [145.6949802, -37.3026106], [145.6928646, -37.3029401], [145.692664, -37.3029512], [145.6914503, -37.3028249], [145.6894098, -37.3019968], [145.6893084, -37.3019009], [145.6872414, -37.3016181], [145.6857996, -37.3007072], [145.6854891, -37.3006911], [145.6830785, -37.3022054], [145.6795433, -37.3021354], [145.6788708, -37.3045193], [145.6800427, -37.3056047], [145.6800051, -37.3064639], [145.6781068, -37.3086394], [145.6748767, -37.3087783], [145.6742904, -37.30919], [145.6739823, -37.3113465], [145.673158, -37.3120234], [145.6686411, -37.3117244], [145.6683434, -37.3118585], [145.6637845, -37.3108945], [145.6632043, -37.3098036], [145.662208, -37.3090432], [145.6614872, -37.3065708], [145.6608622, -37.3058018], [145.6605117, -37.3047991], [145.66012, -37.3037406], [145.6539004, -37.3038506], [145.652796, -37.3049038], [145.6466011, -37.3042257], [145.6462547, -37.3035318], [145.6459493, -37.3033109], [145.6424751, -37.3026944], [145.6405774, -37.3038959], [145.6396749, -37.3049561], [145.6396421, -37.3061574], [145.6381829, -37.3077127], [145.6377626, -37.3093776], [145.6325806, -37.3082714], [145.6310331, -37.3057348], [145.6302032, -37.3062204], [145.6284182, -37.3094479], [145.6238662, -37.3093663], [145.6225168, -37.3111577], [145.6199363, -37.3123644], [145.619553, -37.31351], [145.6122454, -37.3146679], [145.6112953, -37.3180025], [145.612059, -37.3199399], [145.6120528, -37.3200111], [145.6085803, -37.3205101], [145.6055403, -37.3230399], [145.6028108, -37.3219398], [145.6025072, -37.3206615], [145.6000634, -37.3195368], [145.5967731, -37.3203986], [145.5965087, -37.3202259], [145.5963295, -37.3174846], [145.5949413, -37.3167535], [145.5959119, -37.3133097], [145.5902018, -37.3153766], [145.5895972, -37.3149316], [145.5863751, -37.3154044], [145.5841455, -37.3186307], [145.5841649, -37.3186857], [145.5837623, -37.3196015], [145.5843904, -37.3279044], [145.5824141, -37.3294659], [145.5818692, -37.330678], [145.5817308, -37.3316123], [145.5815138, -37.332146], [145.581201, -37.3346347], [145.5809133, -37.3348191], [145.5676536, -37.3337799], [145.5659118, -37.3367502], [145.5660192, -37.3372147], [145.5651202, -37.3384825], [145.562604, -37.3390712], [145.5605001, -37.3381186], [145.5575412, -37.3390895], [145.5572072, -37.3398651], [145.5574356, -37.3428414], [145.5567608, -37.3428905], [145.5532749, -37.3442154], [145.553302, -37.3477902], [145.5551481, -37.3483377], [145.5553729, -37.3536101], [145.5547927, -37.3543915], [145.5542381, -37.356356], [145.5530987, -37.3576903], [145.5530945, -37.3577157], [145.5529331, -37.3578751], [145.5469068, -37.3594465], [145.5467611, -37.3595797], [145.5455993, -37.3636709], [145.5443495, -37.3638199], [145.5430612, -37.3657263], [145.5436656, -37.3671753], [145.5455669, -37.366844], [145.5466861, -37.3692648], [145.5437153, -37.3700443], [145.5435736, -37.3712101], [145.5419849, -37.3720114], [145.5423616, -37.3732019], [145.541372, -37.3736173], [145.5412074, -37.3736631], [145.539649, -37.3736484], [145.5386416, -37.3731268], [145.5387503, -37.3761712], [145.5340162, -37.3747002]]]}}, {"type": "Feature", "properties": {"level": "primary", "school": "Loch Primary School", "year_level": "P6", "boundary_year": 2026}, "geometry": {"type": "Polygon", "coordinates": [[[145.7000774, -38.4343558], [145.70273, -38.4304862], [145.7022178, -38.4267799], [145.7103882, -38.4273123], [145.7116076, -38.42597], [145.71217, -38.4246769], [145.7123263, -38.4229466], [145.712448, -38.4228424], [145.7165266, -38.4217949], [145.7217112, -38.4222884], [145.7235729, -38.4249876], [145.7238112, -38.4252564], [145.7285084, -38.4248021], [145.7294361, -38.4251794], [145.7316816, -38.4269331], [145.7353298, -38.427429], [145.7363676, -38.4271236], [145.7389273, -38.4245995], [145.7401408, -38.4241345], [145.7422085, -38.4218996], [145.7431887, -38.4195976], [145.7432346, -38.4193775], [145.7409958, -38.4181949], [145.738297, -38.4142194], [145.7382858, -38.4134304], [145.7383658, -38.4131767], [145.7389422, -38.4125338], [145.7381667, -38.4058747], [145.7404828, -38.4034834], [145.7445796, -38.4056525], [145.7486994, -38.4058776], [145.7506811, -38.4051005], [145.7515603, -38.4049735], [145.7525275, -38.404163], [145.7531598, -38.40318], [145.7539123, -38.4030213], [145.7590681, -38.403479], [145.7606057, -38.4032631], [145.7614451, -38.4023966], [145.7617093, -38.4022653], [145.7623272, -38.4014733], [145.7633065, -38.3989351], [145.7632693, -38.3987533], [145.7619611, -38.3968763], [145.760035, -38.3963253], [145.7598986, -38.3963181], [145.7567404, -38.3953877], [145.754841, -38.3941744], [145.754453, -38.3931518], [145.7545572, -38.3910207], [145.7583322, -38.3877824], [145.7584955, -38.3863726], [145.7604814, -38.3838135], [145.7604729, -38.3812834], [145.7516824, -38.3808601], [145.7499569, -38.3816788], [145.7465723, -38.3819653], [145.7458644, -38.381657], [145.7433637, -38.3796819], [145.7476826, -38.3699628], [145.7470437, -38.3689893], [145.7468201, -38.3689396], [145.7365611, -38.3687683], [145.7352628, -38.3619366], [145.7353433, -38.3613947], [145.7358376, -38.3611512], [145.737288, -38.3584687], [145.7383315, -38.3582363], [145.7398337, -38.3553517], [145.7402255, -38.3556584], [145.7411796, -38.3562444], [145.7434543, -38.3558323], [145.745444, -38.3543733], [145.746325, -38.3518556], [145.7432016, -38.3507696], [145.739732, -38.3501575], [145.7378394, -38.3514852], [145.7369721, -38.3526165], [145.7365432, -38.3528705], [145.7269417, -38.3517701], [145.7263388, -38.3518783], [145.724143, -38.3515753], [145.7234484, -38.3521423], [145.7170089, -38.3543463], [145.7150005, -38.3548806], [145.7148321, -38.3549635], [145.7144734, -38.3550259], [145.7091139, -38.3516173], [145.7089793, -38.3514319], [145.7084325, -38.3510567], [145.7069469, -38.3483161], [145.7066687, -38.3481448], [145.702008, -38.3474883], [145.700213, -38.3490425], [145.698948, -38.3492787], [145.6973738, -38.3497472], [145.6971267, -38.3497495], [145.6967028, -38.349807], [145.6964891, -38.3499631], [145.6926283, -38.3572214], [145.6923368, -38.3575095], [145.691614, -38.357284], [145.6862335, -38.3570001], [145.6834881, -38.3566402], [145.6799767, -38.3617575], [145.6795041, -38.3655145], [145.6792245, -38.3659819], [145.6736865, -38.365303], [145.6732464, -38.3649488], [145.6714349, -38.3638841], [145.6696622, -38.3637002], [145.6670823, -38.3656404], [145.6657593, -38.3652028], [145.663872, -38.3633187], [145.6636343, -38.3632192], [145.6616745, -38.364263], [145.6603002, -38.3655111], [145.6597385, -38.3675912], [145.6599975, -38.3692185], [145.6599267, -38.3702566], [145.6555418, -38.3723198], [145.654896, -38.3737159], [145.6524317, -38.3761343], [145.6517021, -38.3777326], [145.6493535, -38.379018], [145.6483864, -38.3799257], [145.6446703, -38.380258], [145.640617, -38.3788978], [145.6386117, -38.3794165], [145.636606, -38.3842769], [145.635376, -38.3857912], [145.6339788, -38.386092], [145.6326419, -38.3865865], [145.6263321, -38.3845961], [145.6262929, -38.3845865], [145.6223829, -38.3877855], [145.6203404, -38.3886472], [145.6174727, -38.3933071], [145.6132347, -38.394024], [145.6124549, -38.3939847], [145.6102338, -38.3957227], [145.6083927, -38.396194], [145.6071327, -38.3979136], [145.6067732, -38.4035569], [145.6056127, -38.4038807], [145.6040125, -38.4040103], [145.6011988, -38.4037342], [145.6005291, -38.4038599], [145.5981238, -38.4089711], [145.5979723, -38.4096546], [145.5997883, -38.4121262], [145.6063263, -38.4116829], [145.6084366, -38.4121649], [145.609703, -38.4130233], [145.61038, -38.413247], [145.6111983, -38.4150399], [145.6145321, -38.4182387], [145.614608, -38.4187067], [145.6162729, -38.4203798], [145.6156913, -38.4224554], [145.6135797, -38.4246667], [145.6136755, -38.4257488], [145.6134028, -38.4261385], [145.6108197, -38.4272819], [145.6079836, -38.4260486], [145.607001, -38.4267039], [145.606785, -38.4279031], [145.6073806, -38.4292143], [145.6073831, -38.4293458], [145.6103145, -38.4313405], [145.6124961, -38.4314924], [145.6129119, -38.4316319], [145.6131731, -38.4320565], [145.6126749, -38.4355845], [145.6105396, -38.4363286], [145.6100712, -38.4391303], [145.6111647, -38.4405058], [145.6107585, -38.4422208], [145.6105115, -38.4424411], [145.6109431, -38.4449385], [145.6102166, -38.4460085], [145.6109011, -38.447658], [145.610053, -38.4502618], [145.6096939, -38.4505976], [145.6087661, -38.4535505], [145.6112184, -38.4546677], [145.6197213, -38.4549325], [145.6207893, -38.4551414], [145.6223103, -38.4551029], [145.6240017, -38.4593122], [145.6240284, -38.4595004], [145.6302921, -38.4633123], [145.6323297, -38.4637907], [145.6334673, -38.4635073], [145.6334856, -38.4635091], [145.6362591, -38.4628233], [145.6379974, -38.4612858], [145.6392816, -38.4611591], [145.6471756, -38.46376], [145.6491164, -38.4631272], [145.6494391, -38.4630922], [145.6534289, -38.4655278], [145.6574669, -38.4661501], [145.6628013, -38.4625766], [145.6641753, -38.4607902], [145.6643281, -38.4600823], [145.6676605, -38.4584056], [145.6711229, -38.4536144], [145.671107, -38.4532686], [145.6714811, -38.4525578], [145.6711647, -38.4507292], [145.6718836, -38.4495488], [145.6718624, -38.4484545], [145.6745179, -38.4473859], [145.675838, -38.4478414], [145.6765225, -38.4486772], [145.6825846, -38.4455907], [145.6843434, -38.4461796], [145.690271, -38.4437356], [145.6924347, -38.4411778], [145.6914752, -38.4381091], [145.6915289, -38.4379665], [145.6923946, -38.4372175], [145.7000774, -38.4343558]]]}}, {"type": "Feature", "properties": {"level": "primary", "school": "Macedon Primary School", "year_level": "P6", "boundary_year": 2026}, "geometry": {"type": "Polygon", "coordinates": [[[144.5551227, -37.3818751], [144.5538843, -37.3816137], [144.5520157, -37.3811912], [144.5519625, -37.381201], [144.5502115, -37.3809357], [144.5497812, -37.3809449], [144.5494195, -37.3809877], [144.5471484, -37.3806329], [144.5470333, -37.3807812], [144.5476405, -37.3833239], [144.5432589, -37.3846356], [144.543391, -37.3856002], [144.5432902, -37.3857856], [144.5396448, -37.3872809], [144.5385573, -37.3893359], [144.5381782, -37.3894407], [144.5373078, -37.3904927], [144.5363298, -37.3912386], [144.5324024, -37.3909151], [144.5317157, -37.3949757], [144.528678, -37.3933911], [144.5265076, -37.3960681], [144.5246619, -37.394837], [144.5253854, -37.3932402], [144.5245967, -37.3917061], [144.5236928, -37.3908355], [144.5236664, -37.3900217], [144.5235982, -37.3899179], [144.5184674, -37.389189], [144.5166389, -37.3906063], [144.5146241, -37.3905719], [144.5132429, -37.3918179], [144.5127898, -37.3939526], [144.5111009, -37.3947056], [144.5090784, -37.3944837], [144.5077014, -37.3940058], [144.5069787, -37.3943208], [144.5064286, -37.3976321], [144.5065007, -37.3978389], [144.5060081, -37.3983584], [144.5057473, -37.4002597], [144.5065858, -37.4014311], [144.5060087, -37.4022695], [144.5061326, -37.4054701], [144.5062606, -37.4055949], [144.5069028, -37.4058517], [144.5075301, -37.409604], [144.5066502, -37.4097761], [144.5041752, -37.4114924], [144.5037117, -37.412716], [144.5000271, -37.4126412], [144.4995193, -37.4129058], [144.4973689, -37.4116126], [144.4953263, -37.4119672], [144.4943588, -37.4123497], [144.4941682, -37.4126235], [144.493537, -37.4139637], [144.4938813, -37.4143311], [144.4944106, -37.4172945], [144.4932315, -37.4182591], [144.4928556, -37.4183628], [144.491733, -37.4214914], [144.4921623, -37.4235425], [144.4902438, -37.4233784], [144.4880092, -37.4243087], [144.4869322, -37.4251771], [144.485821, -37.4252762], [144.4856107, -37.4250895], [144.4811454, -37.424443], [144.4798989, -37.4221343], [144.4760522, -37.4242163], [144.4764243, -37.427271], [144.4762152, -37.4277529], [144.4744827, -37.4279437], [144.4740454, -37.4279364], [144.4731083, -37.4278593], [144.4716832, -37.4273672], [144.4698791, -37.42635], [144.4690249, -37.4268265], [144.4628475, -37.426834], [144.4619256, -37.4273038], [144.461379, -37.4281735], [144.4581883, -37.4291036], [144.4560642, -37.4276197], [144.4516299, -37.4283265], [144.4506663, -37.4267127], [144.4472049, -37.4281585], [144.4468695, -37.4298565], [144.4496608, -37.4302685], [144.4489095, -37.4338335], [144.4467502, -37.4344102], [144.4464159, -37.4362651], [144.4462676, -37.436423], [144.4462775, -37.4397221], [144.4471353, -37.4405128], [144.4499214, -37.4415665], [144.4501087, -37.4415871], [144.4510429, -37.4424611], [144.4512995, -37.4432219], [144.4505422, -37.4458713], [144.4495484, -37.4465688], [144.4455335, -37.445813], [144.4452916, -37.4456532], [144.4443844, -37.4454419], [144.4428072, -37.4475494], [144.4437255, -37.4491595], [144.443768, -37.4493797], [144.4463578, -37.4516707], [144.4463477, -37.4518067], [144.4482114, -37.4551126], [144.4487953, -37.455628], [144.452624, -37.4560854], [144.4530297, -37.4562611], [144.4542081, -37.4589988], [144.4575582, -37.4609678], [144.4592266, -37.4637058], [144.460553, -37.4639892], [144.4678677, -37.4608726], [144.4698049, -37.4625654], [144.4702244, -37.4627033], [144.4706388, -37.4627638], [144.4738568, -37.4644549], [144.4744376, -37.4645171], [144.4777864, -37.4664394], [144.47786, -37.4664397], [144.4807737, -37.4640742], [144.4833887, -37.4638964], [144.484443, -37.4657646], [144.4830839, -37.4679772], [144.4840083, -37.4695385], [144.4837136, -37.470633], [144.4846377, -37.4724004], [144.4854996, -37.472351], [144.4909176, -37.4689894], [144.4921524, -37.4687587], [144.4925484, -37.4692372], [144.4944959, -37.4701663], [144.50093, -37.4674548], [144.502085, -37.4674867], [144.5043806, -37.4698536], [144.5051772, -37.4700839], [144.5073582, -37.469701], [144.5099937, -37.470048], [144.5102965, -37.4699042], [144.5112235, -37.4686977], [144.5186682, -37.4685568], [144.5185195, -37.4668585], [144.5193883, -37.4649623], [144.5207995, -37.4649039], [144.5246972, -37.4619106], [144.524969, -37.4607403], [144.5288584, -37.4562961], [144.5289819, -37.4562272], [144.529294, -37.4563806], [144.5301664, -37.4639022], [144.5345048, -37.4660035], [144.5347309, -37.4664053], [144.540246, -37.4670873], [144.5413685, -37.4631745], [144.5407846, -37.4623106], [144.5419177, -37.4594558], [144.5451413, -37.4595401], [144.5467202, -37.4618702], [144.5466618, -37.4621663], [144.5472393, -37.4635437], [144.5499706, -37.4650608], [144.5524753, -37.4647764], [144.5536617, -37.4652305], [144.5543031, -37.4661404], [144.5581633, -37.4677894], [144.5614713, -37.4670077], [144.5654187, -37.4672753], [144.5654034, -37.4650215], [144.5643938, -37.4628857], [144.5634303, -37.4621235], [144.5577521, -37.46095], [144.5570696, -37.4597599], [144.5576778, -37.4560603], [144.5579215, -37.4557439], [144.5552651, -37.4536173], [144.5506273, -37.4532576], [144.5496322, -37.4510055], [144.5527053, -37.4495194], [144.5521695, -37.4485468], [144.5526554, -37.4458974], [144.5497166, -37.4446042], [144.549491, -37.4443419], [144.5486421, -37.4439764], [144.547879, -37.4421335], [144.5482069, -37.4413372], [144.5485858, -37.4410683], [144.5536053, -37.4419594], [144.5539998, -37.4417446], [144.5555614, -37.4435573], [144.5589944, -37.4432609], [144.559065, -37.4431927], [144.5601009, -37.442289], [144.5628647, -37.4443259], [144.5623248, -37.4450592], [144.5629627, -37.4465547], [144.5647654, -37.4463566], [144.5651739, -37.4460761], [144.5674003, -37.4467087], [144.5680788, -37.4460507], [144.5712913, -37.4459731], [144.5714239, -37.4459068], [144.5745805, -37.4471275], [144.5756427, -37.4466193], [144.5766981, -37.444811], [144.5779518, -37.4449668], [144.5807373, -37.4444476], [144.5814522, -37.4435039], [144.5806865, -37.4421703], [144.5807693, -37.4408711], [144.5836731, -37.4405876], [144.5844093, -37.441548], [144.5865033, -37.4422357], [144.587482, -37.4440756], [144.5895856, -37.4437981], [144.5919013, -37.4446952], [144.5968128, -37.4413508], [144.5967988, -37.4412345], [144.5952566, -37.4396226], [144.5938814, -37.439187], [144.5925094, -37.4353933], [144.5942388, -37.4334068], [144.5968361, -37.432946], [144.5996412, -37.4335079], [144.5999324, -37.4335701], [144.6007977, -37.4334026], [144.6016014, -37.4333631], [144.602582, -37.4336592], [144.6039861, -37.432895], [144.604572, -37.4327529], [144.6087506, -37.4301795], [144.6090023, -37.4302137], [144.6110948, -37.4293933], [144.6116277, -37.4277406], [144.6110375, -37.4271402], [144.6091332, -37.4267926], [144.6080615, -37.4272854], [144.6073399, -37.4276599], [144.6066148, -37.4275907], [144.6047267, -37.424781], [144.60237, -37.4242849], [144.6014574, -37.4244368], [144.6004747, -37.4209029], [144.6001185, -37.4199285], [144.5977661, -37.4194853], [144.5954552, -37.4201677], [144.5946624, -37.4199136], [144.5934558, -37.4194698], [144.5925068, -37.4194449], [144.5917446, -37.4191864], [144.5901777, -37.4191792], [144.5883256, -37.4200641], [144.5876597, -37.4201005], [144.5868578, -37.4198327], [144.583943, -37.42023], [144.5835747, -37.4204558], [144.5831412, -37.4211932], [144.579861, -37.4206004], [144.5796266, -37.420077], [144.577839, -37.419102], [144.5789647, -37.417437], [144.5788924, -37.4161752], [144.5784884, -37.4153112], [144.5778102, -37.4153675], [144.5761657, -37.4162845], [144.5725351, -37.4150009], [144.5725333, -37.4138807], [144.5719639, -37.4131055], [144.5720555, -37.4118758], [144.5729861, -37.4097129], [144.5706576, -37.4091619], [144.5681617, -37.4092502], [144.5676141, -37.4051923], [144.5675964, -37.405149], [144.5675073, -37.405136], [144.5669626, -37.4051566], [144.5664375, -37.4053078], [144.564659, -37.4051905], [144.5637366, -37.4047159], [144.5637191, -37.4046328], [144.5636052, -37.4036268], [144.5645665, -37.401235], [144.5640807, -37.4006817], [144.5643194, -37.3994182], [144.5639116, -37.3988519], [144.5633512, -37.3986525], [144.5604932, -37.3953896], [144.5609143, -37.3942819], [144.55779, -37.3921717], [144.5575249, -37.3913145], [144.5583408, -37.3900956], [144.5577435, -37.3877541], [144.5549602, -37.3868984], [144.5545847, -37.3863833], [144.554518, -37.3863732], [144.5522793, -37.3847491], [144.5521354, -37.3846223], [144.5521182, -37.3842583], [144.5533465, -37.3831959], [144.5551227, -37.3818751]]]}}, {"type": "Feature", "properties": {"level": "primary", "school": "Nyora Primary School", "year_level": "P6", "boundary_year": 2026}, "geometry": {"type": "Polygon", "coordinates": [[[145.5620913, -38.3534848], [145.5630044, -38.3551984], [145.563708, -38.3558104], [145.5649118, -38.3557048], [145.5656813, -38.3558093], [145.5670534, -38.3576648], [145.5703241, -38.3576718], [145.5713656, -38.3589686], [145.5692403, -38.3606576], [145.5686493, -38.3635608], [145.5681888, -38.3641126], [145.5684482, -38.3652742], [145.5697653, -38.3663292], [145.5698076, -38.3663479], [145.5728969, -38.3668143], [145.5777127, -38.3702674], [145.5812143, -38.3695677], [145.5847027, -38.3779218], [145.5859176, -38.3781402], [145.588817, -38.3781434], [145.5895488, -38.3783496], [145.5912571, -38.3819731], [145.5966587, -38.3865901], [145.595766, -38.3878736], [145.5939422, -38.3887859], [145.5909591, -38.3894591], [145.5891541, -38.3908893], [145.5869706, -38.3913574], [145.5859486, -38.3922047], [145.5850608, -38.3952184], [145.5890142, -38.4003055], [145.5909369, -38.3998367], [145.5922896, -38.3998041], [145.5929965, -38.3997448], [145.6005291, -38.4038599], [145.6011988, -38.4037342], [145.6040125, -38.4040103], [145.6056127, -38.4038807], [145.6067732, -38.4035569], [145.6071327, -38.3979136], [145.6083927, -38.396194], [145.6102338, -38.3957227], [145.6124549, -38.3939847], [145.6132347, -38.394024], [145.6174727, -38.3933071], [145.6203404, -38.3886472], [145.6223829, -38.3877855], [145.6262929, -38.3845865], [145.6263321, -38.3845961], [145.6326419, -38.3865865], [145.6339788, -38.386092], [145.635376, -38.3857912], [145.636606, -38.3842769], [145.6386117, -38.3794165], [145.640617, -38.3788978], [145.6446703, -38.380258], [145.6483864, -38.3799257], [145.6493535, -38.379018], [145.6517021, -38.3777326], [145.6524317, -38.3761343], [145.654896, -38.3737159], [145.6555418, -38.3723198], [145.6599267, -38.3702566], [145.6599975, -38.3692185], [145.6597385, -38.3675912], [145.6603002, -38.3655111], [145.6616745, -38.364263], [145.6636343, -38.3632192], [145.663872, -38.3633187], [145.6657593, -38.3652028], [145.6670823, -38.3656404], [145.6696622, -38.3637002], [145.6714349, -38.3638841], [145.6732464, -38.3649488], [145.6736865, -38.365303], [145.6792245, -38.3659819], [145.6795041, -38.3655145], [145.6799767, -38.3617575], [145.6834881, -38.3566402], [145.6862335, -38.3570001], [145.691614, -38.357284], [145.6923368, -38.3575095], [145.6926283, -38.3572214], [145.6964891, -38.3499631], [145.6967028, -38.349807], [145.6971267, -38.3497495], [145.6973738, -38.3497472], [145.698948, -38.3492787], [145.700213, -38.3490425], [145.702008, -38.3474883], [145.7066687, -38.3481448], [145.7069469, -38.3483161], [145.7084325, -38.3510567], [145.7089793, -38.3514319], [145.7091139, -38.3516173], [145.7144734, -38.3550259], [145.7148321, -38.3549635], [145.7150005, -38.3548806], [145.7170089, -38.3543463], [145.7234484, -38.3521423], [145.724143, -38.3515753], [145.7230774, -38.3462715], [145.7237392, -38.3444434], [145.7219165, -38.3410593], [145.7228264, -38.3393468], [145.7195834, -38.335462], [145.7195481, -38.3347839], [145.7211152, -38.3325632], [145.7213246, -38.3324323], [145.7209743, -38.3283618], [145.7215936, -38.3281843], [145.7227526, -38.3278783], [145.7238872, -38.3273274], [145.7292735, -38.3274508], [145.7311779, -38.327143], [145.7333119, -38.3267112], [145.7337835, -38.325575], [145.7344352, -38.324755], [145.7355317, -38.3239357], [145.7365181, -38.3235243], [145.7390795, -38.3213289], [145.7407374, -38.3206314], [145.7414471, -38.31653], [145.7395857, -38.3130707], [145.7401004, -38.312146], [145.7419623, -38.3110537], [145.7430795, -38.3100612], [145.743186, -38.3099408], [145.7449999, -38.3087514], [145.7447528, -38.3080503], [145.7447203, -38.3050194], [145.7464288, -38.3028648], [145.7460304, -38.300736], [145.7393788, -38.299286], [145.7398831, -38.2973191], [145.7376896, -38.2954543], [145.7380154, -38.2922194], [145.7380972, -38.2921675], [145.7376036, -38.2897401], [145.7341337, -38.2904602], [145.7336388, -38.2913964], [145.7340276, -38.291985], [145.7325987, -38.2952431], [145.7307336, -38.2963362], [145.7288378, -38.2967431], [145.7279594, -38.2958755], [145.7243476, -38.294717], [145.7231105, -38.2931292], [145.7236026, -38.2903599], [145.7272388, -38.2901668], [145.7276778, -38.2875941], [145.7275866, -38.2874912], [145.7277999, -38.2851936], [145.7278189, -38.2851783], [145.727805, -38.2823262], [145.7237429, -38.2814472], [145.7233399, -38.2799363], [145.7234312, -38.2798041], [145.722533, -38.2751774], [145.718121, -38.2729382], [145.717338, -38.2721772], [145.717511, -38.2711627], [145.7105822, -38.2677148], [145.7091331, -38.2679242], [145.708044, -38.2676621], [145.7063303, -38.2639336], [145.7037618, -38.2638073], [145.7011558, -38.2652853], [145.6980177, -38.2655801], [145.6978262, -38.26552], [145.6962407, -38.2643256], [145.6917182, -38.2674153], [145.6896814, -38.2668586], [145.6850768, -38.2672271], [145.6847857, -38.2668819], [145.6834426, -38.2628106], [145.6813018, -38.2625948], [145.6799316, -38.2623106], [145.6771247, -38.2613174], [145.6760468, -38.2605316], [145.6739677, -38.2596497], [145.6719141, -38.2581829], [145.6681903, -38.2583836], [145.5770196, -38.3401235], [145.576758, -38.3409111], [145.5761701, -38.3408834], [145.5620913, -38.3534848]]]}}, {"type": "Feature", "properties": {"level": "primary", "school": "Wandong Primary School", "year_level": "P6", "boundary_year": 2026}, "geometry": {"type": "Polygon", "coordinates": [[[145.0194755, -37.4045826], [145.0203653, -37.4029461], [145.0209244, -37.4027259], [145.0238199, -37.4042322], [145.026749, -37.4076668], [145.0267966, -37.4080299], [145.0274643, -37.4083955], [145.0296446, -37.4088177], [145.0302128, -37.408504], [145.0322487, -37.4064435], [145.0392045, -37.4078688], [145.0407111, -37.4070535], [145.0423311, -37.4072252], [145.0440829, -37.4067658], [145.04506, -37.4067637], [145.0500811, -37.4080107], [145.0543047, -37.4078475], [145.0575018, -37.406534], [145.0580412, -37.4058515], [145.058129, -37.4054694], [145.0566959, -37.4000813], [145.0577273, -37.398583], [145.0579188, -37.3977919], [145.0622139, -37.3934848], [145.0613865, -37.3909955], [145.0630767, -37.3891762], [145.0629783, -37.3889635], [145.0651439, -37.3844702], [145.0651043, -37.3841448], [145.0655055, -37.3834589], [145.0671914, -37.3831741], [145.0678546, -37.3833693], [145.0726002, -37.3885517], [145.0753106, -37.3851139], [145.075213, -37.3847634], [145.076577, -37.3820574], [145.0737468, -37.3796034], [145.0736044, -37.3795016], [145.073327, -37.3787854], [145.0727125, -37.3784841], [145.0692857, -37.3789897], [145.0687728, -37.3786053], [145.066993, -37.3771871], [145.0676003, -37.3755457], [145.0692759, -37.3742706], [145.0715086, -37.3746297], [145.0721463, -37.375506], [145.0764209, -37.3750691], [145.0767732, -37.3774118], [145.0776305, -37.3776105], [145.0781758, -37.3775912], [145.0837841, -37.3813027], [145.0838972, -37.3812558], [145.0853781, -37.3798741], [145.0865983, -37.3792361], [145.0866603, -37.3792155], [145.0896676, -37.3792718], [145.0902534, -37.3790252], [145.0946225, -37.3793275], [145.0959855, -37.3810295], [145.0972653, -37.3812627], [145.0990536, -37.3782921], [145.0977789, -37.3767918], [145.0984768, -37.3742284], [145.0943459, -37.3709939], [145.0952602, -37.3680681], [145.0951964, -37.3677256], [145.0958196, -37.3649892], [145.0965239, -37.3640281], [145.0968564, -37.3618273], [145.1009576, -37.3590563], [145.1010838, -37.3586661], [145.1035438, -37.3563191], [145.1045745, -37.3564643], [145.1053155, -37.3566608], [145.1061176, -37.3570351], [145.1074109, -37.3577162], [145.1107203, -37.3557719], [145.1113591, -37.3555994], [145.111481, -37.3555676], [145.1124757, -37.3556055], [145.113027, -37.3567035], [145.1141905, -37.3586308], [145.1159028, -37.3592726], [145.1163611, -37.3592839], [145.1177827, -37.3600385], [145.1178843, -37.3600889], [145.1193739, -37.3605289], [145.1208595, -37.3604174], [145.1252414, -37.3620801], [145.126271, -37.3634613], [145.1276327, -37.3641395], [145.1295791, -37.3634687], [145.1341998, -37.3639403], [145.1366229, -37.3628616], [145.1375217, -37.3630174], [145.1420464, -37.3621226], [145.1431814, -37.3612443], [145.1444298, -37.3610762], [145.1490237, -37.3617364], [145.1497976, -37.3620491], [145.1499314, -37.3622444], [145.1507939, -37.3628472], [145.151075, -37.3633623], [145.1520328, -37.3641947], [145.1570789, -37.3660516], [145.1575119, -37.3685779], [145.1594331, -37.3700036], [145.1597894, -37.3707744], [145.1594236, -37.3729081], [145.1617168, -37.37399], [145.1631031, -37.3738962], [145.1666196, -37.3725026], [145.1691548, -37.3755639], [145.1708732, -37.3760048], [145.1719066, -37.3711308], [145.1693699, -37.3702711], [145.1678172, -37.3707077], [145.1647555, -37.3693729], [145.165137, -37.3656723], [145.1650192, -37.3655427], [145.1666287, -37.3636859], [145.1672344, -37.3629353], [145.1673359, -37.3613401], [145.1658236, -37.3605464], [145.1646399, -37.3571174], [145.1644568, -37.3570114], [145.1633283, -37.3546447], [145.1600822, -37.3533028], [145.1600472, -37.353265], [145.1603049, -37.3522822], [145.1631626, -37.34953], [145.1622916, -37.3469935], [145.1590867, -37.3453199], [145.1596374, -37.3435645], [145.1593845, -37.3424899], [145.1600297, -37.3401064], [145.159465, -37.338878], [145.1553637, -37.3383705], [145.1538499, -37.3394087], [145.1520051, -37.338975], [145.1492202, -37.3370718], [145.1490231, -37.3367332], [145.1488524, -37.3353285], [145.1440296, -37.3352028], [145.1428471, -37.33476], [145.1424162, -37.3348164], [145.1376507, -37.3338235], [145.1393053, -37.3277028], [145.136532, -37.326056], [145.1357684, -37.3249555], [145.1366527, -37.323474], [145.1400568, -37.3227473], [145.1426086, -37.3212971], [145.1431467, -37.3194624], [145.1419186, -37.3190548], [145.1408796, -37.3168292], [145.1400029, -37.3162571], [145.1402254, -37.3157802], [145.1423434, -37.3152524], [145.1438872, -37.3129399], [145.1437413, -37.3121931], [145.1442271, -37.3108524], [145.1447276, -37.3105814], [145.1453083, -37.3080638], [145.1479724, -37.3058672], [145.1466399, -37.3040881], [145.1421258, -37.3026058], [145.1427101, -37.3014434], [145.143426, -37.2998907], [145.1458137, -37.2985867], [145.1458438, -37.2971573], [145.1442345, -37.2956291], [145.1443711, -37.2932427], [145.1453662, -37.2923259], [145.145, -37.2901852], [145.1454584, -37.289734], [145.1453812, -37.2895738], [145.1442146, -37.2857002], [145.1419017, -37.2840944], [145.1406193, -37.2840706], [145.14043, -37.2846638], [145.1397103, -37.2865274], [145.1421826, -37.2895479], [145.1407876, -37.2921546], [145.1373186, -37.2929743], [145.1370236, -37.2926035], [145.1356237, -37.2920671], [145.1336526, -37.2891368], [145.1302809, -37.2908032], [145.1289276, -37.2895161], [145.1296498, -37.2884042], [145.1292708, -37.2857785], [145.1270012, -37.2835903], [145.1269527, -37.2835029], [145.1267553, -37.2834265], [145.1229709, -37.2832041], [145.1219746, -37.2834666], [145.1216724, -37.284926], [145.1212152, -37.2854769], [145.1193931, -37.2899657], [145.120242, -37.2918322], [145.1207128, -37.2921507], [145.1207182, -37.2921588], [145.1173538, -37.2950592], [145.1134382, -37.2948343], [145.1130058, -37.2946554], [145.1115543, -37.2954849], [145.1004374, -37.2942458], [145.0999618, -37.2909785], [145.0973928, -37.2896461], [145.0860063, -37.2944371], [145.0829162, -37.2925885], [145.0824425, -37.2926221], [145.0817395, -37.2924874], [145.0770558, -37.2929655], [145.0761336, -37.2925903], [145.0743962, -37.291009], [145.073109, -37.2906827], [145.0727376, -37.2904152], [145.0711193, -37.2880902], [145.0710524, -37.2877506], [145.0699307, -37.2859264], [145.0699125, -37.2856632], [145.0701014, -37.2849431], [145.0699057, -37.2844828], [145.0673027, -37.2831775], [145.0667146, -37.279995], [145.0661064, -37.2798366], [145.0635851, -37.2801121], [145.0628077, -37.2809955], [145.0598259, -37.280897], [145.0588786, -37.2795457], [145.0596487, -37.277917], [145.0592182, -37.2768683], [145.058916, -37.2768179], [145.056085, -37.2777168], [145.0565718, -37.2789864], [145.0576472, -37.2797526], [145.0565743, -37.2805626], [145.0533767, -37.2799249], [145.0530339, -37.2802803], [145.0534266, -37.2821852], [145.053402, -37.282304], [145.0528791, -37.2829793], [145.0497331, -37.2838981], [145.0452727, -37.2821192], [145.0451814, -37.2822436], [145.0462416, -37.2858686], [145.0493011, -37.287028], [145.0505191, -37.2854405], [145.0522578, -37.2862346], [145.05289, -37.2875409], [145.0534971, -37.2875705], [145.0539776, -37.2876406], [145.0543813, -37.2877441], [145.0545573, -37.2878016], [145.0547729, -37.2878799], [145.0551046, -37.2880392], [145.0557106, -37.2884039], [145.0559636, -37.2892249], [145.0551044, -37.2895902], [145.0514971, -37.2906146], [145.0515247, -37.2914391], [145.0542974, -37.2919956], [145.055463, -37.2923449], [145.0557853, -37.2934072], [145.0522485, -37.2943991], [145.0522858, -37.2945136], [145.053764, -37.2951132], [145.055318, -37.2962894], [145.0550299, -37.2969401], [145.053877, -37.2970648], [145.0531135, -37.29889], [145.0532736, -37.298955], [145.0548686, -37.30048], [145.0546165, -37.3008945], [145.050868, -37.3011403], [145.0529673, -37.3027499], [145.0530996, -37.3046739], [145.0530488, -37.3046766], [145.0513508, -37.304471], [145.0511997, -37.3048333], [145.0516195, -37.3064921], [145.0501488, -37.307321], [145.051377, -37.3082937], [145.0504086, -37.3090636], [145.0479348, -37.3095702], [145.048137, -37.3103684], [145.0481326, -37.3103857], [145.0500708, -37.3121584], [145.0496391, -37.31252], [145.0471133, -37.3132861], [145.0470374, -37.3143711], [145.0466564, -37.3150371], [145.0436683, -37.3163719], [145.0436447, -37.3163937], [145.0416411, -37.3168322], [145.0413021, -37.317776], [145.041002, -37.3181275], [145.0379699, -37.3198408], [145.036952, -37.3198094], [145.0347234, -37.3191694], [145.0346648, -37.3190783], [145.0351332, -37.3174066], [145.0327844, -37.3151634], [145.0334608, -37.3137717], [145.0325166, -37.3117274], [145.031125, -37.3106463], [145.030332, -37.310523], [145.026092, -37.3074691], [145.0215825, -37.3061236], [145.0210628, -37.3031915], [145.0200887, -37.3013928], [145.0194377, -37.3006486], [145.0141517, -37.3010487], [145.0062698, -37.3000806], [145.0044276, -37.301446], [145.0040499, -37.3015431], [145.00227, -37.3071783], [145.0030359, -37.3077603], [145.0072893, -37.3089399], [145.0071845, -37.3096804], [145.0011, -37.3122644], [145.000088, -37.3129358], [145.0012331, -37.3147805], [145.0012771, -37.3173272], [145.0013632, -37.3202937], [145.0015649, -37.320883], [144.999586, -37.3232872], [144.9989539, -37.3257466], [144.9995464, -37.3270894], [144.9945864, -37.3331675], [144.99303, -37.3334856], [144.9899265, -37.3351956], [144.9897795, -37.3351696], [144.9872496, -37.3340501], [144.9868018, -37.3334544], [144.9857097, -37.330612], [144.9855134, -37.3304416], [144.9850801, -37.3304029], [144.9810455, -37.3306015], [144.9809404, -37.3313304], [144.9779195, -37.3346832], [144.9752562, -37.3349449], [144.9738113, -37.3357925], [144.9754718, -37.3383043], [144.9741528, -37.3468794], [144.9839579, -37.3489908], [144.9846757, -37.3496406], [144.9856156, -37.3506716], [144.985647, -37.3525524], [144.9833552, -37.3582869], [144.9786356, -37.3612464], [144.9782707, -37.3615294], [144.9789087, -37.3629912], [144.9790062, -37.3644998], [144.9771838, -37.3740036], [144.9785745, -37.3747472], [144.9813352, -37.3753498], [144.9829505, -37.3763257], [144.9859365, -37.3769274], [144.9865986, -37.3777877], [144.9925444, -37.3823953], [144.9945891, -37.3811754], [144.9953294, -37.379685], [144.9940321, -37.3773441], [144.9951985, -37.376506], [145.0006145, -37.377607], [145.0018401, -37.3768985], [145.0046457, -37.3772235], [145.0059626, -37.3779082], [145.009069, -37.3804212], [145.0095387, -37.384685], [145.0105663, -37.3853121], [145.0165229, -37.3861192], [145.0193466, -37.3852904], [145.0219613, -37.3883702], [145.0221163, -37.3915416], [145.0204213, -37.3945257], [145.0186823, -37.395472], [145.0197781, -37.3977958], [145.0208565, -37.3986367], [145.0194755, -37.4045826]]]}}, {"type": "Feature", "properties": {"level": "primary", "school": "Perseverance Primary School", "year_level": "P6", "boundary_year": 2026}, "geometry": {"type": "Polygon", "coordinates": [[[145.2841792, -38.3178807], [145.2729788, -38.3580684], [145.2763252, -38.3742717], [145.2752509, -38.3808425], [145.2701935, -38.3828536], [145.2705136, -38.3872719], [145.2756014, -38.3853005], [145.2770261, -38.3911384], [145.2737117, -38.3993004], [145.267673, -38.4035348], [145.2694525, -38.4091425], [145.2819852, -38.4048877], [145.2769709, -38.3950721], [145.2880793, -38.3958739], [145.3113451, -38.4033906], [145.319612, -38.4130926], [145.3264482, -38.4121286], [145.3300574, -38.4147083], [145.3347944, -38.4120509], [145.3421569, -38.4150928], [145.3487404, -38.4226355], [145.3596153, -38.4087827], [145.3595762, -38.4085045], [145.3602366, -38.4079902], [145.3608202, -38.4072481], [145.3614145, -38.4070742], [145.3717502, -38.4040569], [145.3787098, -38.4101379], [145.3858574, -38.4067682], [145.3852639, -38.399329], [145.3930779, -38.3951316], [145.3906747, -38.384861], [145.4044065, -38.374522], [145.4130596, -38.3706673], [145.4275958, -38.3717688], [145.4479412, -38.3699711], [145.4596735, -38.3658312], [145.476474, -38.3657329], [145.5007148, -38.3531736], [145.4899041, -38.3392506], [145.4719204, -38.330316], [145.4592234, -38.3097405], [145.4516615, -38.3057029], [145.4241022, -38.3068233], [145.4116341, -38.30361], [145.3861211, -38.310878], [145.3672449, -38.3121099], [145.3455125, -38.3074376], [145.3299291, -38.2914741], [145.2972282, -38.2814213], [145.2895943, -38.2852915], [145.2863502, -38.3037179], [145.2866432, -38.3070601], [145.2903028, -38.3077441], [145.2841792, -38.3178807]]]}}, {"type": "Feature", "properties": {"level": "primary", "school": "Willowbank Primary School", "year_level": "P6", "boundary_year": 2026}, "geometry": {"type": "Polygon", "coordinates": [[[144.6328937, -37.5578495], [144.5832649, -37.5535912], [144.585968, -37.546657], [144.5862089, -37.545191], [144.588644, -37.5445479], [144.589507, -37.5444249], [144.5903529, -37.54394], [144.5912599, -37.541907], [144.5930281, -37.540113], [144.5941789, -37.539046], [144.5947469, -37.534401], [144.5933259, -37.533954], [144.5926819, -37.531], [144.5935689, -37.52877], [144.5940579, -37.5281029], [144.5939201, -37.5266489], [144.592409, -37.525438], [144.591707, -37.5249539], [144.5913352, -37.5240981], [144.592363, -37.5210439], [144.592857, -37.520896], [144.593, -37.5202459], [144.5950939, -37.516974], [144.5936039, -37.515971], [144.5926319, -37.516807], [144.5919462, -37.516835], [144.589038, -37.515644], [144.5890548, -37.515348], [144.5895039, -37.5136429], [144.5897279, -37.511698], [144.5899761, -37.511053], [144.5897509, -37.5101389], [144.591276, -37.5079259], [144.5925719, -37.508128], [144.5929381, -37.508118], [144.594031, -37.5079589], [144.5942079, -37.507999], [144.5953299, -37.5057671], [144.595322, -37.505649], [144.5952328, -37.5055069], [144.5930819, -37.5049219], [144.5915796, -37.5045451], [144.5915061, -37.5033319], [144.5916979, -37.50312], [144.5916331, -37.5027479], [144.591819, -37.502007], [144.5919398, -37.5018641], [144.5917769, -37.500935], [144.592533, -37.500339], [144.592582, -37.499931], [144.5942959, -37.498789], [144.5946069, -37.498684], [144.5952981, -37.4988039], [144.5955472, -37.4990611], [144.596975, -37.498935], [144.5976021, -37.497323], [144.597672, -37.4967299], [144.5989401, -37.4968301], [144.599026, -37.4959939], [144.6001258, -37.49557], [144.6001742, -37.495093], [144.600406, -37.494619], [144.5998344, -37.4931927], [144.6092977, -37.4944885], [144.6086226, -37.4911236], [144.6076621, -37.4878461], [144.6162204, -37.4843869], [144.622233, -37.4859632], [144.6249102, -37.4849532], [144.6267274, -37.4867856], [144.6281608, -37.4876002], [144.6337741, -37.4887854], [144.634874, -37.490061], [144.6356811, -37.4908347], [144.6354591, -37.4916389], [144.6374096, -37.4947591], [144.6377701, -37.4950791], [144.6377854, -37.4951433], [144.6402711, -37.4982693], [144.647957, -37.5020761], [144.6488523, -37.5024059], [144.6495409, -37.5034062], [144.6412228, -37.5108338], [144.6407822, -37.5119301], [144.6414779, -37.5128604], [144.6424376, -37.5133083], [144.6544001, -37.5148611], [144.6568681, -37.5164081], [144.6577715, -37.5177813], [144.664176, -37.5258555], [144.6328937, -37.5578495]]]}}, {"type": "Feature", "properties": {"level": "primary", "school": "Gilgai Plains Primary School", "year_level": "P6", "boundary_year": 2026}, "geometry": {"type": "Polygon", "coordinates": [[[144.9803219, -37.522212], [144.9722511, -37.5657485], [144.9381719, -37.5551274], [144.931324, -37.5496454], [144.9326665, -37.5388709], [144.9336091, -37.5309955], [144.9803219, -37.522212]]]}}, {"type": "Feature", "properties": {"level": "primary", "school": "Wollert Primary School", "year_level": "P6", "boundary_year": 2026}, "geometry": {"type": "Polygon", "coordinates": [[[145.0292758, -37.620316], [145.0161186, -37.6188077], [145.0143057, -37.6161532], [145.0149887, -37.6090387], [145.0438724, -37.6013723], [145.0299706, -37.6164614], [145.0292758, -37.620316]]]}}, {"type": "Feature", "properties": {"level": "primary", "school": "Clyde Creek Primary School", "year_level": "P6", "boundary_year": 2026}, "geometry": {"type": "Polygon", "coordinates": [[[145.3485401, -38.1344053], [145.3148114, -38.1227706], [145.3149824, -38.1215287], [145.3274171, -38.115052], [145.3455202, -38.1244329], [145.3485401, -38.1344053]]]}}, {"type": "Feature", "properties": {"level": "primary", "school": "Strathtulloh Primary School", "year_level": "P6", "boundary_year": 2026}, "geometry": {"type": "Polygon", "coordinates": [[[144.6100976, -37.7553483], [144.5831387, -37.736981], [144.5820654, -37.7337533], [144.5833475, -37.7213283], [144.5771967, -37.7186279], [144.5918824, -37.7004477], [144.5965157, -37.6981482], [144.6068539, -37.6976522], [144.6100976, -37.7553483]]]}}, {"type": "Feature", "properties": {"level": "primary", "school": "Deanside Primary School", "year_level": "P6", "boundary_year": 2026}, "geometry": {"type": "Polygon", "coordinates": [[[144.6871811, -37.7432268], [144.6855219, -37.7394867], [144.6831905, -37.7342314], [144.680288, -37.701619], [144.7182207, -37.7161556], [144.7209116, -37.7225114], [144.7126086, -37.7393099], [144.706355, -37.7456446], [144.6871811, -37.7432268]]]}}, {"type": "Feature", "properties": {"level": "primary", "school": "Donnybrook Primary School", "year_level": "P6", "boundary_year": 2026}, "geometry": {"type": "Polygon", "coordinates": [[[144.9911684, -37.5038992], [144.9803219, -37.522212], [144.9722511, -37.5657485], [144.9731145, -37.5665191], [145.0140848, -37.5683168], [145.0515371, -37.5590155], [145.0626394, -37.5474549], [145.0458726, -37.4932039], [144.9911684, -37.5038992]]]}}, {"type": "Feature", "properties": {"level": "primary", "school": "Barrawang Primary School", "year_level": "P6", "boundary_year": 2026}, "geometry": {"type": "Polygon", "coordinates": [[[144.9731145, -37.5665191], [144.9619788, -37.594169], [144.9686469, -37.6167013], [144.9739181, -37.6154967], [145.008384, -37.5989296], [145.0140848, -37.5683168], [144.9731145, -37.5665191]]]}}, {"type": "Feature", "properties": {"level": "primary", "school": "Quarters Primary School", "year_level": "P6", "boundary_year": 2026}, "geometry": {"type": "Polygon", "coordinates": [[[145.219114, -38.080814], [145.2190576, -38.091166], [145.2205005, -38.0965743], [145.2429645, -38.1081612], [145.2525564, -38.1094988], [145.2525471, -38.1076352], [145.2636919, -38.0921763], [145.2608463, -38.0859586], [145.219114, -38.080814]]]}}, {"type": "Feature", "properties": {"level": "primary", "school": "Kurrun Primary School", "year_level": "P6", "boundary_year": 2026}, "geometry": {"type": "Polygon", "coordinates": [[[145.4003603, -38.0641386], [145.3976953, -38.0636263], [145.396603, -38.0634124], [145.3965181, -38.0637818], [145.3957521, -38.0671871], [145.3857623, -38.0716333], [145.3975181, -38.0904681], [145.4081303, -38.0939481], [145.4131569, -38.066569], [145.4039507, -38.0648207], [145.4003603, -38.0641386]]]}}, {"type": "Feature", "properties": {"level": "primary", "school": "Thornhill Park Primary School", "year_level": "P6", "boundary_year": 2026}, "geometry": {"type": "Polygon", "coordinates": [[[144.656562, -37.6647079], [144.6601685, -37.677432], [144.6459229, -37.7201522], [144.6453562, -37.7218508], [144.6151545, -37.7625006], [144.6100976, -37.7553483], [144.6068539, -37.6976522], [144.6417118, -37.673034], [144.656562, -37.6647079]]]}}, {"type": "Feature", "properties": {"level": "primary", "school": "Lollypop Creek Primary School", "year_level": "P6", "boundary_year": 2026}, "geometry": {"type": "Polygon", "coordinates": [[[144.5877276, -37.9784098], [144.5459128, -37.92357], [144.5815183, -37.9082236], [144.6000264, -37.9102404], [144.6009997, -37.904894], [144.6189184, -37.9021146], [144.6251056, -37.9060128], [144.6284533, -37.912635], [144.5877276, -37.9784098]]]}}, {"type": "Feature", "properties": {"level": "primary", "school": "Ngarri Primary School", "year_level": "P6", "boundary_year": 2026}, "geometry": {"type": "Polygon", "coordinates": [[[144.5867638, -37.8220978], [144.607779, -37.8453888], [144.5891425, -37.8764779], [144.5200152, -37.9040334], [144.4687219, -37.8765765], [144.4850804, -37.8524315], [144.5867638, -37.8220978]]]}}, {"type": "Feature", "properties": {"level": "primary", "school": "Karwan Primary School", "year_level": "P6", "boundary_year": 2026}, "geometry": {"type": "Polygon", "coordinates": [[[144.6512481, -37.8447287], [144.6428993, -37.8436148], [144.6128643, -37.8485935], [144.6178232, -37.8551469], [144.6431552, -37.8687281], [144.6484375, -37.866964], [144.6563752, -37.8448423], [144.6512481, -37.8447287]]]}}, {"type": "Feature", "properties": {"level": "primary", "school": "Nearnung Primary School", "year_level": "P6", "boundary_year": 2026}, "geometry": {"type": "Polygon", "coordinates": [[[144.6759625, -37.8293957], [144.6833451, -37.7957283], [144.6876966, -37.7959287], [144.7040182, -37.8288155], [144.7041583, -37.8288835], [144.7051879, -37.8330567], [144.7038225, -37.8331009], [144.7019691, -37.8330445], [144.7002854, -37.8328957], [144.6950135, -37.8322123], [144.6917446, -37.8317823], [144.6759625, -37.8293957]]]}}, {"type": "Feature", "properties": {"level": "primary", "school": "Yubup Primary School", "year_level": "P6", "boundary_year": 2026}, "geometry": {"type": "Polygon", "coordinates": [[[144.8246074, -37.4840354], [144.8007355, -37.5046182], [144.8015668, -37.5085351], [144.8959919, -37.5590226], [144.922121, -37.54971], [144.931324, -37.5496454], [144.9326665, -37.5388709], [144.9117399, -37.5365351], [144.8926405, -37.5342001], [144.8929662, -37.5325878], [144.8938688, -37.5307025], [144.8246074, -37.4840354]]]}}, {"type": "Feature", "properties": {"level": "primary", "school": "Banum Warrik Primary School", "year_level": "P6", "boundary_year": 2026}, "geometry": {"type": "Polygon", "coordinates": [[[144.9209384, -37.4829934], [144.9336091, -37.5309955], [144.9803219, -37.522212], [144.9911684, -37.5038992], [144.9209384, -37.4829934]]]}}, {"type": "Feature", "properties": {"level": "primary", "school": "Kurmile Primary School", "year_level": "P6", "boundary_year": 2026}, "geometry": {"type": "Polygon", "coordinates": [[[145.4046828, -38.0591998], [145.4041725, -38.0615623], [145.4040335, -38.0633031], [145.4039507, -38.0648207], [145.4003603, -38.0641386], [145.3976953, -38.0636263], [145.396603, -38.0634124], [145.3965181, -38.0637818], [145.3957521, -38.0671871], [145.3857623, -38.0716333], [145.3766002, -38.0656588], [145.3803465, -38.0600729], [145.3791655, -38.0594677], [145.3780314, -38.0587338], [145.3769386, -38.0577987], [145.3780926, -38.0568454], [145.3794167, -38.0560031], [145.3805446, -38.0555191], [145.3819564, -38.0552576], [145.3826986, -38.0552856], [145.3838644, -38.0553298], [145.3894304, -38.0563789], [145.4024984, -38.0587914], [145.4037244, -38.0590177], [145.4046828, -38.0591998]]]}}, {"type": "Feature", "properties": {"level": "primary", "school": "Topirum Primary School", "year_level": "P6", "boundary_year": 2026}, "geometry": {"type": "Polygon", "coordinates": [[[145.3975181, -38.0904681], [145.3637501, -38.1001823], [145.3694154, -38.1107312], [145.3780911, -38.1200282], [145.3812236, -38.1233615], [145.4009422, -38.1295311], [145.4292714, -38.1107958], [145.4212678, -38.1017082], [145.4081303, -38.0939481], [145.3975181, -38.0904681]]]}}, {"type": "Feature", "properties": {"level": "primary", "school": "Laa Yulta Primary School", "year_level": "P6", "boundary_year": 2026}, "geometry": {"type": "Polygon", "coordinates": [[[144.5200152, -37.9040334], [144.5891425, -37.8764779], [144.6022395, -37.8805503], [144.6033736, -37.8824561], [144.6036392, -37.8828508], [144.6041885, -37.8831253], [144.6055328, -37.8834025], [144.6068305, -37.8833855], [144.6065574, -37.8843493], [144.6054612, -37.888221], [144.6043298, -37.8918982], [144.6014959, -37.8916137], [144.5826437, -37.9077383], [144.5815183, -37.9082236], [144.5459128, -37.92357], [144.5200152, -37.9040334]]]}}, {"type": "Feature", "properties": {"level": "primary", "school": "Binap Primary School", "year_level": "P6", "boundary_year": 2026}, "geometry": {"type": "Polygon", "coordinates": [[[144.4859385, -37.705039], [144.4946359, -37.6852281], [144.5315867, -37.684116], [144.5495954, -37.6884311], [144.5562627, -37.6890953], [144.5561605, -37.6896443], [144.5559827, -37.6906021], [144.560275, -37.7027563], [144.5572702, -37.7101961], [144.5553807, -37.7113658], [144.5514948, -37.7142533], [144.549669, -37.7152776], [144.5473492, -37.7159139], [144.5443589, -37.716305], [144.540279, -37.7168436], [144.5379893, -37.7141543], [144.5371693, -37.7107562], [144.5342146, -37.7070996], [144.5302217, -37.7072922], [144.5225039, -37.7090847], [144.5149015, -37.7079969], [144.5105107, -37.7086259], [144.5065191, -37.7084426], [144.5016664, -37.708666], [144.4983968, -37.7078593], [144.4968091, -37.7057379], [144.4960361, -37.704705], [144.4936562, -37.7044584], [144.491478, -37.7054649], [144.4896197, -37.7057631], [144.4880637, -37.7053808], [144.486418, -37.7053319], [144.4859385, -37.705039]]]}}, {"type": "Feature", "properties": {"level": "primary", "school": "Wimba Primary School", "year_level": "P6", "boundary_year": 2026}, "geometry": {"type": "Polygon", "coordinates": [[[144.6532685, -37.826157], [144.6266248, -37.7831159], [144.6833451, -37.7957283], [144.6759625, -37.8293957], [144.67393, -37.829088], [144.6570094, -37.8264137], [144.6553704, -37.8262347], [144.654709, -37.8262105], [144.6532685, -37.826157]]]}}, {"type": "Feature", "properties": {"level": "primary", "school": "Warreen Primary School", "year_level": "P6", "boundary_year": 2026}, "geometry": {"type": "Polygon", "coordinates": [[[144.7228875, -37.7844489], [144.6876966, -37.7959287], [144.7040182, -37.8288155], [144.7041583, -37.8288835], [144.7051879, -37.8330567], [144.7093061, -37.8325452], [144.7121192, -37.831813], [144.7144966, -37.830929], [144.7140555, -37.8299576], [144.7141619, -37.8283288], [144.715495, -37.8247961], [144.7159437, -37.8237284], [144.7161496, -37.822272], [144.7200256, -37.8225771], [144.7457172, -37.809989], [144.7228875, -37.7844489]]]}}, {"type": "Feature", "properties": {"level": "primary", "school": "Barayip Primary School", "year_level": "P6", "boundary_year": 2026}, "geometry": {"type": "Polygon", "coordinates": [[[144.6128643, -37.8485935], [144.607779, -37.8453888], [144.5867638, -37.8220978], [144.6188766, -37.779662], [144.6266248, -37.7831159], [144.6532685, -37.826157], [144.654709, -37.8262105], [144.6543678, -37.8283883], [144.6534245, -37.8329938], [144.651853, -37.841371], [144.6512481, -37.8447287], [144.6428993, -37.8436148], [144.6128643, -37.8485935]]]}}, {"type": "Feature", "properties": {"level": "primary", "school": "Wirrigirri Primary School", "year_level": "P6", "boundary_year": 2026}, "geometry": {"type": "Polygon", "coordinates": [[[145.0438724, -37.6013723], [145.0299706, -37.6164614], [145.0292758, -37.620316], [145.0290398, -37.6217099], [145.0420426, -37.6311064], [145.0565563, -37.625344], [145.0615193, -37.611793], [145.0563748, -37.5942838], [145.0438724, -37.6013723]]]}}, {"type": "Feature", "properties": {"level": "primary", "school": "Turrun Primary School", "year_level": "P6", "boundary_year": 2026}, "geometry": {"type": "Polygon", "coordinates": [[[145.3632083, -38.0716176], [145.3404795, -38.0774002], [145.339789, -38.0896231], [145.3622394, -38.0998239], [145.3624035, -38.0998121], [145.3632083, -38.0716176]]]}}, {"type": "Feature", "properties": {"level": "primary", "school": "Mirniyan Primary School", "year_level": "P6", "boundary_year": 2026}, "geometry": {"type": "Polygon", "coordinates": [[[145.339789, -38.0896231], [145.3234263, -38.0952381], [145.3308426, -38.1084263], [145.3498425, -38.1088302], [145.3622394, -38.0998239], [145.339789, -38.0896231]]]}}, {"type": "Feature", "properties": {"level": "primary", "school": "Kuyim Primary School", "year_level": "P6", "boundary_year": 2026}, "geometry": {"type": "Polygon", "coordinates": [[[145.478805, -38.0094952], [145.4269942, -38.0275015], [145.4292127, -38.0551846], [145.4422744, -38.0616531], [145.4483032, -38.0605697], [145.4506228, -38.0607108], [145.4555985, -38.0620047], [145.4740445, -38.0414428], [145.478805, -38.0094952]]]}}, {"type": "Feature", "properties": {"level": "primary", "school": "Kulap Primary School", "year_level": "P6", "boundary_year": 2026}, "geometry": {"type": "Polygon", "coordinates": [[[145.3487282, -38.1346595], [145.3780911, -38.1200282], [145.3812236, -38.1233615], [145.4009422, -38.1295311], [145.3993141, -38.1429761], [145.3932232, -38.1719175], [145.3568212, -38.1671645], [145.3503747, -38.1663217], [145.3451699, -38.1635885], [145.3487282, -38.1346595]]]}}, {"type": "Feature", "properties": {"level": "primary", "school": "Balambalam Primary School", "year_level": "P6", "boundary_year": 2026}, "geometry": {"type": "Polygon", "coordinates": [[[145.3455202, -38.1244329], [145.3498425, -38.1088302], [145.3622394, -38.0998239], [145.3624035, -38.0998121], [145.3637501, -38.1001823], [145.3694154, -38.1107312], [145.3780911, -38.1200282], [145.3487282, -38.1346595], [145.3485401, -38.1344053], [145.3455202, -38.1244329]]]}}, {"type": "Feature", "properties": {"level": "primary", "school": "Kala Primary School", "year_level": "P6", "boundary_year": 2026}, "geometry": {"type": "Polygon", "coordinates": [[[145.2992781, -38.0761434], [145.3274164, -38.0642153], [145.3290461, -38.0675016], [145.3254459, -38.0732171], [145.3133235, -38.0924554], [145.309623, -38.090311], [145.3079888, -38.0837269], [145.3072239, -38.0806442], [145.3003305, -38.0771687], [145.2992781, -38.0761434]]]}}, {"type": "Feature", "properties": {"level": "primary", "school": "Narrarrang Primary School", "year_level": "P6", "boundary_year": 2026}, "geometry": {"type": "Polygon", "coordinates": [[[144.9319416, -37.8199561], [144.9311291, -37.8224457], [144.9307232, -37.8239049], [144.9305606, -37.8251397], [144.9307007, -37.826535], [144.932777, -37.8335048], [144.9294805, -37.8341365], [144.9295302, -37.8349304], [144.9293474, -37.8357643], [144.9288819, -37.8364054], [144.9250171, -37.8387367], [144.9247232, -37.8392097], [144.9230084, -37.8406254], [144.9156251, -37.8409481], [144.9133808, -37.8423012], [144.9145934, -37.8439509], [144.9152061, -37.8447333], [144.9172482, -37.8474795], [144.9124733, -37.8498207], [144.9086189, -37.8447726], [144.9082714, -37.8449115], [144.9077152, -37.8432038], [144.9074492, -37.8433037], [144.9066886, -37.8421013], [144.9063916, -37.842149], [144.9060981, -37.841617], [144.905932, -37.8393124], [144.9049593, -37.8392429], [144.9031682, -37.839544], [144.9047739, -37.8438288], [144.9060788, -37.8473127], [144.9071508, -37.8481918], [144.9072857, -37.8485181], [144.9072344, -37.8492287], [144.9069668, -37.8495129], [144.9031915, -37.8457975], [144.9014928, -37.8438597], [144.9003194, -37.8445159], [144.8982513, -37.8407981], [144.8977253, -37.8398529], [144.8976326, -37.8391526], [144.8970614, -37.83485], [144.8984973, -37.8297238], [144.9023886, -37.8256474], [144.9045488, -37.8237469], [144.9064956, -37.8220344], [144.912641, -37.8200579], [144.918761, -37.8192554], [144.920176, -37.8190697], [144.9280973, -37.8193323], [144.9319416, -37.8199561]]]}}, {"type": "Feature", "properties": {"level": "primary", "school": "Gamadji Primary School", "year_level": "P6", "boundary_year": 2026}, "geometry": {"type": "Polygon", "coordinates": [[[144.8485726, -37.5940539], [144.8926638, -37.5683106], [144.899346, -37.5744451], [144.9012529, -37.581395], [144.8997711, -37.5876676], [144.899902, -37.59173], [144.8770175, -37.6005116], [144.8485726, -37.5940539]]]}}, {"type": "Feature", "properties": {"level": "primary", "school": "Wiyal Primary School", "year_level": "P6", "boundary_year": 2026}, "geometry": {"type": "Polygon", "coordinates": [[[144.6574628, -37.6622894], [144.6968722, -37.6615765], [144.7209824, -37.6897807], [144.7246535, -37.6900446], [144.7255582, -37.6951305], [144.7279017, -37.6978703], [144.72816, -37.6981452], [144.728738, -37.7012779], [144.7270065, -37.7026336], [144.724304, -37.7067931], [144.721702, -37.7074909], [144.7207939, -37.7121957], [144.7182207, -37.7161556], [144.680288, -37.701619], [144.6601685, -37.677432], [144.656562, -37.6647079], [144.6574628, -37.6622894]]]}}, {"type": "Feature", "properties": {"level": "primary", "school": "Umarkoo Primary School", "year_level": "P6", "boundary_year": 2026}, "geometry": {"type": "Polygon", "coordinates": [[[145.0140848, -37.5683168], [145.0515371, -37.5590155], [145.056599, -37.5915831], [145.0563748, -37.5942838], [145.0438724, -37.6013723], [145.0149887, -37.6090387], [145.008384, -37.5989296], [145.0140848, -37.5683168]]]}}, {"type": "Feature", "properties": {"level": "primary", "school": "Muyan Primary School", "year_level": "P6", "boundary_year": 2026}, "geometry": {"type": "Polygon", "coordinates": [[[144.9271506, -37.4417427], [145.0176098, -37.4126114], [145.0329626, -37.463831], [144.9258292, -37.4439457], [144.9271506, -37.4417427]]]}}, {"type": "Feature", "properties": {"level": "primary", "school": "Mindalk Primary School", "year_level": "P6", "boundary_year": 2026}, "geometry": {"type": "Polygon", "coordinates": [[[144.6184822, -37.7781856], [144.6871811, -37.7432268], [144.706355, -37.7456446], [144.7260433, -37.7757327], [144.7256473, -37.7789056], [144.7228875, -37.7844489], [144.6876966, -37.7959287], [144.6833451, -37.7957283], [144.6266248, -37.7831159], [144.6188766, -37.779662], [144.6184822, -37.7781856]]]}}, {"type": "Feature", "properties": {"level": "primary", "school": "Murrum Primary School", "year_level": "P6", "boundary_year": 2026}, "geometry": {"type": "Polygon", "coordinates": [[[144.5831387, -37.736981], [144.5764424, -37.7362896], [144.5654479, -37.7343605], [144.5649444, -37.7320113], [144.5623011, -37.729558], [144.5613866, -37.7256308], [144.5604637, -37.7247427], [144.5578254, -37.7231323], [144.5567756, -37.7215043], [144.5557908, -37.7213839], [144.5549038, -37.7221634], [144.5543712, -37.7226756], [144.5535916, -37.7226727], [144.5523702, -37.7223249], [144.5480763, -37.7202033], [144.544542, -37.7195708], [144.5412933, -37.7180349], [144.540279, -37.7168436], [144.5443589, -37.716305], [144.5473492, -37.7159139], [144.549669, -37.7152776], [144.5514948, -37.7142533], [144.5553807, -37.7113658], [144.5572702, -37.7101961], [144.5771967, -37.7186279], [144.5833475, -37.7213283], [144.5820654, -37.7337533], [144.5831387, -37.736981]]]}}, {"type": "Feature", "properties": {"level": "primary", "school": "Yurran P-9 College", "year_level": "P6", "boundary_year": 2026}, "geometry": {"type": "Polygon", "coordinates": [[[144.7019282, -37.9727132], [144.6976702, -37.9740494], [144.6910213, -37.9761353], [144.6882398, -37.9748911], [144.6877674, -37.9738752], [144.684371, -37.9728198], [144.6783063, -37.9738762], [144.6713489, -37.9724273], [144.6680956, -37.9675614], [144.6674063, -37.9616894], [144.6683565, -37.9595765], [144.6688684, -37.9543933], [144.6640697, -37.9503276], [144.6644638, -37.9476764], [144.6697777, -37.9444433], [144.6701254, -37.9423585], [144.6708461, -37.9410495], [144.6720551, -37.9399206], [144.67204, -37.9389967], [144.671496, -37.9386974], [144.6687821, -37.9397773], [144.6677991, -37.9408771], [144.6678281, -37.9428141], [144.6669587, -37.9437652], [144.6657376, -37.9433745], [144.6650832, -37.9424637], [144.6637995, -37.9391975], [144.6635384, -37.9376696], [144.6634776, -37.9365445], [144.6631993, -37.9356499], [144.6625294, -37.9350372], [144.6611505, -37.9342362], [144.6610778, -37.933707], [144.6613431, -37.9332237], [144.6618721, -37.9327633], [144.6623329, -37.9327421], [144.6628305, -37.9329671], [144.6638302, -37.9323144], [144.6647374, -37.9313634], [144.665624, -37.9308144], [144.6671608, -37.9295302], [144.6677395, -37.9287794], [144.6681598, -37.9273353], [144.6681635, -37.926486], [144.6679706, -37.9258941], [144.6676598, -37.9255608], [144.6669091, -37.9251863], [144.6660442, -37.9250798], [144.6644447, -37.9252689], [144.6632039, -37.9251611], [144.6620865, -37.9247409], [144.6591914, -37.9226809], [144.6574532, -37.919975], [144.6812596, -37.9119355], [144.6902773, -37.9088264], [144.6936889, -37.9076175], [144.7041345, -37.9004623], [144.7070856, -37.8982123], [144.709416, -37.8984861], [144.7109202, -37.8984897], [144.7120584, -37.8978797], [144.7140473, -37.8961943], [144.7149299, -37.8959648], [144.7167465, -37.8961586], [144.7222468, -37.8967439], [144.7219576, -37.8984782], [144.7219452, -37.8989817], [144.7216371, -37.9006647], [144.7214072, -37.9014091], [144.720932, -37.9042701], [144.7229349, -37.904511], [144.7237157, -37.9047052], [144.7235903, -37.9054242], [144.7232218, -37.9075878], [144.7232229, -37.9078403], [144.7225761, -37.9115526], [144.7236789, -37.9190441], [144.7201459, -37.9569965], [144.7165416, -37.9603947], [144.7097241, -37.9668207], [144.7112137, -37.9680546], [144.7081868, -37.9711028], [144.7019282, -37.9727132]]]}}, {"type": "Feature", "properties": {"level": "secondary", "school": "Wallan Secondary College", "year_level": "7", "boundary_year": "2026"}, "geometry": {"type": "Polygon", "coordinates": [[[144.7645604, -37.2681251], [144.7539964, -37.2662566], [144.747631, -37.2789921], [144.752133, -37.3094304], [144.766246, -37.4046779], [144.8310982, -37.471578], [144.9257489, -37.4636954], [144.9275597, -37.4639219], [144.9397128, -37.4654641], [144.9412568, -37.4657569], [144.9716889, -37.468939], [144.9954126, -37.4712955], [145.0416516, -37.4750663], [145.1872405, -37.3420476], [144.7645604, -37.2681251]]]}}, {"type": "Feature", "properties": {"level": "secondary", "school": "Pakenham Secondary College", "year_level": "7", "boundary_year": "2026"}, "geometry": {"type": "Polygon", "coordinates": [[[145.7000731, -37.983927], [145.4481961, -37.997518], [145.4367363, -38.0176611], [145.4384468, -38.0389366], [145.489775, -38.1322731], [145.6593979, -38.1116701], [145.7000731, -37.983927]]]}}, {"type": "Feature", "properties": {"level": "secondary", "school": "Bellarine Secondary College", "year_level": "7", "boundary_year": "2026"}, "geometry": {"type": "Polygon", "coordinates": [[[144.4432286, -38.2826909], [144.4427574, -38.2847924], [144.476383, -38.2896218], [144.4995431, -38.2914655], [144.5035766, -38.2895299], [144.5001817, -38.2879447], [144.5020505, -38.2844615], [144.5080053, -38.2769219], [144.5334191, -38.2719156], [144.5695474, -38.2782883], [144.5781357, -38.2803997], [144.5945477, -38.2863691], [144.6144562, -38.2932394], [144.6171432, -38.2875905], [144.6157387, -38.2856668], [144.6156473, -38.2834989], [144.6186702, -38.278308], [144.6239525, -38.275224], [144.6392732, -38.2726743], [144.6451968, -38.2722317], [144.6502167, -38.2725571], [144.6542502, -38.2736361], [144.6580366, -38.2742316], [144.660317, -38.2745281], [144.6623406, -38.2720098], [144.6640533, -38.2702236], [144.66592, -38.2685597], [144.6673177, -38.2679942], [144.6693853, -38.2673072], [144.6725907, -38.2664204], [144.6739367, -38.2656504], [144.6732181, -38.2645899], [144.6726547, -38.2635298], [144.6750388, -38.2615013], [144.6780932, -38.2597999], [144.6820608, -38.2589767], [144.6846779, -38.2562163], [144.6860212, -38.2529034], [144.6891512, -38.2511781], [144.6937345, -38.2504187], [144.6976551, -38.2489339], [144.6999315, -38.2469916], [144.7015888, -38.2456111], [144.702576, -38.2440669], [144.7009874, -38.2413756], [144.699387, -38.2411682], [144.696604, -38.2402253], [144.6938621, -38.2414805], [144.6890586, -38.2424049], [144.6880467, -38.2443283], [144.6882505, -38.2465675], [144.6856693, -38.2477372], [144.6829983, -38.2472697], [144.679426, -38.2494682], [144.678907, -38.2491018], [144.6791511, -38.2473919], [144.6805261, -38.2442337], [144.6811633, -38.2420178], [144.6818649, -38.2405198], [144.6810442, -38.2382621], [144.6793776, -38.2369649], [144.6776297, -38.2377149], [144.6734658, -38.2412934], [144.6717009, -38.2436056], [144.6673648, -38.2476971], [144.6659908, -38.2497277], [144.663884, -38.2503945], [144.6622734, -38.252812], [144.6633531, -38.2549944], [144.6663396, -38.2561468], [144.6620951, -38.2587733], [144.6618799, -38.2626543], [144.656459, -38.2641137], [144.652707, -38.2662765], [144.6468758, -38.266429], [144.6427497, -38.2691193], [144.6381309, -38.2692021], [144.6373801, -38.265743], [144.6250747, -38.2564607], [144.627863, -38.2533174], [144.6296372, -38.2526238], [144.6340825, -38.2478499], [144.6406529, -38.2395268], [144.6435175, -38.2382315], [144.6452456, -38.2360945], [144.6454715, -38.2346896], [144.6482808, -38.2325521], [144.6503572, -38.2306285], [144.657197, -38.2233612], [144.6629678, -38.2171628], [144.6654105, -38.2118497], [144.666754, -38.2103535], [144.6740212, -38.2073611], [144.6770179, -38.2039891], [144.6933386, -38.1949815], [144.6970368, -38.1973406], [144.6961284, -38.1989947], [144.6981435, -38.20043], [144.7002503, -38.2004604], [144.7032121, -38.2019871], [144.7013496, -38.2059871], [144.701475, -38.2088859], [144.6995787, -38.2120941], [144.69851, -38.2135597], [144.6937456, -38.2171316], [144.694174, -38.2180788], [144.6953954, -38.2200636], [144.6973496, -38.220094], [144.6965862, -38.2215597], [144.6956702, -38.2223231], [144.6960062, -38.2232697], [144.6970442, -38.2237888], [144.6986931, -38.2229033], [144.7007696, -38.220888], [144.7011718, -38.2195024], [144.7039453, -38.2153918], [144.7069374, -38.2116971], [144.70822, -38.2047658], [144.7173997, -38.1774889], [144.7204794, -38.1737733], [144.7181315, -38.1634001], [144.7174717, -38.1541396], [144.7208919, -38.1463229], [144.7161634, -38.1434971], [144.7120978, -38.1365518], [144.7069344, -38.130039], [144.706155, -38.1295777], [144.6979475, -38.1256772], [144.6922219, -38.1199953], [144.6860088, -38.1176469], [144.6662252, -38.1120697], [144.6615939, -38.1114526], [144.6496349, -38.1124856], [144.6382657, -38.1080937], [144.6339601, -38.1072082], [144.6299601, -38.1077884], [144.6146775, -38.1170098], [144.608983, -38.1218801], [144.5979602, -38.127361], [144.5950212, -38.1285709], [144.5843722, -38.1350098], [144.5684724, -38.1474583], [144.5617896, -38.1522727], [144.5521188, -38.1538873], [144.5433339, -38.1562007], [144.5236704, -38.1585603], [144.5226601, -38.1596881], [144.4580225, -38.2262214], [144.4432286, -38.2826909]]]}}, {"type": "Feature", "properties": {"level": "secondary", "school": "Bacchus Marsh College", "year_level": "7", "boundary_year": "2026"}, "geometry": {"type": "Polygon", "coordinates": [[[144.1566785, -37.6382619], [144.1292315, -37.7623997], [144.1304547, -37.7623347], [144.1370674, -37.7629088], [144.143124, -37.7644957], [144.1434198, -37.7650104], [144.1446561, -37.769712], [144.1445044, -37.7707849], [144.14503, -37.7720924], [144.147983, -37.7750727], [144.1495587, -37.7756497], [144.1633893, -37.7803386], [144.1644393, -37.7803451], [144.1644429, -37.7813399], [144.1829443, -37.7918718], [144.184551, -37.7894418], [144.1968433, -37.7900509], [144.1969823, -37.7902122], [144.1975388, -37.7933904], [144.1990381, -37.7954043], [144.1995174, -37.7979412], [144.2000258, -37.7987357], [144.1991663, -37.8020449], [144.1991396, -37.8020861], [144.1989766, -37.8031267], [144.197665, -37.8058886], [144.1976479, -37.8063397], [144.1974907, -37.8067074], [144.1957942, -37.8087115], [144.1973616, -37.8117981], [144.1979902, -37.8140864], [144.1978642, -37.8142066], [144.1979621, -37.8166374], [144.2005848, -37.8180189], [144.2006189, -37.8190806], [144.2027334, -37.8209698], [144.2054, -37.8206666], [144.2059198, -37.8200682], [144.2067246, -37.8183903], [144.2063671, -37.8166444], [144.2063169, -37.8164278], [144.206881, -37.8161442], [144.2082306, -37.8149205], [144.2094399, -37.809223], [144.2123383, -37.8078861], [144.2126959, -37.8083561], [144.2141626, -37.8101517], [144.2197856, -37.8118849], [144.2187098, -37.8150875], [144.2190352, -37.8152535], [144.2286884, -37.8189084], [144.231, -37.8220309], [144.2310054, -37.8220623], [144.2349088, -37.8240283], [144.2396102, -37.8257385], [144.2408271, -37.8275123], [144.2422493, -37.8295351], [144.2426766, -37.8315857], [144.2439032, -37.8348777], [144.2440796, -37.8367996], [144.2448109, -37.8397733], [144.2451221, -37.8403537], [144.2451785, -37.8408487], [144.2449968, -37.8433381], [144.2452696, -37.8446921], [144.244846, -37.8481962], [144.2450008, -37.8490802], [144.2590383, -37.8511833], [144.2581229, -37.8451255], [144.3915677, -37.8506548], [144.472099, -37.8051924], [144.5011881, -37.6957945], [144.4961791, -37.5853213], [144.5050224, -37.5858323], [144.5301334, -37.5857396], [144.5302934, -37.5838697], [144.5303254, -37.5834743], [144.530383, -37.5827366], [144.5358915, -37.5762594], [144.536626, -37.576118], [144.5403651, -37.5747429], [144.5419174, -37.5722626], [144.5306574, -37.5620105], [144.5305921, -37.5619761], [144.5299122, -37.5602766], [144.5244174, -37.5522188], [144.5153003, -37.5544032], [144.5095536, -37.55304], [144.5089993, -37.5526528], [144.5063323, -37.5485105], [144.5019424, -37.5445426], [144.4836523, -37.5499151], [144.4823011, -37.551241], [144.4731524, -37.5471901], [144.4705458, -37.5470631], [144.4679444, -37.5461884], [144.4613965, -37.5469387], [144.4544479, -37.5459899], [144.4535247, -37.5433976], [144.4481697, -37.5413942], [144.4457322, -37.5393284], [144.4426275, -37.5375821], [144.4413433, -37.5373958], [144.4387589, -37.5341703], [144.4374686, -37.5304265], [144.4427246, -37.5222076], [144.4363983, -37.5249012], [144.4291343, -37.5262958], [144.4251757, -37.5258254], [144.4241386, -37.5270891], [144.4238339, -37.5290846], [144.4143333, -37.533553], [144.4136979, -37.5342463], [144.4111676, -37.5421044], [144.4107843, -37.5424999], [144.4105087, -37.5440628], [144.4106269, -37.5454446], [144.404673, -37.5481484], [144.4010999, -37.5489029], [144.3961936, -37.551895], [144.3926155, -37.5568836], [144.3900726, -37.5570813], [144.3790915, -37.5556345], [144.3761944, -37.5521277], [144.3749388, -37.550263], [144.3821067, -37.5431598], [144.3712026, -37.5303692], [144.3705634, -37.529953], [144.3700819, -37.5294884], [144.3673382, -37.52919], [144.3655811, -37.5286463], [144.3660483, -37.5256632], [144.36935, -37.5195334], [144.3671776, -37.5157354], [144.3659159, -37.5149923], [144.3628421, -37.5164846], [144.3613871, -37.5166129], [144.357326, -37.5154089], [144.3532401, -37.5119112], [144.3530809, -37.511876], [144.3527712, -37.5116967], [144.3523356, -37.5112071], [144.3472988, -37.5079725], [144.3464594, -37.5077084], [144.3452158, -37.5068754], [144.3460634, -37.5047244], [144.3457657, -37.502926], [144.3447892, -37.4985132], [144.3446674, -37.4981997], [144.3433754, -37.4972059], [144.342481, -37.4956078], [144.3407149, -37.4941275], [144.3422734, -37.4912533], [144.3429855, -37.4906283], [144.3418597, -37.4877086], [144.3416621, -37.4871427], [144.3411751, -37.4848962], [144.3359817, -37.4825136], [144.3353898, -37.4833122], [144.334664, -37.4851105], [144.3348103, -37.4858358], [144.3348287, -37.4860684], [144.3348767, -37.4872771], [144.3327203, -37.4893321], [144.3315933, -37.4894098], [144.32961, -37.4918227], [144.3244698, -37.4914485], [144.3222128, -37.4897515], [144.3206651, -37.4895553], [144.3186446, -37.4906676], [144.3163615, -37.4912548], [144.3144149, -37.4924339], [144.3145152, -37.495822], [144.3144866, -37.4958759], [144.3077395, -37.4991612], [144.3076619, -37.4992591], [144.3065851, -37.4993934], [144.3050568, -37.5002802], [144.3018069, -37.5004243], [144.301085, -37.5008446], [144.298835, -37.5028238], [144.2986738, -37.5034897], [144.2980192, -37.5041869], [144.2985874, -37.509525], [144.2966609, -37.5104039], [144.2959706, -37.5106567], [144.2920056, -37.506571], [144.2905871, -37.5067986], [144.2888418, -37.5090744], [144.289087, -37.5102123], [144.2874585, -37.5117272], [144.2880035, -37.5148746], [144.2872365, -37.5160937], [144.2804964, -37.5140374], [144.2788405, -37.5155486], [144.2784586, -37.5177693], [144.275307, -37.5203565], [144.2749956, -37.520478], [144.2717053, -37.5194585], [144.2691196, -37.5196519], [144.2655878, -37.5190148], [144.2653433, -37.5189204], [144.2642544, -37.5198095], [144.2622708, -37.5212111], [144.2621677, -37.5227387], [144.2615773, -37.5252989], [144.2633528, -37.5263199], [144.2636583, -37.5303724], [144.2617394, -37.5313058], [144.2597642, -37.5313694], [144.2580376, -37.5319317], [144.2579063, -37.5319264], [144.2548562, -37.5306243], [144.2521563, -37.5310886], [144.2514408, -37.5309067], [144.2494999, -37.5310341], [144.2462397, -37.5291329], [144.2434726, -37.5321513], [144.2438224, -37.5341758], [144.2443978, -37.5346823], [144.2446051, -37.5361289], [144.2421749, -37.544229], [144.2420357, -37.5442327], [144.2384032, -37.542409], [144.2357634, -37.5397898], [144.2347354, -37.5390525], [144.2266623, -37.5409143], [144.2264648, -37.5367834], [144.222605, -37.5345451], [144.2213256, -37.5347414], [144.219952, -37.5344801], [144.2174185, -37.5345842], [144.2171626, -37.5345105], [144.2113534, -37.5356681], [144.2104387, -37.5389747], [144.210873, -37.5401688], [144.2105224, -37.5426671], [144.2107286, -37.5430804], [144.2107116, -37.5463414], [144.2106991, -37.5474127], [144.2131187, -37.5500564], [144.2123003, -37.5532355], [144.2086991, -37.5534109], [144.2084102, -37.5536324], [144.2039204, -37.5536171], [144.1999777, -37.5564564], [144.19875, -37.5581097], [144.1988803, -37.5584433], [144.2017627, -37.5617263], [144.1905487, -37.5657799], [144.1901991, -37.5674769], [144.183124, -37.5667007], [144.1566785, -37.6382619]]]}}, {"type": "Feature", "properties": {"level": "secondary", "school": "Kyneton Secondary College", "year_level": "7", "boundary_year": "2026"}, "geometry": {"type": "Polygon", "coordinates": [[[144.7645604, -37.2681251], [144.7635083, -37.2662938], [144.7628849, -37.2616453], [144.7672459, -37.2579717], [144.7730333, -37.257872], [144.7760086, -37.2532032], [144.7755645, -37.250906], [144.7738314, -37.2502901], [144.7705924, -37.2511031], [144.766732, -37.2505343], [144.765724, -37.2494696], [144.7647446, -37.2493847], [144.763828, -37.2487558], [144.7637446, -37.2424862], [144.761471, -37.2425382], [144.7606785, -37.242609], [144.7605929, -37.2425132], [144.7571004, -37.2405812], [144.7544239, -37.2379831], [144.7542127, -37.2370057], [144.7531656, -37.2356095], [144.7528113, -37.2353691], [144.7470945, -37.2350939], [144.7467308, -37.2343469], [144.7464705, -37.2305705], [144.748113, -37.2266944], [144.7481, -37.2265447], [144.7483334, -37.2258811], [144.7444065, -37.2223823], [144.744415, -37.2191472], [144.7464631, -37.2169581], [144.7473583, -37.2167517], [144.7494994, -37.2146961], [144.7494942, -37.2135201], [144.749492, -37.2134706], [144.7513569, -37.2114052], [144.7512631, -37.208032], [144.7503267, -37.2067369], [144.7504321, -37.2058339], [144.7509208, -37.2052142], [144.7507027, -37.2033934], [144.7580011, -37.1908774], [144.7567187, -37.1899899], [144.7566207, -37.1896986], [144.7565586, -37.1872283], [144.7571651, -37.183551], [144.7576873, -37.1822144], [144.7591553, -37.1806657], [144.7609145, -37.1775016], [144.7616219, -37.1767495], [144.7622241, -37.1754153], [144.7622772, -37.1753108], [144.7586237, -37.1686562], [144.7625002, -37.1666211], [144.7626343, -37.1666276], [144.7657886, -37.1650883], [144.7661528, -37.1641833], [144.760782, -37.1612501], [144.7580313, -37.1586878], [144.7541774, -37.1578842], [144.7540822, -37.1577498], [144.7540221, -37.1575496], [144.7532489, -37.156398], [144.7530222, -37.1554828], [144.7509871, -37.1521686], [144.750652, -37.14797], [144.752751, -37.1433062], [144.7556049, -37.1400821], [144.7554281, -37.139723], [144.755159, -37.1393974], [144.7540776, -37.1372187], [144.7532398, -37.1362553], [144.7528524, -37.1359797], [144.7524656, -37.1358166], [144.7489586, -37.1332749], [144.7468716, -37.1292604], [144.7481583, -37.1271588], [144.7523938, -37.1274497], [144.7532065, -37.1264356], [144.7485873, -37.1182981], [144.74871, -37.1169089], [144.7479086, -37.1158744], [144.7462708, -37.1149847], [144.7387627, -37.1127148], [144.7344157, -37.110772], [144.7338216, -37.1101667], [144.7333504, -37.1081373], [144.7295419, -37.1042453], [144.7284958, -37.100384], [144.7283852, -37.0954091], [144.7285119, -37.0948976], [144.7285382, -37.094719], [144.7299131, -37.0928412], [144.7343186, -37.0901746], [144.7360471, -37.0897207], [144.7375472, -37.088558], [144.7514524, -37.0882057], [144.7515323, -37.0879229], [144.7514473, -37.0871025], [144.753112, -37.0836626], [144.7560347, -37.0817563], [144.7575938, -37.0793152], [144.7565791, -37.0779219], [144.756073, -37.0764365], [144.7564052, -37.0753368], [144.7555799, -37.0723836], [144.7629111, -37.0671391], [144.7567797, -37.0573629], [144.7558644, -37.0569628], [144.754253, -37.0569487], [144.746562, -37.0585834], [144.7449828, -37.05869], [144.7409544, -37.0558525], [144.7429664, -37.0384092], [144.7439998, -37.0359827], [144.7440515, -37.0356494], [144.7428304, -37.0347049], [144.7421887, -37.0312906], [144.7365228, -37.0262673], [144.7330998, -37.0257064], [144.7325017, -37.0255067], [144.7321102, -37.0251978], [144.7312884, -37.0239864], [144.7300904, -37.0232835], [144.724132, -37.0233536], [144.723073, -37.0224896], [144.7216956, -37.0226865], [144.7191195, -37.0192972], [144.7118834, -37.0211769], [144.7127813, -37.0152789], [144.7114519, -37.012223], [144.7115851, -37.0106203], [144.7107042, -37.0090995], [144.706427, -37.0053453], [144.7063155, -37.0051601], [144.7035302, -37.0024073], [144.7071891, -36.9993937], [144.7093694, -36.9960303], [144.7166747, -36.9957542], [144.7198592, -36.9935843], [144.7259615, -36.9943789], [144.7269178, -36.9943632], [144.7359863, -36.9984024], [144.7386675, -36.9954262], [144.7385352, -36.9861098], [144.7370627, -36.9853496], [144.7352348, -36.9847227], [144.729162, -36.9853154], [144.7267828, -36.9840475], [144.7244419, -36.9846027], [144.7239521, -36.9842554], [144.7219809, -36.9841535], [144.7202325, -36.9823984], [144.7187198, -36.9817332], [144.7165094, -36.9819073], [144.7163681, -36.9815544], [144.71275, -36.9787763], [144.7043217, -36.9747092], [144.7011603, -36.9765796], [144.6996211, -36.9769629], [144.695046, -36.9741494], [144.6947981, -36.9737973], [144.6947064, -36.9737053], [144.6937146, -36.969786], [144.6952266, -36.9635047], [144.6924566, -36.9633678], [144.690018, -36.961786], [144.6878622, -36.9614307], [144.6865723, -36.9604685], [144.6863389, -36.9603669], [144.6851162, -36.9600618], [144.6839198, -36.9601487], [144.6821174, -36.9558333], [144.6794912, -36.954906], [144.6782864, -36.9537961], [144.683057, -36.9518676], [144.6849612, -36.9524584], [144.685334, -36.952417], [144.6877562, -36.9505066], [144.687803, -36.9503535], [144.6876026, -36.9487714], [144.6874792, -36.9484763], [144.6863816, -36.9475019], [144.6869704, -36.9463779], [144.6871754, -36.9459097], [144.5920848, -36.9667999], [144.5214543, -36.9553751], [144.5169691, -36.9557768], [144.5171276, -36.9568247], [144.5175323, -36.9574438], [144.5153967, -36.9662644], [144.5128693, -36.9692676], [144.5102687, -36.9688426], [144.5084732, -36.9678895], [144.5073043, -36.9679912], [144.5035164, -36.9674202], [144.4999228, -36.9656243], [144.4970413, -36.9614791], [144.4970158, -36.9597278], [144.4968288, -36.9592639], [144.4967131, -36.9589244], [144.4964702, -36.9581502], [144.495997, -36.9578724], [144.494328, -36.9556888], [144.490411, -36.9550193], [144.4761613, -36.9612894], [144.4764326, -36.9633438], [144.476414, -36.9635924], [144.4764687, -36.9639639], [144.4827731, -36.9651966], [144.4833216, -36.9653106], [144.487917, -36.9663815], [144.4916454, -36.9688309], [144.4935018, -36.9729322], [144.4940482, -36.9735131], [144.4942087, -36.9735498], [144.4990707, -36.9770205], [144.4996142, -36.9781178], [144.4996129, -36.9793488], [144.498414, -36.980245], [144.4980521, -36.9807454], [144.4988988, -36.9881824], [144.4986688, -36.9884626], [144.4937372, -36.9905992], [144.4955249, -36.9941632], [144.4964751, -36.9948843], [144.4975595, -36.9969313], [144.4894153, -37.0075717], [144.4890276, -37.007724], [144.4884557, -37.0076955], [144.4877349, -37.0072949], [144.483444, -37.0058594], [144.4818038, -37.0056208], [144.4813274, -37.0056339], [144.4750488, -37.0079596], [144.4656505, -37.0137748], [144.4660932, -37.0163786], [144.4650631, -37.0186964], [144.4555836, -37.0272833], [144.4546116, -37.0335255], [144.4550323, -37.0346016], [144.455884, -37.0360925], [144.4562091, -37.0387446], [144.4560122, -37.0417565], [144.4559561, -37.0426738], [144.4559279, -37.0433153], [144.4549847, -37.044898], [144.4535113, -37.0492036], [144.4529973, -37.0537613], [144.4534083, -37.0580631], [144.44578, -37.061437], [144.4429297, -37.0638778], [144.4376329, -37.0704334], [144.4356873, -37.0742302], [144.4356721, -37.0742833], [144.4328566, -37.0767419], [144.4319904, -37.0808673], [144.432225, -37.0815298], [144.4319708, -37.0837645], [144.4301955, -37.0880467], [144.4275964, -37.0910786], [144.4240008, -37.0930457], [144.4232589, -37.0931329], [144.4205468, -37.0918842], [144.4202315, -37.0918088], [144.4184252, -37.090131], [144.4167214, -37.0894457], [144.4086169, -37.0909251], [144.4041781, -37.0937958], [144.4031945, -37.0938055], [144.3988338, -37.0944197], [144.3979477, -37.0946442], [144.3926361, -37.1013322], [144.3916357, -37.1024651], [144.3885261, -37.1018419], [144.3782506, -37.1084234], [144.3747651, -37.1109871], [144.3744868, -37.1111668], [144.3749199, -37.1151613], [144.3744905, -37.1160739], [144.373705, -37.1196305], [144.3735495, -37.1199001], [144.3758174, -37.1216694], [144.3767185, -37.1229475], [144.3700172, -37.1313142], [144.3688424, -37.1305789], [144.3621422, -37.130033], [144.3604315, -37.1306843], [144.3606847, -37.1345592], [144.3601841, -37.1349412], [144.3586007, -37.1375789], [144.3576503, -37.1389608], [144.3573844, -37.138971], [144.3562994, -37.1388083], [144.3557165, -37.13865], [144.354272, -37.1369424], [144.3535417, -37.1354543], [144.3524612, -37.1353304], [144.3520132, -37.1353108], [144.3514109, -37.1353292], [144.3510434, -37.1373649], [144.35093, -37.1375958], [144.3506777, -37.1376377], [144.3502956, -37.1376942], [144.348741, -37.1374351], [144.3485203, -37.1383766], [144.347767, -37.1387878], [144.3470271, -37.1386683], [144.3466731, -37.1391478], [144.3448862, -37.1393173], [144.3454722, -37.1405741], [144.3452587, -37.1407712], [144.3449513, -37.143255], [144.3441745, -37.1430273], [144.341777, -37.1436079], [144.3414216, -37.143588], [144.3398959, -37.1420438], [144.3392551, -37.1419411], [144.3382356, -37.1436017], [144.3390219, -37.1448508], [144.339344, -37.1452031], [144.3399497, -37.1453472], [144.3405828, -37.1461861], [144.3397279, -37.148336], [144.3385779, -37.1481385], [144.3368993, -37.148142], [144.336698, -37.1479858], [144.3360262, -37.1475594], [144.3344799, -37.1476067], [144.3332837, -37.1492158], [144.3310789, -37.1479759], [144.3302935, -37.1496116], [144.3310757, -37.1509256], [144.3278477, -37.1523403], [144.3262537, -37.152161], [144.3257106, -37.1518542], [144.3222244, -37.1551662], [144.3225975, -37.1556414], [144.3214344, -37.1576643], [144.3234672, -37.1588845], [144.3230352, -37.1606267], [144.3187151, -37.1615581], [144.3181703, -37.1631772], [144.3162524, -37.164729], [144.3154391, -37.1672739], [144.3116816, -37.1687005], [144.3115238, -37.168969], [144.3077442, -37.1717328], [144.3147044, -37.1787141], [144.3139024, -37.1794493], [144.3137008, -37.1799619], [144.3102902, -37.1839435], [144.3093727, -37.186523], [144.3071827, -37.1887847], [144.306947, -37.1889196], [144.3027801, -37.1870929], [144.3019249, -37.1862731], [144.2988346, -37.1851032], [144.2940467, -37.1856904], [144.2932138, -37.1851321], [144.2871208, -37.1868756], [144.2820705, -37.1857348], [144.2812013, -37.1841284], [144.2771464, -37.1828473], [144.2715967, -37.190399], [144.2714899, -37.1911805], [144.2720588, -37.1919059], [144.2613022, -37.1990658], [144.2623526, -37.2006699], [144.2629438, -37.202094], [144.2563586, -37.205673], [144.2559234, -37.2062805], [144.2554829, -37.2086796], [144.2509958, -37.2126185], [144.2550826, -37.2142509], [144.2562979, -37.216254], [144.2568233, -37.2164482], [144.2581615, -37.2168521], [144.2590157, -37.2168539], [144.2603613, -37.2175392], [144.2622406, -37.2174652], [144.2644699, -37.2157747], [144.2666974, -37.2162905], [144.2681259, -37.2167931], [144.2686313, -37.2190798], [144.2686596, -37.2205689], [144.2687758, -37.2207931], [144.264637, -37.2218175], [144.2630599, -37.2245384], [144.2620832, -37.2244945], [144.2613716, -37.2243143], [144.258517, -37.2256106], [144.2585661, -37.2270249], [144.2571318, -37.2290752], [144.2570747, -37.2306654], [144.256651, -37.2311207], [144.2563688, -37.2354366], [144.2564741, -37.2357355], [144.2572397, -37.2364945], [144.2628791, -37.236572], [144.264887, -37.2368906], [144.2652122, -37.2371803], [144.2709062, -37.2353516], [144.2756425, -37.2384048], [144.2797128, -37.2389748], [144.2802307, -37.2396339], [144.2801611, -37.241171], [144.2784102, -37.2422636], [144.2750938, -37.2466629], [144.2786567, -37.2500442], [144.278529, -37.2517413], [144.2776793, -37.2527897], [144.2774313, -37.2557558], [144.2787934, -37.2588182], [144.2805569, -37.2607268], [144.2812211, -37.2618798], [144.2811609, -37.2631356], [144.2826337, -37.2637049], [144.2911055, -37.2627943], [144.2973746, -37.2660838], [144.2972901, -37.266223], [144.2970609, -37.267596], [144.2974968, -37.2698389], [144.2972901, -37.2704695], [144.3016898, -37.272469], [144.3017736, -37.2724504], [144.3058595, -37.2740134], [144.3068411, -37.2734813], [144.3074306, -37.2735001], [144.3101553, -37.2709933], [144.3131999, -37.2714895], [144.3137058, -37.2721503], [144.3155101, -37.2731457], [144.3176292, -37.2731535], [144.3188025, -37.27598], [144.3185887, -37.2784309], [144.3166715, -37.2794365], [144.3164489, -37.2796289], [144.3163396, -37.2809872], [144.3146352, -37.2831476], [144.3146182, -37.2841701], [144.3145339, -37.2842482], [144.3139303, -37.2869077], [144.3112931, -37.2879171], [144.3109546, -37.2879242], [144.3111436, -37.2905964], [144.311821, -37.2909031], [144.3113015, -37.2924763], [144.3112803, -37.2928466], [144.312093, -37.2941283], [144.3133432, -37.2938463], [144.3144003, -37.2941884], [144.3146939, -37.2942775], [144.3157211, -37.294717], [144.3161365, -37.2951823], [144.3127754, -37.2977784], [144.3096506, -37.2988777], [144.3089128, -37.3010102], [144.3093758, -37.3043185], [144.3105703, -37.3045678], [144.3131195, -37.3057639], [144.3146764, -37.3073752], [144.3138788, -37.3123884], [144.3139656, -37.3125185], [144.3148047, -37.3166852], [144.3161623, -37.3182843], [144.3160881, -37.318366], [144.3156857, -37.3194434], [144.3156653, -37.3212185], [144.3161379, -37.323137], [144.3146295, -37.3256149], [144.3157201, -37.3265367], [144.3162285, -37.3275913], [144.3146743, -37.3306309], [144.3148829, -37.3324318], [144.3145217, -37.3332813], [144.3144293, -37.3339252], [144.3140419, -37.3344494], [144.3140335, -37.3344889], [144.3141862, -37.3359515], [144.3142407, -37.3360572], [144.3233682, -37.337016], [144.3236455, -37.3386981], [144.3260096, -37.3402914], [144.326875, -37.3418273], [144.3277592, -37.3417882], [144.3339579, -37.3386031], [144.334076, -37.3386505], [144.3344136, -37.3392607], [144.3347638, -37.340263], [144.3350576, -37.342287], [144.3336484, -37.3444022], [144.3317772, -37.3469322], [144.3317712, -37.3476206], [144.3347859, -37.3493461], [144.3360316, -37.3491276], [144.3383766, -37.3493327], [144.3406341, -37.3508104], [144.3433215, -37.3602218], [144.3428986, -37.3609577], [144.3420147, -37.3614906], [144.3409908, -37.3614535], [144.3393512, -37.3618843], [144.3367341, -37.3636999], [144.3323687, -37.3698062], [144.3337308, -37.3722335], [144.3334377, -37.3743719], [144.3364356, -37.3775942], [144.3368358, -37.3778227], [144.33511, -37.3797685], [144.3325838, -37.3810675], [144.3281527, -37.3824593], [144.3291602, -37.3842311], [144.3292485, -37.3844408], [144.3290815, -37.3850842], [144.3299303, -37.3880763], [144.3302536, -37.3886864], [144.3320348, -37.3889089], [144.3324956, -37.3892991], [144.3322765, -37.3904701], [144.3323424, -37.3911925], [144.3325566, -37.391765], [144.3356076, -37.3925914], [144.335703, -37.3926945], [144.3345707, -37.3949204], [144.3343912, -37.3951825], [144.3344735, -37.3957236], [144.3363887, -37.3973123], [144.3362823, -37.3975848], [144.3370797, -37.3990194], [144.3370439, -37.3991202], [144.3352354, -37.4004311], [144.3365303, -37.4007736], [144.3378565, -37.4023094], [144.3344355, -37.4026227], [144.334173, -37.403719], [144.3342757, -37.4048811], [144.3364191, -37.4061303], [144.3378808, -37.4062456], [144.33708, -37.4101198], [144.3361632, -37.4111015], [144.3399756, -37.4128204], [144.3398409, -37.4153349], [144.3400524, -37.4156892], [144.3400346, -37.4164488], [144.3408719, -37.4178754], [144.3434408, -37.4192089], [144.3434779, -37.4223704], [144.345364, -37.4245623], [144.3453694, -37.4246057], [144.347001, -37.4256526], [144.3478621, -37.4272299], [144.3483869, -37.4276978], [144.3507437, -37.4291875], [144.3521301, -37.4293167], [144.3526158, -37.4297205], [144.3584031, -37.427815], [144.3585549, -37.4276247], [144.3597701, -37.4279531], [144.3623278, -37.4305811], [144.3621585, -37.4311173], [144.3608238, -37.4316428], [144.3607985, -37.4338449], [144.3615045, -37.4341479], [144.360442, -37.4374043], [144.3581327, -37.4383886], [144.3572135, -37.4389947], [144.357696, -37.4412781], [144.3586315, -37.4426373], [144.3620102, -37.4445661], [144.367192, -37.4452875], [144.3675558, -37.4466673], [144.3689015, -37.4492957], [144.3690306, -37.4533345], [144.3680758, -37.4553562], [144.3663915, -37.4556374], [144.3615058, -37.4555177], [144.3602591, -37.4581883], [144.3573839, -37.4598346], [144.3597463, -37.4620064], [144.3598345, -37.4629287], [144.360619, -37.4637737], [144.3607629, -37.4638355], [144.3634726, -37.466277], [144.3637027, -37.4667549], [144.3635436, -37.4669938], [144.3584991, -37.4698143], [144.3595646, -37.4745844], [144.3598745, -37.4749518], [144.3572307, -37.4776391], [144.3570445, -37.4785656], [144.3583002, -37.4818264], [144.359601, -37.4827245], [144.3595417, -37.4837191], [144.3562087, -37.4864307], [144.3533951, -37.4866858], [144.3519256, -37.4863589], [144.352334, -37.488868], [144.3526864, -37.4927763], [144.355175, -37.4926962], [144.3565652, -37.4926819], [144.3567194, -37.4926234], [144.3572956, -37.4924129], [144.3592056, -37.4924276], [144.3612808, -37.4916466], [144.3618303, -37.4897563], [144.3641096, -37.4875623], [144.3669695, -37.4865926], [144.3703498, -37.4887678], [144.3734742, -37.489334], [144.3757934, -37.4848369], [144.3749818, -37.4827535], [144.3749795, -37.4824555], [144.3750817, -37.4819884], [144.3766135, -37.4797037], [144.37677, -37.4784098], [144.3772083, -37.4777884], [144.3776142, -37.4754485], [144.3775349, -37.4751919], [144.3763388, -37.47421], [144.3749123, -37.4711414], [144.3757175, -37.468215], [144.3761748, -37.4677452], [144.3804595, -37.4662572], [144.3807705, -37.4656767], [144.3808347, -37.4651713], [144.3759264, -37.4623642], [144.3754721, -37.4617679], [144.377541, -37.4594349], [144.3775633, -37.4577967], [144.3783554, -37.4571466], [144.3817449, -37.4580554], [144.3845006, -37.4583642], [144.3858983, -37.4581761], [144.3860491, -37.4581066], [144.3867306, -37.4566114], [144.384232, -37.4542601], [144.3851515, -37.4507332], [144.387902, -37.4499605], [144.3884628, -37.44954], [144.3890496, -37.4479669], [144.3885961, -37.4473086], [144.389375, -37.444474], [144.3912428, -37.443695], [144.3917557, -37.4425631], [144.3908254, -37.4417473], [144.3907883, -37.4404576], [144.3915556, -37.4393512], [144.3927073, -37.4390651], [144.3924773, -37.4364532], [144.3943343, -37.4352914], [144.3942303, -37.4331488], [144.3946891, -37.4327195], [144.3946572, -37.4310655], [144.3939651, -37.4299725], [144.3957174, -37.4277592], [144.3967505, -37.4278682], [144.3968818, -37.4278563], [144.39873, -37.4275934], [144.3993608, -37.4264404], [144.3973659, -37.4242226], [144.3979799, -37.4234363], [144.4003054, -37.4227351], [144.4011002, -37.4206357], [144.401148, -37.4203298], [144.4005835, -37.4197069], [144.4006603, -37.416854], [144.4043666, -37.4173306], [144.4045263, -37.4172808], [144.4071079, -37.4172946], [144.408007, -37.4177504], [144.4112206, -37.4153748], [144.410867, -37.414782], [144.410615, -37.4146743], [144.4087413, -37.4125437], [144.4093376, -37.4112671], [144.4098327, -37.4084833], [144.4095101, -37.4079572], [144.4114144, -37.4049413], [144.4129615, -37.4035701], [144.4158346, -37.403214], [144.416996, -37.4033341], [144.4179333, -37.4036568], [144.4190143, -37.406005], [144.418865, -37.4089924], [144.4160446, -37.4112901], [144.417391, -37.4136911], [144.4182589, -37.414674], [144.4207529, -37.414887], [144.4212017, -37.4153155], [144.4250466, -37.4149529], [144.4254577, -37.4114223], [144.4278583, -37.41021], [144.4295559, -37.4119169], [144.4329805, -37.4123118], [144.4332566, -37.4122833], [144.4349079, -37.4127732], [144.435355, -37.4132629], [144.4388714, -37.4134841], [144.439723, -37.4113947], [144.4392284, -37.4102542], [144.4399139, -37.4094004], [144.4411115, -37.4089129], [144.4442375, -37.4091909], [144.4449178, -37.4087128], [144.4486499, -37.40843], [144.4490829, -37.4082536], [144.4491292, -37.4056152], [144.4498327, -37.4050112], [144.4505855, -37.4007287], [144.453115, -37.4005232], [144.4534802, -37.4004814], [144.4548794, -37.4002039], [144.4549097, -37.4000808], [144.4572576, -37.3966419], [144.4594084, -37.3958119], [144.4606022, -37.3944223], [144.4631007, -37.3953517], [144.4656714, -37.3956569], [144.4657576, -37.3956421], [144.4680825, -37.3941314], [144.4687073, -37.3940883], [144.4706752, -37.3930668], [144.4748275, -37.3944674], [144.4752131, -37.3942223], [144.477374, -37.3938525], [144.4792925, -37.3945999], [144.4802686, -37.3945699], [144.4811781, -37.394698], [144.4820896, -37.3958412], [144.4846862, -37.3955406], [144.4851494, -37.3939927], [144.4859775, -37.3938025], [144.4870656, -37.3919219], [144.4870929, -37.3919032], [144.4904387, -37.3921734], [144.4921077, -37.3906603], [144.4924628, -37.3906077], [144.4942219, -37.3893446], [144.4958365, -37.3890694], [144.4964862, -37.3884855], [144.5011381, -37.3888538], [144.501199, -37.3887], [144.5031758, -37.3869185], [144.5033631, -37.3869345], [144.5046297, -37.3863315], [144.5053316, -37.3848475], [144.505399, -37.3834907], [144.5035309, -37.3826737], [144.5035143, -37.3819419], [144.5046434, -37.3797243], [144.5079629, -37.3785872], [144.5079622, -37.3783304], [144.5097332, -37.3759831], [144.5163927, -37.3760634], [144.5159044, -37.3742176], [144.5169114, -37.3714138], [144.5220997, -37.3717653], [144.5223327, -37.3720439], [144.5243682, -37.3723079], [144.5254193, -37.3732268], [144.5280785, -37.373221], [144.5284923, -37.3736895], [144.5311517, -37.373982], [144.531219, -37.3762523], [144.5343184, -37.3761212], [144.5346991, -37.3755233], [144.532873, -37.373897], [144.5336997, -37.3731558], [144.5327102, -37.3711892], [144.5343195, -37.3705855], [144.534889, -37.3710571], [144.5371406, -37.3714552], [144.5373693, -37.3713317], [144.5376118, -37.3700547], [144.5379216, -37.3696288], [144.5398101, -37.3706174], [144.5408079, -37.3697418], [144.5409484, -37.3697036], [144.5408955, -37.3689329], [144.5420239, -37.3678965], [144.5424696, -37.3660526], [144.5426268, -37.3660378], [144.5433406, -37.3656261], [144.5457718, -37.3655201], [144.5464247, -37.3649231], [144.5473565, -37.3650285], [144.5484979, -37.3658439], [144.5496541, -37.3671353], [144.5499205, -37.3671614], [144.5509134, -37.3665074], [144.5532973, -37.3667928], [144.5556283, -37.3694033], [144.5556405, -37.3694655], [144.5577439, -37.3704078], [144.5580495, -37.3706874], [144.5629085, -37.371189], [144.5646307, -37.3701763], [144.5646884, -37.3701522], [144.5670686, -37.3705186], [144.5715955, -37.3680947], [144.5724788, -37.3666027], [144.5725637, -37.3665752], [144.5738568, -37.3665329], [144.5759441, -37.366562], [144.5762823, -37.3664749], [144.5778503, -37.3624296], [144.5808903, -37.3620872], [144.5809613, -37.361928], [144.5837846, -37.3607015], [144.5839807, -37.3607652], [144.5864719, -37.3600591], [144.5872924, -37.3605244], [144.5876459, -37.3606679], [144.5886369, -37.3605435], [144.590556, -37.3622089], [144.5923154, -37.3617294], [144.5927451, -37.3599115], [144.5904291, -37.3587374], [144.5897447, -37.3567246], [144.5974379, -37.3563469], [144.598217, -37.3558667], [144.6002206, -37.3563151], [144.6016186, -37.3557961], [144.602918, -37.3538621], [144.6030252, -37.3512985], [144.6040762, -37.3506074], [144.6043625, -37.3500739], [144.6041615, -37.3487359], [144.6077183, -37.348516], [144.6080592, -37.349184], [144.611646, -37.3521895], [144.6117731, -37.352233], [144.613208, -37.3508942], [144.6133691, -37.3505061], [144.6151489, -37.3494667], [144.6155596, -37.3492662], [144.6181212, -37.3481047], [144.6182048, -37.3476343], [144.6184809, -37.3468072], [144.6208513, -37.3470068], [144.6220267, -37.3480856], [144.6226017, -37.3473314], [144.6255422, -37.346817], [144.6266682, -37.3453516], [144.6267524, -37.344959], [144.6270228, -37.3448517], [144.6309224, -37.3453217], [144.6316641, -37.3474082], [144.6308768, -37.3510195], [144.6293122, -37.3519365], [144.6290595, -37.3523808], [144.6295828, -37.3536125], [144.6291815, -37.3549199], [144.628016, -37.3566051], [144.6265935, -37.3575215], [144.6263268, -37.3585201], [144.6276184, -37.3603417], [144.6275306, -37.3632763], [144.6279689, -37.3636691], [144.6317303, -37.3633004], [144.6341621, -37.3640127], [144.6349811, -37.3632399], [144.6343143, -37.3608202], [144.6374042, -37.3588904], [144.6374293, -37.3588867], [144.6377637, -37.3569522], [144.637092, -37.3559769], [144.6370835, -37.3544297], [144.6365842, -37.3538064], [144.635846, -37.353577], [144.6344899, -37.3510703], [144.6361192, -37.3495731], [144.6391156, -37.3508411], [144.6399009, -37.3507011], [144.6404435, -37.3452993], [144.6402898, -37.3450881], [144.643103, -37.3416342], [144.6434235, -37.338985], [144.6423968, -37.336272], [144.6424981, -37.335836], [144.6440259, -37.3330479], [144.6446838, -37.3323064], [144.6448409, -37.3310806], [144.6473664, -37.3284159], [144.6566825, -37.3295193], [144.6577821, -37.3289113], [144.6610989, -37.3304177], [144.6615882, -37.3313185], [144.6617787, -37.3353689], [144.6630433, -37.3375774], [144.6631214, -37.3392846], [144.6635756, -37.3394102], [144.6689958, -37.3395597], [144.6714367, -37.3372893], [144.6723365, -37.3351425], [144.6743458, -37.333752], [144.6781385, -37.3338182], [144.6790232, -37.3333186], [144.6816089, -37.3341096], [144.6842074, -37.3333909], [144.6877021, -37.335445], [144.68751, -37.3376811], [144.6896971, -37.3387962], [144.697064, -37.3387566], [144.6983745, -37.339578], [144.699631, -37.3397471], [144.7036721, -37.3393166], [144.7050039, -37.3381538], [144.7056946, -37.3378824], [144.7057923, -37.3377575], [144.7063037, -37.3303665], [144.7087536, -37.3283863], [144.7110396, -37.3286973], [144.7122134, -37.3284092], [144.7142865, -37.3265469], [144.7190367, -37.3264031], [144.7197527, -37.3265897], [144.7210295, -37.3260862], [144.7250381, -37.3278357], [144.7259305, -37.3279449], [144.7299612, -37.3261257], [144.7324166, -37.3248731], [144.7328427, -37.324976], [144.7337676, -37.3241003], [144.7363221, -37.3228469], [144.7388823, -37.3192959], [144.738098, -37.317718], [144.7385109, -37.3167385], [144.7403045, -37.3138947], [144.7442836, -37.3139033], [144.752133, -37.3094304], [144.747631, -37.2789921], [144.7539964, -37.2662566], [144.7645604, -37.2681251]]]}}, {"type": "Feature", "properties": {"level": "secondary", "school": "Emerald Secondary College", "year_level": "7", "boundary_year": "2026"}, "geometry": {"type": "Polygon", "coordinates": [[[145.7000731, -37.983927], [145.7008022, -37.9831146], [145.5406635, -37.857625], [145.3938194, -37.9270791], [145.384611, -37.9628239], [145.4481961, -37.997518], [145.7000731, -37.983927]]]}}, {"type": "Feature", "properties": {"level": "secondary", "school": "Edenbrook Secondary College", "year_level": "7", "boundary_year": "2026"}, "geometry": {"type": "Polygon", "coordinates": [[[145.4384468, -38.0389366], [145.4148021, -38.1170212], [145.4335155, -38.1475582], [145.489775, -38.1322731], [145.4384468, -38.0389366]]]}}, {"type": "Feature", "properties": {"level": "secondary", "school": "Koo Wee Rup Secondary College", "year_level": "7", "boundary_year": "2026"}, "geometry": {"type": "Polygon", "coordinates": [[[145.6593979, -38.1116701], [145.489775, -38.1322731], [145.4335155, -38.1475582], [145.4153549, -38.1661398], [145.3784163, -38.2196156], [145.3754344, -38.223746], [145.3843035, -38.2240888], [145.3937222, -38.2269157], [145.4118153, -38.2297912], [145.419372, -38.2262002], [145.4249456, -38.2172856], [145.4388702, -38.2192106], [145.4511346, -38.2198469], [145.458593, -38.2278401], [145.486756, -38.2354888], [145.4893448, -38.2502886], [145.4924756, -38.2559177], [145.4959036, -38.2685724], [145.4973859, -38.2776985], [145.5049184, -38.2845577], [145.5159214, -38.2909729], [145.5214292, -38.301434], [145.515141, -38.3174495], [145.5142848, -38.3390468], [145.5175553, -38.33989], [145.5279093, -38.3360869], [145.5445168, -38.3405628], [145.5510575, -38.3533904], [145.5480672, -38.3713323], [145.5461664, -38.3748917], [145.5470221, -38.375245], [145.548004, -38.375651], [145.5481069, -38.3756809], [145.5502049, -38.3755249], [145.5518331, -38.376419], [145.5535111, -38.376427], [145.554071, -38.378332], [145.5542041, -38.3785429], [145.5546091, -38.380954], [145.5553589, -38.381138], [145.555811, -38.3809881], [145.557769, -38.381756], [145.5579761, -38.3826341], [145.55846, -38.382854], [145.5614969, -38.382942], [145.5635521, -38.386469], [145.567757, -38.3844491], [145.5680116, -38.3837139], [145.6997027, -38.2817159], [145.6996288, -38.2814028], [145.6593979, -38.1116701]]]}}, {"type": "Feature", "properties": {"level": "secondary", "school": "Dromana Secondary College", "year_level": "7", "boundary_year": "2026"}, "geometry": {"type": "Polygon", "coordinates": [[[145.0829072, -38.2899595], [145.0012732, -38.2721683], [145.0004024, -38.2719666], [144.9992386, -38.2769883], [144.9930632, -38.2827728], [144.9886664, -38.2880295], [144.9814499, -38.296995], [144.984508, -38.3002307], [144.9890223, -38.3024302], [144.9914649, -38.3062775], [144.9914789, -38.3101084], [144.9860604, -38.3184292], [144.9745338, -38.3268272], [144.9456059, -38.3397288], [144.9456326, -38.3398195], [144.9922915, -38.4856748], [144.9946302, -38.4857641], [145.0113403, -38.4799083], [145.0326547, -38.4867011], [145.0262165, -38.4791178], [145.0268253, -38.4706717], [145.0321102, -38.4651711], [145.0326344, -38.4560179], [145.0509786, -38.4301971], [145.0577268, -38.4302977], [145.0650108, -38.4255733], [145.0718051, -38.4253732], [145.0729238, -38.4253399], [145.0767032, -38.4252287], [145.0776233, -38.4180656], [145.0918149, -38.405412], [145.1118856, -38.4014345], [145.1189023, -38.3955487], [145.1185372, -38.3943558], [145.0829072, -38.2899595]]]}}, {"type": "Feature", "properties": {"level": "secondary", "school": "Western Port Secondary College", "year_level": "7", "boundary_year": "2026"}, "geometry": {"type": "Polygon", "coordinates": [[[145.1185372, -38.3943558], [145.1189023, -38.3955487], [145.1248962, -38.3944152], [145.1314904, -38.391079], [145.1391526, -38.39209], [145.1651537, -38.3969636], [145.1746259, -38.3974147], [145.2126021, -38.4071967], [145.2319395, -38.4096283], [145.234121, -38.4103152], [145.2356547, -38.4071126], [145.2346643, -38.4045996], [145.2294207, -38.3982633], [145.2225286, -38.3946407], [145.2181571, -38.3855955], [145.2174517, -38.3810068], [145.2230955, -38.378481], [145.2246938, -38.3721777], [145.2144095, -38.366314], [145.2152216, -38.3553081], [145.2201834, -38.3476398], [145.2142292, -38.3414152], [145.2024563, -38.33598], [145.1989759, -38.3332284], [145.1983744, -38.3287779], [145.1955235, -38.3278278], [145.195247, -38.3250492], [145.1984947, -38.3208392], [145.1977128, -38.3153062], [145.2008404, -38.3107354], [145.1987353, -38.3082095], [145.1972318, -38.3010526], [145.2013815, -38.2985868], [145.2055437, -38.3041569], [145.2185442, -38.3074854], [145.2261598, -38.307999], [145.2306706, -38.2913397], [145.2292871, -38.2889942], [145.2228521, -38.2869493], [145.222125, -38.2823409], [145.2262802, -38.2738986], [145.2386093, -38.2636745], [145.2356092, -38.2639222], [145.1055708, -38.2716997], [145.0829072, -38.2899595], [145.1185372, -38.3943558]]]}}, {"type": "Feature", "properties": {"level": "secondary", "school": "Mornington Secondary College", "year_level": "7", "boundary_year": "2026"}, "geometry": {"type": "Polygon", "coordinates": [[[145.1055708, -38.2716997], [145.1115246, -38.2327818], [145.0659611, -38.19521], [145.0655519, -38.1949195], [145.0636002, -38.197589], [145.0571118, -38.2031383], [145.0535516, -38.2058922], [145.0511097, -38.2081435], [145.0451915, -38.2125581], [145.0410488, -38.2127536], [145.0385474, -38.2142876], [145.0358976, -38.2145032], [145.0348537, -38.2140629], [145.0356745, -38.2113075], [145.035108, -38.2112488], [145.0322255, -38.2125973], [145.0323302, -38.2129975], [145.0320957, -38.2157571], [145.0329875, -38.2170138], [145.0319287, -38.2177203], [145.0310726, -38.2201014], [145.0307505, -38.2240511], [145.0248583, -38.2264721], [145.0262847, -38.2388422], [145.0272616, -38.2446658], [145.0271054, -38.2476753], [145.0247213, -38.253655], [145.0197727, -38.2594275], [145.0096345, -38.2681972], [145.0062737, -38.2701876], [145.0041981, -38.2701766], [145.0022871, -38.2699141], [145.0006064, -38.2710866], [145.0004024, -38.2719666], [145.0012732, -38.2721683], [145.0829072, -38.2899595], [145.1055708, -38.2716997]]]}}, {"type": "Feature", "properties": {"level": "secondary", "school": "Upper Yarra Secondary College", "year_level": "7", "boundary_year": "2026"}, "geometry": {"type": "Polygon", "coordinates": [[[145.7008022, -37.9831146], [145.7090599, -37.9797849], [145.7594902, -37.9330191], [146.1667783, -37.5523693], [146.1610677, -37.5500777], [146.1420417, -37.5424415], [146.1091422, -37.5292257], [146.0600711, -37.5253599], [145.8801017, -37.5974654], [145.8780411, -37.5982879], [145.8738788, -37.5999503], [145.5084317, -37.7450814], [145.5016303, -37.8047484], [145.517444, -37.8261812], [145.5406635, -37.857625], [145.7008022, -37.9831146]]]}}, {"type": "Feature", "properties": {"level": "secondary", "school": "Monbulk College", "year_level": "7", "boundary_year": "2026"}, "geometry": {"type": "Polygon", "coordinates": [[[145.5406635, -37.857625], [145.517444, -37.8261812], [145.5016303, -37.8047484], [145.3701288, -37.8381056], [145.3662014, -37.8514652], [145.3938194, -37.9270791], [145.5406635, -37.857625]]]}}, {"type": "Feature", "properties": {"level": "secondary", "school": "Gisborne Secondary College", "year_level": "7", "boundary_year": "2026"}, "geometry": {"type": "Polygon", "coordinates": [[[144.766246, -37.4046779], [144.752133, -37.3094304], [144.7442836, -37.3139033], [144.7403045, -37.3138947], [144.7385109, -37.3167385], [144.738098, -37.317718], [144.7388823, -37.3192959], [144.7363221, -37.3228469], [144.7337676, -37.3241003], [144.7328427, -37.324976], [144.7324166, -37.3248731], [144.7299612, -37.3261257], [144.7259305, -37.3279449], [144.7250381, -37.3278357], [144.7210295, -37.3260862], [144.7197527, -37.3265897], [144.7190367, -37.3264031], [144.7142865, -37.3265469], [144.7122134, -37.3284092], [144.7110396, -37.3286973], [144.7087536, -37.3283863], [144.7063037, -37.3303665], [144.7057923, -37.3377575], [144.7056946, -37.3378824], [144.7050039, -37.3381538], [144.7036721, -37.3393166], [144.699631, -37.3397471], [144.6983745, -37.339578], [144.697064, -37.3387566], [144.6896971, -37.3387962], [144.68751, -37.3376811], [144.6877021, -37.335445], [144.6842074, -37.3333909], [144.6816089, -37.3341096], [144.6790232, -37.3333186], [144.6781385, -37.3338182], [144.6743458, -37.333752], [144.6723365, -37.3351425], [144.6714367, -37.3372893], [144.6689958, -37.3395597], [144.6635756, -37.3394102], [144.6631214, -37.3392846], [144.6630433, -37.3375774], [144.6617787, -37.3353689], [144.6615882, -37.3313185], [144.6610989, -37.3304177], [144.6577821, -37.3289113], [144.6566825, -37.3295193], [144.6473664, -37.3284159], [144.6448409, -37.3310806], [144.6446838, -37.3323064], [144.6440259, -37.3330479], [144.6424981, -37.335836], [144.6423968, -37.336272], [144.6434235, -37.338985], [144.643103, -37.3416342], [144.6402898, -37.3450881], [144.6404435, -37.3452993], [144.6399009, -37.3507011], [144.6391156, -37.3508411], [144.6361192, -37.3495731], [144.6344899, -37.3510703], [144.635846, -37.353577], [144.6365842, -37.3538064], [144.6370835, -37.3544297], [144.637092, -37.3559769], [144.6377637, -37.3569522], [144.6374293, -37.3588867], [144.6374042, -37.3588904], [144.6343143, -37.3608202], [144.6349811, -37.3632399], [144.6341621, -37.3640127], [144.6317303, -37.3633004], [144.6279689, -37.3636691], [144.6275306, -37.3632763], [144.6276184, -37.3603417], [144.6263268, -37.3585201], [144.6265935, -37.3575215], [144.628016, -37.3566051], [144.6291815, -37.3549199], [144.6295828, -37.3536125], [144.6290595, -37.3523808], [144.6293122, -37.3519365], [144.6308768, -37.3510195], [144.6316641, -37.3474082], [144.6309224, -37.3453217], [144.6270228, -37.3448517], [144.6267524, -37.344959], [144.6266682, -37.3453516], [144.6255422, -37.346817], [144.6226017, -37.3473314], [144.6220267, -37.3480856], [144.6208513, -37.3470068], [144.6184809, -37.3468072], [144.6182048, -37.3476343], [144.6181212, -37.3481047], [144.6155596, -37.3492662], [144.6151489, -37.3494667], [144.6133691, -37.3505061], [144.613208, -37.3508942], [144.6117731, -37.352233], [144.611646, -37.3521895], [144.6080592, -37.349184], [144.6077183, -37.348516], [144.6041615, -37.3487359], [144.6043625, -37.3500739], [144.6040762, -37.3506074], [144.6030252, -37.3512985], [144.602918, -37.3538621], [144.6016186, -37.3557961], [144.6002206, -37.3563151], [144.598217, -37.3558667], [144.5974379, -37.3563469], [144.5897447, -37.3567246], [144.5904291, -37.3587374], [144.5927451, -37.3599115], [144.5923154, -37.3617294], [144.590556, -37.3622089], [144.5886369, -37.3605435], [144.5876459, -37.3606679], [144.5872924, -37.3605244], [144.5864719, -37.3600591], [144.5839807, -37.3607652], [144.5837846, -37.3607015], [144.5809613, -37.361928], [144.5808903, -37.3620872], [144.5778503, -37.3624296], [144.5762823, -37.3664749], [144.5759441, -37.366562], [144.5738568, -37.3665329], [144.5725637, -37.3665752], [144.5724788, -37.3666027], [144.5715955, -37.3680947], [144.5670686, -37.3705186], [144.5646884, -37.3701522], [144.5646307, -37.3701763], [144.5629085, -37.371189], [144.5580495, -37.3706874], [144.5577439, -37.3704078], [144.5556405, -37.3694655], [144.5556283, -37.3694033], [144.5532973, -37.3667928], [144.5509134, -37.3665074], [144.5499205, -37.3671614], [144.5496541, -37.3671353], [144.5484979, -37.3658439], [144.5473565, -37.3650285], [144.5464247, -37.3649231], [144.5457718, -37.3655201], [144.5433406, -37.3656261], [144.5426268, -37.3660378], [144.5424696, -37.3660526], [144.5420239, -37.3678965], [144.5408955, -37.3689329], [144.5409484, -37.3697036], [144.5408079, -37.3697418], [144.5398101, -37.3706174], [144.5379216, -37.3696288], [144.5376118, -37.3700547], [144.5373693, -37.3713317], [144.5371406, -37.3714552], [144.534889, -37.3710571], [144.5343195, -37.3705855], [144.5327102, -37.3711892], [144.5336997, -37.3731558], [144.532873, -37.373897], [144.5346991, -37.3755233], [144.5343184, -37.3761212], [144.531219, -37.3762523], [144.5311517, -37.373982], [144.5284923, -37.3736895], [144.5280785, -37.373221], [144.5254193, -37.3732268], [144.5243682, -37.3723079], [144.5223327, -37.3720439], [144.5220997, -37.3717653], [144.5169114, -37.3714138], [144.5159044, -37.3742176], [144.5163927, -37.3760634], [144.5097332, -37.3759831], [144.5079622, -37.3783304], [144.5079629, -37.3785872], [144.5046434, -37.3797243], [144.5035143, -37.3819419], [144.5035309, -37.3826737], [144.505399, -37.3834907], [144.5053316, -37.3848475], [144.5046297, -37.3863315], [144.5033631, -37.3869345], [144.5031758, -37.3869185], [144.501199, -37.3887], [144.5011381, -37.3888538], [144.4964862, -37.3884855], [144.4958365, -37.3890694], [144.4942219, -37.3893446], [144.4924628, -37.3906077], [144.4921077, -37.3906603], [144.4904387, -37.3921734], [144.4870929, -37.3919032], [144.4870656, -37.3919219], [144.4859775, -37.3938025], [144.4851494, -37.3939927], [144.4846862, -37.3955406], [144.4820896, -37.3958412], [144.4811781, -37.394698], [144.4802686, -37.3945699], [144.4792925, -37.3945999], [144.477374, -37.3938525], [144.4752131, -37.3942223], [144.4748275, -37.3944674], [144.4706752, -37.3930668], [144.4687073, -37.3940883], [144.4680825, -37.3941314], [144.4657576, -37.3956421], [144.4656714, -37.3956569], [144.4631007, -37.3953517], [144.4606022, -37.3944223], [144.4594084, -37.3958119], [144.4572576, -37.3966419], [144.4549097, -37.4000808], [144.4548794, -37.4002039], [144.4534802, -37.4004814], [144.453115, -37.4005232], [144.4505855, -37.4007287], [144.4498327, -37.4050112], [144.4491292, -37.4056152], [144.4490829, -37.4082536], [144.4486499, -37.40843], [144.4449178, -37.4087128], [144.4442375, -37.4091909], [144.4411115, -37.4089129], [144.4399139, -37.4094004], [144.4392284, -37.4102542], [144.439723, -37.4113947], [144.4388714, -37.4134841], [144.435355, -37.4132629], [144.4349079, -37.4127732], [144.4332566, -37.4122833], [144.4329805, -37.4123118], [144.4295559, -37.4119169], [144.4278583, -37.41021], [144.4254577, -37.4114223], [144.4250466, -37.4149529], [144.4212017, -37.4153155], [144.4207529, -37.414887], [144.4182589, -37.414674], [144.417391, -37.4136911], [144.4160446, -37.4112901], [144.418865, -37.4089924], [144.4190143, -37.406005], [144.4179333, -37.4036568], [144.416996, -37.4033341], [144.4158346, -37.403214], [144.4129615, -37.4035701], [144.4114144, -37.4049413], [144.4095101, -37.4079572], [144.4098327, -37.4084833], [144.4093376, -37.4112671], [144.4087413, -37.4125437], [144.410615, -37.4146743], [144.410867, -37.414782], [144.4112206, -37.4153748], [144.408007, -37.4177504], [144.4071079, -37.4172946], [144.4045263, -37.4172808], [144.4043666, -37.4173306], [144.4006603, -37.416854], [144.4005835, -37.4197069], [144.401148, -37.4203298], [144.4011002, -37.4206357], [144.4003054, -37.4227351], [144.3979799, -37.4234363], [144.3973659, -37.4242226], [144.3993608, -37.4264404], [144.39873, -37.4275934], [144.3968818, -37.4278563], [144.3967505, -37.4278682], [144.3957174, -37.4277592], [144.3939651, -37.4299725], [144.3946572, -37.4310655], [144.3946891, -37.4327195], [144.3942303, -37.4331488], [144.3943343, -37.4352914], [144.3924773, -37.4364532], [144.3927073, -37.4390651], [144.3915556, -37.4393512], [144.3907883, -37.4404576], [144.3908254, -37.4417473], [144.3917557, -37.4425631], [144.3912428, -37.443695], [144.389375, -37.444474], [144.3885961, -37.4473086], [144.3890496, -37.4479669], [144.3884628, -37.44954], [144.387902, -37.4499605], [144.3851515, -37.4507332], [144.384232, -37.4542601], [144.3867306, -37.4566114], [144.3860491, -37.4581066], [144.3858983, -37.4581761], [144.3845006, -37.4583642], [144.3817449, -37.4580554], [144.3783554, -37.4571466], [144.3775633, -37.4577967], [144.377541, -37.4594349], [144.3754721, -37.4617679], [144.3759264, -37.4623642], [144.3808347, -37.4651713], [144.3807705, -37.4656767], [144.3804595, -37.4662572], [144.3761748, -37.4677452], [144.3757175, -37.468215], [144.3749123, -37.4711414], [144.3763388, -37.47421], [144.3775349, -37.4751919], [144.3776142, -37.4754485], [144.3772083, -37.4777884], [144.37677, -37.4784098], [144.3766135, -37.4797037], [144.3750817, -37.4819884], [144.3749795, -37.4824555], [144.3749818, -37.4827535], [144.3757934, -37.4848369], [144.3734742, -37.489334], [144.3703498, -37.4887678], [144.3669695, -37.4865926], [144.3641096, -37.4875623], [144.3618303, -37.4897563], [144.3612808, -37.4916466], [144.3592056, -37.4924276], [144.3572956, -37.4924129], [144.3567194, -37.4926234], [144.3565652, -37.4926819], [144.355175, -37.4926962], [144.3526864, -37.4927763], [144.352334, -37.488868], [144.3519256, -37.4863589], [144.3506143, -37.485767], [144.3476715, -37.4881948], [144.3436408, -37.4904524], [144.3429855, -37.4906283], [144.3422734, -37.4912533], [144.3407149, -37.4941275], [144.342481, -37.4956078], [144.3433754, -37.4972059], [144.3446674, -37.4981997], [144.3447892, -37.4985132], [144.3457657, -37.502926], [144.3460634, -37.5047244], [144.3452158, -37.5068754], [144.3464594, -37.5077084], [144.3472988, -37.5079725], [144.3523356, -37.5112071], [144.3527712, -37.5116967], [144.3530809, -37.511876], [144.3532401, -37.5119112], [144.357326, -37.5154089], [144.3613871, -37.5166129], [144.3628421, -37.5164846], [144.3659159, -37.5149923], [144.3671776, -37.5157354], [144.36935, -37.5195334], [144.3660483, -37.5256632], [144.3655811, -37.5286463], [144.3673382, -37.52919], [144.3700819, -37.5294884], [144.3705634, -37.529953], [144.3712026, -37.5303692], [144.3821067, -37.5431598], [144.3749388, -37.550263], [144.3761944, -37.5521277], [144.3790915, -37.5556345], [144.3900726, -37.5570813], [144.3926155, -37.5568836], [144.3961936, -37.551895], [144.4010999, -37.5489029], [144.404673, -37.5481484], [144.4106269, -37.5454446], [144.4105087, -37.5440628], [144.4107843, -37.5424999], [144.4111676, -37.5421044], [144.4136979, -37.5342463], [144.4143333, -37.533553], [144.4238339, -37.5290846], [144.4241386, -37.5270891], [144.4251757, -37.5258254], [144.4291343, -37.5262958], [144.4363983, -37.5249012], [144.4427246, -37.5222076], [144.4374686, -37.5304265], [144.4387589, -37.5341703], [144.4413433, -37.5373958], [144.4426275, -37.5375821], [144.4457322, -37.5393284], [144.4481697, -37.5413942], [144.4535247, -37.5433976], [144.4544479, -37.5459899], [144.4613965, -37.5469387], [144.4679444, -37.5461884], [144.4705458, -37.5470631], [144.4731524, -37.5471901], [144.4823011, -37.551241], [144.4836523, -37.5499151], [144.5019424, -37.5445426], [144.5063323, -37.5485105], [144.5089993, -37.5526528], [144.5095536, -37.55304], [144.5153003, -37.5544032], [144.5244174, -37.5522188], [144.5299122, -37.5602766], [144.5305921, -37.5619761], [144.5306574, -37.5620105], [144.5419174, -37.5722626], [144.5403651, -37.5747429], [144.536626, -37.576118], [144.5358915, -37.5762594], [144.530383, -37.5827366], [144.5303254, -37.5834743], [144.5302934, -37.5838697], [144.5301334, -37.5857396], [144.59431, -37.5854772], [144.6752415, -37.5139813], [144.766246, -37.4046779]]]}}, {"type": "Feature", "properties": {"level": "secondary", "school": "Sunbury College", "year_level": "7", "boundary_year": "2026"}, "geometry": {"type": "Polygon", "coordinates": [[[144.6752415, -37.5139813], [144.7532458, -37.6368341], [144.7928012, -37.6310746], [144.7957925, -37.6301395], [144.8007042, -37.6235625], [144.8169017, -37.5545349], [144.8297202, -37.4998195], [144.8310982, -37.471578], [144.766246, -37.4046779], [144.6752415, -37.5139813]]]}}, {"type": "Feature", "properties": {"level": "secondary", "school": "Bass Coast College", "year_level": "7", "boundary_year": "2026"}, "geometry": {"type": "Polygon", "coordinates": [[[145.4813491, -38.5562391], [145.4834169, -38.552366], [145.485953, -38.5521339], [145.4894619, -38.5523239], [145.492182, -38.5514969], [145.4927411, -38.55009], [145.4928541, -38.548704], [145.4914929, -38.5460149], [145.4914001, -38.5424251], [145.4878999, -38.5373819], [145.4893419, -38.535573], [145.486448, -38.532275], [145.486528, -38.531466], [145.488166, -38.529598], [145.4890332, -38.525654], [145.491442, -38.5255579], [145.495387, -38.522138], [145.4979659, -38.5220899], [145.4983392, -38.521842], [145.4990849, -38.518508], [145.5012559, -38.5169779], [145.5035781, -38.5168731], [145.5030081, -38.5110369], [145.50434, -38.508627], [145.50727, -38.506868], [145.508276, -38.5068429], [145.50931, -38.5065349], [145.5105361, -38.5056961], [145.5114611, -38.5055539], [145.512694, -38.50547], [145.514058, -38.5047489], [145.5178741, -38.5038789], [145.5225821, -38.5043429], [145.5239951, -38.505139], [145.5257449, -38.504384], [145.5289321, -38.501152], [145.5266469, -38.496376], [145.526666, -38.4952299], [145.5276401, -38.4944049], [145.5312511, -38.492493], [145.5320099, -38.49085], [145.5337489, -38.487863], [145.5369569, -38.485632], [145.5370711, -38.4850589], [145.5383179, -38.483045], [145.536155, -38.47548], [145.5364999, -38.474247], [145.5351021, -38.4710899], [145.5367042, -38.468797], [145.5373292, -38.468721], [145.5390109, -38.469965], [145.5386851, -38.4723519], [145.5425769, -38.4730419], [145.5444841, -38.468062], [145.5466769, -38.468114], [145.547687, -38.4679721], [145.54827, -38.467745], [145.5499438, -38.467747], [145.5511801, -38.4692779], [145.5567599, -38.472706], [145.559548, -38.4721351], [145.561209, -38.471102], [145.561746, -38.467911], [145.5617348, -38.467661], [145.5625839, -38.464611], [145.5634141, -38.4638251], [145.5693569, -38.462942], [145.576683, -38.465924], [145.5775791, -38.464593], [145.578122, -38.462623], [145.57865, -38.457129], [145.5746491, -38.454287], [145.573421, -38.453224], [145.5697109, -38.4531459], [145.5697869, -38.447732], [145.5682409, -38.446724], [145.5665339, -38.4453259], [145.5664981, -38.4451809], [145.568669, -38.444051], [145.5689679, -38.4439519], [145.5691898, -38.4436829], [145.577534, -38.4390229], [145.5715791, -38.4333709], [145.5709972, -38.4326519], [145.5703581, -38.431827], [145.5750601, -38.4258409], [145.5716469, -38.4179101], [145.5723151, -38.417567], [145.5752831, -38.4120269], [145.57791, -38.4103249], [145.579364, -38.412396], [145.5811869, -38.413273], [145.5819909, -38.413535], [145.5828239, -38.413774], [145.5847269, -38.413627], [145.5852441, -38.414105], [145.5878039, -38.415339], [145.5886299, -38.4160779], [145.5907309, -38.415558], [145.5991301, -38.417474], [145.5996491, -38.412333], [145.6063263, -38.4116829], [145.6084379, -38.4121649], [145.609703, -38.4130233], [145.6103803, -38.413247], [145.6111987, -38.4150399], [145.6145324, -38.4182387], [145.6146084, -38.4187067], [145.6162729, -38.42038], [145.6156913, -38.4224556], [145.6135797, -38.4246667], [145.6136755, -38.425749], [145.6134028, -38.4261385], [145.6108197, -38.4272821], [145.6079839, -38.4260486], [145.607001, -38.4267039], [145.606785, -38.4279031], [145.607381, -38.4292143], [145.6073831, -38.4293458], [145.6103148, -38.4313407], [145.6124975, -38.4314924], [145.6129119, -38.4316319], [145.6131731, -38.4320565], [145.6126753, -38.4355847], [145.6105396, -38.4363286], [145.6100726, -38.4391303], [145.6111646, -38.4405048], [145.6107585, -38.4422208], [145.6105118, -38.4424411], [145.6109431, -38.4449385], [145.6102166, -38.4460085], [145.6109014, -38.447658], [145.6100533, -38.4502618], [145.6096939, -38.4505976], [145.6087661, -38.4535505], [145.6112184, -38.4546677], [145.6197213, -38.4549325], [145.6207893, -38.4551414], [145.6223103, -38.4551029], [145.6258776, -38.4503233], [145.6275315, -38.450866], [145.6304389, -38.4522966], [145.634555, -38.4561185], [145.6358631, -38.4565403], [145.6388312, -38.4564166], [145.6392114, -38.4562795], [145.6397036, -38.4558022], [145.6475849, -38.4571717], [145.6496264, -38.4585307], [145.6494391, -38.4630922], [145.6534289, -38.465528], [145.6574669, -38.4661501], [145.6598598, -38.4711586], [145.6564061, -38.4753035], [145.6585862, -38.4803177], [145.6607954, -38.4821358], [145.6612463, -38.48376], [145.659794, -38.4868546], [145.66079, -38.4890732], [145.6601223, -38.4915618], [145.6672052, -38.4958474], [145.6710397, -38.4949416], [145.6758459, -38.4961408], [145.6764555, -38.4967454], [145.6774924, -38.4972305], [145.6797392, -38.4971306], [145.6825466, -38.4974632], [145.6832838, -38.4981068], [145.6832811, -38.500453], [145.6820246, -38.5039487], [145.6820903, -38.5039914], [145.6819054, -38.5069477], [145.684923, -38.5089013], [145.6849956, -38.5091992], [145.6868903, -38.5125606], [145.6869697, -38.5134544], [145.6863411, -38.5137941], [145.6833042, -38.5143797], [145.6820533, -38.5204159], [145.6784397, -38.5216845], [145.6783182, -38.5216823], [145.6769627, -38.5222892], [145.6771659, -38.5238388], [145.6748401, -38.5265432], [145.6703692, -38.5244838], [145.6664184, -38.5251297], [145.6678879, -38.529191], [145.6683699, -38.529616], [145.6710424, -38.5295906], [145.6750477, -38.5279732], [145.6767806, -38.5287732], [145.678472, -38.5305543], [145.6792339, -38.5330143], [145.6789891, -38.5341966], [145.686992, -38.5354674], [145.6873313, -38.5353267], [145.6898808, -38.5332759], [145.6904413, -38.532508], [145.6963276, -38.5348853], [145.6965176, -38.5354482], [145.7010358, -38.5358445], [145.7006341, -38.5381255], [145.70203, -38.5397621], [145.7019894, -38.541778], [145.7081237, -38.5422466], [145.7083268, -38.5424086], [145.7124369, -38.5429924], [145.712894, -38.5440291], [145.7163328, -38.5454949], [145.7168042, -38.5486213], [145.7185822, -38.5484287], [145.7234706, -38.5496182], [145.7251478, -38.5517898], [145.7234747, -38.554798], [145.7233833, -38.5573033], [145.7233875, -38.558349], [145.7247116, -38.5595767], [145.7250801, -38.5607823], [145.7248316, -38.5644983], [145.7237513, -38.5667744], [145.7240807, -38.5679837], [145.7270791, -38.5701795], [145.7305108, -38.5709121], [145.7339347, -38.5713012], [145.7400412, -38.5692959], [145.7437295, -38.5666454], [145.743861, -38.5665841], [145.7452385, -38.5667999], [145.7452707, -38.5667845], [145.7592093, -38.5682877], [145.7631792, -38.5723654], [145.7632955, -38.5724277], [145.7648344, -38.5740095], [145.7640773, -38.5758478], [145.7639712, -38.5760998], [145.7638552, -38.5777886], [145.7748339, -38.5803865], [145.7792788, -38.5856668], [145.7794706, -38.5857988], [145.7810232, -38.587644], [145.7816727, -38.5877677], [145.7824365, -38.587627], [145.786601, -38.5891678], [145.7915087, -38.5896757], [145.7930281, -38.5901141], [145.7966131, -38.589445], [145.7985068, -38.5896947], [145.8003811, -38.5924049], [145.8054652, -38.5950958], [145.8058615, -38.5955479], [145.8058008, -38.5960798], [145.8054695, -38.5967736], [145.7955997, -38.6001289], [145.7950595, -38.6014574], [145.7980228, -38.6068084], [145.8015517, -38.6102852], [145.801445, -38.6112457], [145.8131874, -38.6126601], [145.8158514, -38.6162158], [145.817016, -38.6169909], [145.8167547, -38.6186074], [145.8170543, -38.6187253], [145.8262068, -38.6205393], [145.8291638, -38.619477], [145.8335281, -38.6238594], [145.8371254, -38.6228484], [145.8397874, -38.6209846], [145.8417798, -38.6179897], [145.8426481, -38.617202], [145.846557, -38.61477], [145.8470772, -38.6147834], [145.8492417, -38.6152465], [145.8546458, -38.6167188], [145.8546883, -38.6184191], [145.8539632, -38.6209603], [145.8514986, -38.6243199], [145.8471376, -38.6269085], [145.8453227, -38.6296734], [145.8453968, -38.6298333], [145.8449776, -38.6315391], [145.8406681, -38.6347836], [145.8384748, -38.6352723], [145.8362617, -38.635131], [145.8341149, -38.6371342], [145.8247199, -38.6396474], [145.8220906, -38.6396761], [145.8209062, -38.6397364], [145.816596, -38.6430537], [145.8164088, -38.6433547], [145.8158655, -38.6440824], [145.8072958, -38.6541698], [145.7651983, -38.6433643], [145.7301881, -38.6406811], [145.727162, -38.6417346], [145.7257635, -38.6404488], [145.7176625, -38.641256], [145.7113772, -38.6476777], [145.6896637, -38.6516855], [145.6806576, -38.663073], [145.6749803, -38.6668059], [145.6722854, -38.6718163], [145.6613934, -38.6722126], [145.6593503, -38.6763908], [145.6516113, -38.6786844], [145.6454171, -38.6764399], [145.6385215, -38.6731892], [145.6331883, -38.675003], [145.6267067, -38.6737684], [145.6056862, -38.6792069], [145.5885677, -38.6689897], [145.5823212, -38.6638951], [145.577053, -38.6578934], [145.5660164, -38.6556379], [145.5606039, -38.6512199], [145.5426266, -38.6180418], [145.5118236, -38.5845665], [145.5110446, -38.5839078], [145.4832955, -38.5559969], [145.4813491, -38.5562391]]]}}, {"type": "Feature", "properties": {"level": "secondary", "school": "Rosebud Secondary College", "year_level": "7", "boundary_year": "2026"}, "geometry": {"type": "Polygon", "coordinates": [[[144.9456326, -38.3398195], [144.9456059, -38.3397288], [144.9330985, -38.345307], [144.9233498, -38.3489134], [144.9070678, -38.3527051], [144.8891086, -38.3584905], [144.8726666, -38.3630854], [144.8658618, -38.364985], [144.8402275, -38.369326], [144.8349227, -38.3699611], [144.7960445, -38.3639417], [144.7806292, -38.3599394], [144.7691518, -38.3565053], [144.764014, -38.3527051], [144.7644111, -38.3486441], [144.7589758, -38.3447356], [144.7518967, -38.3425651], [144.7475504, -38.3403121], [144.7452355, -38.3380791], [144.7467315, -38.336125], [144.7457132, -38.3346812], [144.7433115, -38.3340181], [144.7422471, -38.3328865], [144.740544, -38.3289405], [144.7398917, -38.3244303], [144.7340597, -38.3221097], [144.7186094, -38.3173462], [144.7071209, -38.3172319], [144.7059069, -38.3151478], [144.6802275, -38.3050103], [144.6629716, -38.3069165], [144.6582206, -38.3053314], [144.6531129, -38.3012851], [144.651409, -38.3012565], [144.6505478, -38.3026592], [144.6527589, -38.3057464], [144.6618762, -38.312247], [144.6749736, -38.3204181], [144.7306344, -38.3477529], [144.7363482, -38.3541447], [144.7423111, -38.3541755], [144.7434903, -38.3595826], [144.75325, -38.3657975], [144.7880567, -38.390055], [144.8684144, -38.4568371], [144.8870186, -38.4770578], [144.8834853, -38.4907701], [144.8881433, -38.5002739], [144.8946753, -38.4920322], [144.9118101, -38.4894655], [144.9217192, -38.4974317], [144.9372538, -38.4970136], [144.9433438, -38.4944937], [144.9427017, -38.4903046], [144.9596023, -38.4868158], [144.9698606, -38.4870845], [144.9747882, -38.4906992], [144.9846047, -38.4853805], [144.9922915, -38.4856748], [144.9456326, -38.3398195]]]}}, {"type": "Feature", "properties": {"level": "secondary", "school": "Somerville Secondary College", "year_level": "7", "boundary_year": "2026"}, "geometry": {"type": "Polygon", "coordinates": [[[145.2356092, -38.2639222], [145.2386093, -38.2636745], [145.2525032, -38.2492338], [145.2627638, -38.2453139], [145.2720295, -38.2490191], [145.3078159, -38.2495773], [145.3057261, -38.2303887], [145.3037146, -38.2231096], [145.3002475, -38.2163504], [145.2878173, -38.2146665], [145.2870343, -38.2145133], [145.1833536, -38.1940583], [145.1320413, -38.207266], [145.1115246, -38.2327818], [145.1055708, -38.2716997], [145.2356092, -38.2639222]]]}}, {"type": "Feature", "properties": {"level": "secondary", "school": "Elisabeth Murdoch College", "year_level": "7", "boundary_year": "2026"}, "geometry": {"type": "Polygon", "coordinates": [[[145.2870343, -38.2145133], [145.2744956, -38.1754776], [145.2643259, -38.1637186], [145.2117459, -38.1285897], [145.1911703, -38.1270908], [145.166949, -38.164038], [145.1833536, -38.1940583], [145.2870343, -38.2145133]]]}}, {"type": "Feature", "properties": {"level": "secondary", "school": "Cranbourne Secondary College", "year_level": "7", "boundary_year": "2026"}, "geometry": {"type": "Polygon", "coordinates": [[[145.2744956, -38.1754776], [145.3020519, -38.134221], [145.2922326, -38.0882339], [145.2911708, -38.0877986], [145.2667543, -38.0949532], [145.2643259, -38.1637186], [145.2744956, -38.1754776]]]}}, {"type": "Feature", "properties": {"level": "secondary", "school": "Cranbourne East Secondary College", "year_level": "7", "boundary_year": "2026"}, "geometry": {"type": "Polygon", "coordinates": [[[145.3020519, -38.134221], [145.3312807, -38.1098817], [145.3349747, -38.0944588], [145.3334876, -38.0904098], [145.2922326, -38.0882339], [145.3020519, -38.134221]]]}}, {"type": "Feature", "properties": {"level": "secondary", "school": "Officer Secondary College", "year_level": "7", "boundary_year": "2026"}, "geometry": {"type": "Polygon", "coordinates": [[[145.377879, -38.0656891], [145.4131033, -38.1142909], [145.4142872, -38.1161933], [145.4148021, -38.1170212], [145.4384468, -38.0389366], [145.4367363, -38.0176611], [145.3824776, -38.0557159], [145.377879, -38.0656891]]]}}, {"type": "Feature", "properties": {"level": "secondary", "school": "Carrum Downs Secondary College", "year_level": "7", "boundary_year": "2026"}, "geometry": {"type": "Polygon", "coordinates": [[[145.2117459, -38.1285897], [145.2309121, -38.0774328], [145.2242961, -38.0621931], [145.1897618, -38.0399505], [145.1897618, -38.0399504], [145.1807896, -38.0407127], [145.1807892, -38.0407129], [145.1628058, -38.1007087], [145.1868587, -38.1250238], [145.1911703, -38.1270908], [145.2117459, -38.1285897]]]}}, {"type": "Feature", "properties": {"level": "secondary", "school": "Keysborough Secondary College", "year_level": "7", "boundary_year": "2026"}, "geometry": {"type": "Polygon", "coordinates": [[[145.1897618, -38.0399504], [145.2082682, -38.0221698], [145.2082689, -38.0221694], [145.2010514, -37.9989025], [145.1943424, -37.9772572], [145.18733, -37.9773288], [145.1690919, -37.9775122], [145.1431695, -37.9985928], [145.1423888, -38.0024288], [145.1417705, -38.0054677], [145.1415473, -38.0063061], [145.1545632, -38.0327807], [145.1683454, -38.0369501], [145.1807896, -38.0407127], [145.1897618, -38.0399504]]]}}, {"type": "Feature", "properties": {"level": "secondary", "school": "Alkira Secondary College", "year_level": "7", "boundary_year": "2026"}, "geometry": {"type": "Polygon", "coordinates": [[[145.2922326, -38.0882339], [145.3334876, -38.0904098], [145.3397055, -38.0778888], [145.3165135, -38.0490335], [145.2891132, -38.0663458], [145.2911708, -38.0877986], [145.2922326, -38.0882339]]]}}, {"type": "Feature", "properties": {"level": "secondary", "school": "Lyndhurst Secondary College", "year_level": "7", "boundary_year": "2026"}, "geometry": {"type": "Polygon", "coordinates": [[[145.2911708, -38.0877986], [145.2891132, -38.0663458], [145.259384, -38.0561675], [145.2242961, -38.0621931], [145.2309121, -38.0774328], [145.2667543, -38.0949532], [145.2911708, -38.0877986]]]}}, {"type": "Feature", "properties": {"level": "secondary", "school": "Kambrya College", "year_level": "7", "boundary_year": "2026"}, "geometry": {"type": "Polygon", "coordinates": [[[145.3397055, -38.0778888], [145.377879, -38.0656891], [145.3824776, -38.0557159], [145.3253541, -38.0268193], [145.3182853, -38.0315736], [145.3165135, -38.0490335], [145.3397055, -38.0778888]]]}}, {"type": "Feature", "properties": {"level": "secondary", "school": "Narre Warren South P-12 College", "year_level": "7", "boundary_year": "2026"}, "geometry": {"type": "Polygon", "coordinates": [[[145.3165135, -38.0490335], [145.3182853, -38.0315736], [145.2868926, -38.0270236], [145.259384, -38.0561675], [145.2891132, -38.0663458], [145.3165135, -38.0490335]]]}}, {"type": "Feature", "properties": {"level": "secondary", "school": "Hampton Park Secondary College", "year_level": "7", "boundary_year": "2026"}, "geometry": {"type": "Polygon", "coordinates": [[[145.2868926, -38.0270236], [145.2746888, -38.0178606], [145.2181009, -38.0165255], [145.2082689, -38.0221694], [145.2082682, -38.0221698], [145.1897618, -38.0399504], [145.1897618, -38.0399505], [145.2242961, -38.0621931], [145.259384, -38.0561675], [145.2868926, -38.0270236]]]}}, {"type": "Feature", "properties": {"level": "secondary", "school": "Fountain Gate Secondary College", "year_level": "7", "boundary_year": "2026"}, "geometry": {"type": "Polygon", "coordinates": [[[145.3253541, -38.0268193], [145.3614015, -37.9662593], [145.3529759, -37.9641643], [145.2808536, -37.9919091], [145.2746888, -38.0178606], [145.2868926, -38.0270236], [145.3182853, -38.0315736], [145.3253541, -38.0268193]]]}}, {"type": "Feature", "properties": {"level": "secondary", "school": "Berwick Secondary College", "year_level": "7", "boundary_year": "2026"}, "geometry": {"type": "Polygon", "coordinates": [[[145.4367363, -38.0176611], [145.4481961, -37.997518], [145.384611, -37.9628239], [145.3614015, -37.9662593], [145.3253541, -38.0268193], [145.3824776, -38.0557159], [145.4367363, -38.0176611]]]}}, {"type": "Feature", "properties": {"level": "secondary", "school": "Lara Secondary College", "year_level": "7", "boundary_year": "2026"}, "geometry": {"type": "Polygon", "coordinates": [[[144.3546672, -38.0263883], [144.414216, -38.0577409], [144.4177055, -38.0595768], [144.4573835, -38.0804345], [144.4581274, -38.0807349], [144.4579417, -38.0782232], [144.4644444, -38.0774397], [144.4659817, -38.0786476], [144.4654281, -38.0801865], [144.4666129, -38.0819141], [144.4710873, -38.0842748], [144.4775168, -38.0774136], [144.4828362, -38.0799651], [144.4879144, -38.0804866], [144.4904672, -38.0830121], [144.4936376, -38.0857709], [144.5069233, -38.0926333], [144.5113702, -38.088406], [144.5128525, -38.08352], [144.51247, -38.0773709], [144.5168603, -38.0643049], [144.5176701, -38.058664], [144.5188046, -38.0495323], [144.5339753, -38.0453232], [144.5521106, -38.0372712], [144.557825, -38.0383326], [144.5594079, -38.0377974], [144.5596503, -38.035734], [144.5632372, -38.0324767], [144.5649575, -38.0283774], [144.5674828, -38.0261997], [144.5688648, -38.0251354], [144.5663976, -38.0226303], [144.4404424, -37.8910863], [144.3915677, -37.8506548], [144.2581229, -37.8451255], [144.2590383, -37.8511833], [144.2605612, -37.8612597], [144.2624301, -37.8736303], [144.2772456, -37.9715163], [144.3546672, -38.0263883]]]}}, {"type": "Feature", "properties": {"level": "secondary", "school": "Gleneagles Secondary College", "year_level": "7", "boundary_year": "2026"}, "geometry": {"type": "Polygon", "coordinates": [[[145.3529759, -37.9641643], [145.3111809, -37.9421946], [145.2556546, -37.9498152], [145.2460398, -37.9545058], [145.2416165, -37.9667316], [145.2428519, -37.9776069], [145.2808536, -37.9919091], [145.3529759, -37.9641643]]]}}, {"type": "Feature", "properties": {"level": "secondary", "school": "Dandenong High School", "year_level": "7", "boundary_year": "2026"}, "geometry": {"type": "Polygon", "coordinates": [[[145.2082689, -38.0221694], [145.2181009, -38.0165255], [145.2428519, -37.9776069], [145.2416165, -37.9667316], [145.1984849, -37.9697449], [145.1943424, -37.9772572], [145.2010514, -37.9989025], [145.2082689, -38.0221694]]]}}, {"type": "Feature", "properties": {"level": "secondary", "school": "Noble Park Secondary College", "year_level": "7", "boundary_year": "2026"}, "geometry": {"type": "Polygon", "coordinates": [[[145.1943424, -37.9772572], [145.1984849, -37.9697449], [145.188942, -37.957021], [145.1742085, -37.9548754], [145.1690919, -37.9775122], [145.18733, -37.9773288], [145.1943424, -37.9772572]]]}}, {"type": "Feature", "properties": {"level": "secondary", "school": "Lyndale Secondary College", "year_level": "7", "boundary_year": "2026"}, "geometry": {"type": "Polygon", "coordinates": [[[145.2416165, -37.9667316], [145.2460398, -37.9545058], [145.2158008, -37.9379926], [145.188942, -37.957021], [145.1984849, -37.9697449], [145.2416165, -37.9667316]]]}}, {"type": "Feature", "properties": {"level": "secondary", "school": "Carwatha College P-12", "year_level": "7", "boundary_year": "2026"}, "geometry": {"type": "Polygon", "coordinates": [[[145.2158008, -37.9379926], [145.2068041, -37.9235957], [145.1876786, -37.9261587], [145.1700198, -37.9517362], [145.1721141, -37.9533059], [145.1742085, -37.9548751], [145.1742085, -37.9548754], [145.188942, -37.957021], [145.2158008, -37.9379926]]]}}, {"type": "Feature", "properties": {"level": "secondary", "school": "Wellington Secondary College", "year_level": "7", "boundary_year": "2026"}, "geometry": {"type": "Polygon", "coordinates": [[[145.1876786, -37.9261587], [145.1602163, -37.9174041], [145.1474982, -37.9180955], [145.1563402, -37.9492225], [145.1647064, -37.9507603], [145.1700198, -37.9517362], [145.1876786, -37.9261587]]]}}, {"type": "Feature", "properties": {"level": "secondary", "school": "Rowville Secondary College", "year_level": "7", "boundary_year": "2026"}, "geometry": {"type": "Polygon", "coordinates": [[[145.2556546, -37.9498152], [145.2481549, -37.9060819], [145.2135257, -37.9066277], [145.2068041, -37.9235957], [145.2158008, -37.9379926], [145.2460398, -37.9545058], [145.2556546, -37.9498152]]]}}, {"type": "Feature", "properties": {"level": "secondary", "school": "Walcom Ngarrwa Secondary College", "year_level": "7", "boundary_year": "2026"}, "geometry": {"type": "Polygon", "coordinates": [[[144.6356463, -37.9116764], [144.638979, -38.0010173], [144.6390544, -38.0023161], [144.6331201, -38.0024144], [144.6233113, -38.0008771], [144.6089643, -38.0022313], [144.6002718, -38.0034208], [144.5975544, -38.0044165], [144.5925673, -38.0049762], [144.5840032, -38.0092951], [144.5828318, -38.0112715], [144.5800502, -38.0133211], [144.577841, -38.0155625], [144.5768715, -38.0190239], [144.5747811, -38.0216652], [144.5688648, -38.0251354], [144.5663976, -38.0226303], [144.4404424, -37.8910863], [144.6236192, -37.8901784], [144.6356463, -37.9116764]]]}}, {"type": "Feature", "properties": {"level": "secondary", "school": "Manor Lakes P-12 College", "year_level": "7", "boundary_year": "2026"}, "geometry": {"type": "Polygon", "coordinates": [[[144.6236192, -37.8901784], [144.6345771, -37.8669713], [144.6343876, -37.866748], [144.6338629, -37.8653314], [144.6333551, -37.8643136], [144.632949, -37.8638269], [144.6317642, -37.8634733], [144.6315665, -37.8631077], [144.6310136, -37.8625979], [144.6302826, -37.8616247], [144.6297108, -37.8610961], [144.6286155, -37.8608555], [144.6273506, -37.8612769], [144.6266623, -37.861271], [144.6259747, -37.8611183], [144.6253204, -37.8609884], [144.6247613, -37.8607834], [144.6247868, -37.860456], [144.6246308, -37.8602937], [144.6243509, -37.8602929], [144.6239043, -37.8603404], [144.6236391, -37.8602077], [144.6232798, -37.8599244], [144.6228559, -37.8592682], [144.6225688, -37.8587217], [144.6225709, -37.8583152], [144.6238542, -37.8580257], [144.624939, -37.8574795], [144.6250455, -37.8571112], [144.6247053, -37.8567563], [144.6251817, -37.8563814], [144.6252221, -37.8559374], [144.6250619, -37.8556509], [144.6248443, -37.8555374], [144.6244449, -37.8556414], [144.6240568, -37.8554747], [144.6239065, -37.8551205], [144.6242026, -37.8547375], [144.623756, -37.8529522], [144.6234645, -37.8524244], [144.6232567, -37.8521905], [144.6224513, -37.8518793], [144.6221203, -37.8516072], [144.6216279, -37.8513648], [144.6211064, -37.8513031], [144.6202673, -37.8520003], [144.6194606, -37.8519677], [144.6190067, -37.8516652], [144.6187441, -37.8510094], [144.6188235, -37.8503474], [144.618363, -37.8487853], [144.6107566, -37.8479258], [144.5741608, -37.7998061], [144.472099, -37.8051924], [144.3915677, -37.8506548], [144.4404424, -37.8910863], [144.6236192, -37.8901784]]]}}, {"type": "Feature", "properties": {"level": "secondary", "school": "Alamanda K-9 College", "year_level": "7", "boundary_year": "2026"}, "geometry": {"type": "Polygon", "coordinates": [[[144.7012065, -37.9714077], [144.701133, -37.9729629], [144.7019282, -37.9727133], [144.7081868, -37.9711029], [144.7112137, -37.9680546], [144.7097241, -37.9668208], [144.721857, -37.9553833], [144.7329467, -37.9468007], [144.73668, -37.9429211], [144.7465572, -37.939476], [144.7466386, -37.9391256], [144.7529217, -37.9036964], [144.737818, -37.9004797], [144.7026803, -37.9465966], [144.7012065, -37.9714077]]]}}, {"type": "Feature", "properties": {"level": "secondary", "school": "Upwey High School", "year_level": "7", "boundary_year": "2026"}, "geometry": {"type": "Polygon", "coordinates": [[[145.384611, -37.9628239], [145.3938194, -37.9270791], [145.3662014, -37.8514652], [145.2947719, -37.8926068], [145.2934419, -37.8946564], [145.3111809, -37.9421946], [145.3529759, -37.9641643], [145.3614015, -37.9662593], [145.384611, -37.9628239]]]}}, {"type": "Feature", "properties": {"level": "secondary", "school": "Rowville Secondary College", "year_level": "7", "boundary_year": "2026"}, "geometry": {"type": "Polygon", "coordinates": [[[145.3111809, -37.9421946], [145.2934419, -37.8946564], [145.2647449, -37.8968431], [145.2481549, -37.9060819], [145.2556546, -37.9498152], [145.3111809, -37.9421946]]]}}, {"type": "Feature", "properties": {"level": "secondary", "school": "Wheelers Hill Secondary College", "year_level": "7", "boundary_year": "2026"}, "geometry": {"type": "Polygon", "coordinates": [[[145.2068041, -37.9235957], [145.2135257, -37.9066277], [145.2007424, -37.8862813], [145.1938695, -37.8867575], [145.1602163, -37.9174041], [145.1876786, -37.9261587], [145.2068041, -37.9235957]]]}}, {"type": "Feature", "properties": {"level": "secondary", "school": "Brentwood Secondary College", "year_level": "7", "boundary_year": "2026"}, "geometry": {"type": "Polygon", "coordinates": [[[145.1270141, -37.9087139], [145.1436035, -37.9163122], [145.1474979, -37.9180953], [145.1474982, -37.9180955], [145.1602163, -37.9174041], [145.1938695, -37.8867575], [145.1864448, -37.8853261], [145.1419419, -37.8905207], [145.1413085, -37.8899305], [145.1239027, -37.9021551], [145.1270141, -37.9087139]]]}}, {"type": "Feature", "properties": {"level": "secondary", "school": "South Oakleigh Secondary College", "year_level": "7", "boundary_year": "2026"}, "geometry": {"type": "Polygon", "coordinates": [[[145.1239027, -37.9021551], [145.1106348, -37.8954988], [145.0787645, -37.890802], [145.0646473, -37.9033329], [145.0647961, -37.9037543], [145.0674496, -37.9040729], [145.067984, -37.9042299], [145.0687608, -37.9043235], [145.0690416, -37.9043531], [145.0691787, -37.9043599], [145.0714785, -37.9046294], [145.0728637, -37.9048272], [145.0728121, -37.9051495], [145.0747203, -37.9053943], [145.0741939, -37.9081249], [145.0761861, -37.908373], [145.0748353, -37.9150776], [145.0746751, -37.9159287], [145.072317, -37.9156281], [145.0782049, -37.9376132], [145.0782046, -37.9376132], [145.1029371, -37.948016], [145.1029375, -37.9480157], [145.1029378, -37.9480158], [145.1270145, -37.9087145], [145.1270141, -37.9087139], [145.1239027, -37.9021551]]]}}, {"type": "Feature", "properties": {"level": "secondary", "school": "Featherbrook P-9 College", "year_level": "7", "boundary_year": "2026"}, "geometry": {"type": "Polygon", "coordinates": [[[144.737818, -37.9004797], [144.7350212, -37.8955326], [144.6982231, -37.9044547], [144.7026803, -37.9465966], [144.737818, -37.9004797]]]}}, {"type": "Feature", "properties": {"level": "secondary", "school": "Carranballac P-9 College", "year_level": "7", "boundary_year": "2026"}, "geometry": {"type": "Polygon", "coordinates": [[[144.737818, -37.9004797], [144.7529217, -37.9036964], [144.7535288, -37.9002822], [144.7586934, -37.9008813], [144.7608315, -37.9010879], [144.7611828, -37.9010777], [144.7664696, -37.8991358], [144.770208, -37.8976043], [144.771125, -37.8968942], [144.7720751, -37.8961504], [144.7731598, -37.8957062], [144.7738623, -37.8956185], [144.7744096, -37.895461], [144.7754373, -37.8952312], [144.7763309, -37.8951098], [144.7773948, -37.8950995], [144.7805302, -37.8951816], [144.7805637, -37.8940728], [144.7796744, -37.8930576], [144.7771044, -37.8916932], [144.7764624, -37.8899784], [144.7753758, -37.8880284], [144.7739921, -37.8865853], [144.7733984, -37.8855317], [144.7731263, -37.8853966], [144.7354451, -37.8913773], [144.7350212, -37.8955326], [144.737818, -37.9004797]]]}}, {"type": "Feature", "properties": {"level": "secondary", "school": "Brighton Secondary College", "year_level": "7", "boundary_year": "2026"}, "geometry": {"type": "Polygon", "coordinates": [[[145.0408781, -37.9187375], [145.0323015, -37.9176833], [145.0336265, -37.9105122], [145.0247005, -37.9093556], [145.0259828, -37.9021772], [145.0261216, -37.902098], [145.010316, -37.8966459], [144.9845558, -37.911143], [144.9847953, -37.912808], [144.9840193, -37.9135924], [144.9864589, -37.9200157], [144.985594, -37.9234436], [144.9847912, -37.9263464], [144.9900311, -37.9317458], [144.9942134, -37.9364365], [144.9945581, -37.9368228], [145.0363324, -37.9348374], [145.0408781, -37.9187375]]]}}, {"type": "Feature", "properties": {"level": "secondary", "school": "Bentleigh Secondary College", "year_level": "7", "boundary_year": "2026"}, "geometry": {"type": "Polygon", "coordinates": [[[145.0363324, -37.9348374], [145.0457987, -37.944446], [145.0782046, -37.9376132], [145.0782049, -37.9376132], [145.072317, -37.9156281], [145.0713148, -37.9155054], [145.0688345, -37.9151899], [145.0673779, -37.9150148], [145.0658296, -37.9150134], [145.0652339, -37.91497], [145.0630334, -37.9147019], [145.0617174, -37.9145132], [145.0608848, -37.914393], [145.0603792, -37.914335], [145.0597962, -37.9174629], [145.0596589, -37.9176765], [145.0587913, -37.9177417], [145.0553392, -37.9173506], [145.0550434, -37.917312], [145.0547831, -37.9188068], [145.0546516, -37.9195473], [145.0546783, -37.9202095], [145.0546192, -37.9205763], [145.0408781, -37.9187375], [145.0363324, -37.9348374]]]}}, {"type": "Feature", "properties": {"level": "secondary", "school": "Point Cook Prep - Year 9 College", "year_level": "7", "boundary_year": "2026"}, "geometry": {"type": "Polygon", "coordinates": [[[144.7350212, -37.8955326], [144.7354451, -37.8913773], [144.7213861, -37.8732204], [144.6949401, -37.8946564], [144.6982231, -37.9044547], [144.7350212, -37.8955326]]]}}, {"type": "Feature", "properties": {"level": "secondary", "school": "Scoresby Secondary College", "year_level": "7", "boundary_year": "2026"}, "geometry": {"type": "Polygon", "coordinates": [[[145.2481549, -37.9060819], [145.2647449, -37.8968431], [145.2384923, -37.8724383], [145.2068849, -37.8764187], [145.2007424, -37.8862813], [145.2135257, -37.9066277], [145.2481549, -37.9060819]]]}}, {"type": "Feature", "properties": {"level": "secondary", "school": "Glen Eira College", "year_level": "7", "boundary_year": "2026"}, "geometry": {"type": "Polygon", "coordinates": [[[145.0645558, -37.9031576], [145.0646473, -37.9033329], [145.0787645, -37.890802], [145.0655089, -37.8651097], [145.0140373, -37.8601234], [145.010316, -37.8966459], [145.0261216, -37.902098], [145.030379, -37.9026864], [145.0420973, -37.9042198], [145.0538979, -37.9057177], [145.0546943, -37.9017259], [145.0610107, -37.9025481], [145.0643162, -37.9029896], [145.0645558, -37.9031576]]]}}, {"type": "Feature", "properties": {"level": "secondary", "school": "Wyndham Central Secondary College", "year_level": "7", "boundary_year": "2026"}, "geometry": {"type": "Polygon", "coordinates": [[[144.6793494, -37.8870628], [144.6725412, -37.8770372], [144.6559746, -37.86991], [144.6535755, -37.8688773], [144.6535861, -37.8687255], [144.6534609, -37.8680615], [144.6531304, -37.8676467], [144.6521628, -37.8674857], [144.6518013, -37.8676502], [144.6491722, -37.8694641], [144.6482279, -37.8703721], [144.6473632, -37.8705275], [144.6466424, -37.870375], [144.6464455, -37.8698325], [144.6470291, -37.8678771], [144.6469826, -37.866605], [144.6467513, -37.8663409], [144.6463433, -37.8663171], [144.6456205, -37.8665257], [144.6443571, -37.8667102], [144.6435579, -37.8667058], [144.6414442, -37.86628], [144.6400699, -37.8657641], [144.6391689, -37.8655883], [144.6381714, -37.8657132], [144.6372153, -37.8670651], [144.6366808, -37.8676807], [144.6359773, -37.8678441], [144.6353325, -37.8677143], [144.6349446, -37.8674045], [144.6345771, -37.8669713], [144.6236192, -37.8901784], [144.6356463, -37.9116764], [144.6793494, -37.8870628]]]}}, {"type": "Feature", "properties": {"level": "secondary", "school": "Hoppers Crossing Secondary College", "year_level": "7", "boundary_year": "2026"}, "geometry": {"type": "Polygon", "coordinates": [[[144.7213861, -37.8732204], [144.724741, -37.8657675], [144.7179043, -37.8599034], [144.7110355, -37.8567467], [144.6931029, -37.8568779], [144.6725412, -37.8770372], [144.6793494, -37.8870628], [144.6949401, -37.8946564], [144.7213861, -37.8732204]]]}}, {"type": "Feature", "properties": {"level": "secondary", "school": "Mount Waverley Secondary College", "year_level": "7", "boundary_year": "2026"}, "geometry": {"type": "Polygon", "coordinates": [[[145.1413085, -37.8899305], [145.1399111, -37.8886293], [145.1531754, -37.8637522], [145.1330646, -37.8444383], [145.123565, -37.843841], [145.1106348, -37.8954988], [145.1239027, -37.9021551], [145.1413085, -37.8899305]]]}}, {"type": "Feature", "properties": {"level": "secondary", "school": "Fairhills High School", "year_level": "7", "boundary_year": "2026"}, "geometry": {"type": "Polygon", "coordinates": [[[145.2934419, -37.8946564], [145.2947719, -37.8926068], [145.2698277, -37.8566272], [145.2527984, -37.8556991], [145.2384923, -37.8724383], [145.2647449, -37.8968431], [145.2934419, -37.8946564]]]}}, {"type": "Feature", "properties": {"level": "secondary", "school": "Altona College", "year_level": "7", "boundary_year": "2026"}, "geometry": {"type": "Polygon", "coordinates": [[[144.7999014, -37.9028929], [144.8003473, -37.9035218], [144.801622, -37.9009728], [144.8025794, -37.8983835], [144.8087453, -37.8895948], [144.8089238, -37.8834597], [144.8091022, -37.8807834], [144.8150863, -37.8756503], [144.8236782, -37.8721092], [144.8334779, -37.8724797], [144.840052, -37.8723013], [144.8518688, -37.8663557], [144.8520778, -37.8636127], [144.8521735, -37.8622667], [144.8521534, -37.8620552], [144.8017567, -37.8281716], [144.7897148, -37.8888744], [144.7876348, -37.8993513], [144.7882228, -37.8991429], [144.7914353, -37.8985177], [144.7940536, -37.8990251], [144.7967219, -37.8995711], [144.7973898, -37.899437], [144.7999014, -37.9028929]]]}}, {"type": "Feature", "properties": {"level": "secondary", "school": "Highvale Secondary College", "year_level": "7", "boundary_year": "2026"}, "geometry": {"type": "Polygon", "coordinates": [[[145.2007424, -37.8862813], [145.2068849, -37.8764187], [145.2043643, -37.8656411], [145.1826156, -37.8509486], [145.1573237, -37.863272], [145.1879926, -37.8851451], [145.1864448, -37.8853261], [145.1938695, -37.8867575], [145.2007424, -37.8862813]]]}}, {"type": "Feature", "properties": {"level": "secondary", "school": "Ashwood High School", "year_level": "7", "boundary_year": "2026"}, "geometry": {"type": "Polygon", "coordinates": [[[145.123565, -37.843841], [145.1078307, -37.8363105], [145.071095, -37.8568102], [145.0655089, -37.8651097], [145.0787645, -37.890802], [145.1106348, -37.8954988], [145.123565, -37.843841]]]}}, {"type": "Feature", "properties": {"level": "secondary", "school": "Carranballac P-9 College", "year_level": "7", "boundary_year": "2026"}, "geometry": {"type": "Polygon", "coordinates": [[[144.7731263, -37.8853966], [144.772468, -37.8850742], [144.7710158, -37.8844222], [144.7697627, -37.8841282], [144.7682059, -37.8847879], [144.7668871, -37.8842288], [144.7648718, -37.8817736], [144.7645251, -37.8804214], [144.7656547, -37.8772966], [144.7645774, -37.8747989], [144.7460984, -37.8628042], [144.724741, -37.8657675], [144.7213861, -37.8732204], [144.7354451, -37.8913773], [144.7731263, -37.8853966]]]}}, {"type": "Feature", "properties": {"level": "secondary", "school": "Wantirna College", "year_level": "7", "boundary_year": "2026"}, "geometry": {"type": "Polygon", "coordinates": [[[145.2384923, -37.8724383], [145.2527984, -37.8556991], [145.2467179, -37.8491067], [145.2175213, -37.8470675], [145.2043643, -37.8656411], [145.2068849, -37.8764187], [145.2384923, -37.8724383]]]}}, {"type": "Feature", "properties": {"level": "secondary", "school": "The Grange P-12 College", "year_level": "7", "boundary_year": "2026"}, "geometry": {"type": "Polygon", "coordinates": [[[144.6931029, -37.8568779], [144.6828649, -37.8486062], [144.6615808, -37.8454498], [144.6559746, -37.86991], [144.6725412, -37.8770372], [144.6931029, -37.8568779]]]}}, {"type": "Feature", "properties": {"level": "secondary", "school": "Boronia K-12 College", "year_level": "7", "boundary_year": "2026"}, "geometry": {"type": "Polygon", "coordinates": [[[145.3662014, -37.8514652], [145.3701288, -37.8381056], [145.3688043, -37.8371989], [145.3024403, -37.8233423], [145.2698277, -37.8566272], [145.2947719, -37.8926068], [145.3662014, -37.8514652]]]}}, {"type": "Feature", "properties": {"level": "secondary", "school": "Baden Powell P-9 College", "year_level": "7", "boundary_year": "2026"}, "geometry": {"type": "Polygon", "coordinates": [[[144.7110355, -37.8567467], [144.7082515, -37.8454705], [144.7074511, -37.8446154], [144.7088673, -37.8361445], [144.7093061, -37.8325452], [144.7051886, -37.8330592], [144.7038034, -37.8331009], [144.7020379, -37.8330517], [144.7006182, -37.832929], [144.691736, -37.8318013], [144.6828649, -37.8486062], [144.6931029, -37.8568779], [144.7110355, -37.8567467]]]}}, {"type": "Feature", "properties": {"level": "secondary", "school": "Bayswater Secondary College", "year_level": "7", "boundary_year": "2026"}, "geometry": {"type": "Polygon", "coordinates": [[[145.3024403, -37.8233423], [145.2936066, -37.8172806], [145.2670079, -37.8172778], [145.2473353, -37.8298934], [145.2467179, -37.8491067], [145.2527984, -37.8556991], [145.2698277, -37.8566272], [145.3024403, -37.8233423]]]}}, {"type": "Feature", "properties": {"level": "secondary", "school": "Forest Hill College", "year_level": "7", "boundary_year": "2026"}, "geometry": {"type": "Polygon", "coordinates": [[[145.1826156, -37.8509486], [145.1782138, -37.8283247], [145.1722365, -37.8259244], [145.1599065, -37.8287381], [145.1330646, -37.8444383], [145.1531754, -37.8637522], [145.1540055, -37.8621952], [145.1559432, -37.8622873], [145.1573237, -37.863272], [145.1826156, -37.8509486]]]}}, {"type": "Feature", "properties": {"level": "secondary", "school": "Vermont Secondary College", "year_level": "7", "boundary_year": "2026"}, "geometry": {"type": "Polygon", "coordinates": [[[145.2175213, -37.8470675], [145.2108107, -37.8230345], [145.1782138, -37.8283247], [145.1826156, -37.8509486], [145.2043643, -37.8656411], [145.2175213, -37.8470675]]]}}, {"type": "Feature", "properties": {"level": "secondary", "school": "Bayside P-12 College", "year_level": "7", "boundary_year": "2026"}, "geometry": {"type": "Polygon", "coordinates": [[[144.8520778, -37.8636127], [144.8518688, -37.8663557], [144.8531456, -37.8657133], [144.8608044, -37.8660976], [144.86462, -37.8643957], [144.8710157, -37.8634623], [144.8746504, -37.8616247], [144.9035136, -37.8607947], [144.9042595, -37.8607713], [144.9024288, -37.8554916], [144.902022, -37.8542198], [144.9015957, -37.8535692], [144.9011119, -37.8536207], [144.900448, -37.8529465], [144.8990378, -37.8516701], [144.8954252, -37.8488046], [144.895507, -37.8483297], [144.8958263, -37.8479025], [144.8964078, -37.8476915], [144.8972365, -37.8477069], [144.8980857, -37.8478357], [144.8988681, -37.8487929], [144.8995473, -37.8491944], [144.8999333, -37.849565], [144.9000981, -37.8494775], [144.8998152, -37.8491944], [144.8994752, -37.8487981], [144.8990532, -37.8480466], [144.8987887, -37.8472768], [144.8992696, -37.8470585], [144.8998717, -37.8469452], [144.8994341, -37.8456018], [144.8995063, -37.8453805], [144.8993774, -37.8451747], [144.9003194, -37.8445159], [144.8982513, -37.8407981], [144.8977253, -37.8398529], [144.8976326, -37.8391526], [144.8970614, -37.83485], [144.8975994, -37.8329302], [144.8959837, -37.8326845], [144.880524, -37.8304141], [144.8521534, -37.8620552], [144.8521735, -37.8622667], [144.8520778, -37.8636127]]]}}, {"type": "Feature", "properties": {"level": "secondary", "school": "Williamstown High School", "year_level": "7", "boundary_year": "2026"}, "geometry": {"type": "Polygon", "coordinates": [[[144.9035136, -37.8607947], [144.8746504, -37.8616247], [144.8710157, -37.8634623], [144.8736235, -37.8640937], [144.8775761, -37.8680466], [144.8792095, -37.8688288], [144.8803899, -37.8677308], [144.8813643, -37.8665094], [144.8826544, -37.8667427], [144.8832385, -37.867596], [144.8839447, -37.8681975], [144.8896132, -37.8689249], [144.8906698, -37.868019], [144.8927836, -37.8683896], [144.8957207, -37.8703112], [144.9001403, -37.8722327], [144.9037253, -37.8730879], [144.9078947, -37.8709426], [144.9131239, -37.8677308], [144.9158574, -37.8658702], [144.9152241, -37.8647937], [144.9115948, -37.8617685], [144.9097338, -37.8613625], [144.9069205, -37.8616232], [144.9043611, -37.8610646], [144.9042595, -37.8607713], [144.9035136, -37.8607947]]]}}, {"type": "Feature", "properties": {"level": "secondary", "school": "Heathmont College", "year_level": "7", "boundary_year": "2026"}, "geometry": {"type": "Polygon", "coordinates": [[[145.2473353, -37.8298934], [145.2113468, -37.822583], [145.2108107, -37.8230345], [145.2175213, -37.8470675], [145.2467179, -37.8491067], [145.2473353, -37.8298934]]]}}, {"type": "Feature", "properties": {"level": "secondary", "school": "Auburn High School", "year_level": "7", "boundary_year": "2026"}, "geometry": {"type": "Polygon", "coordinates": [[[145.071095, -37.8568102], [145.0484744, -37.8162226], [145.0368789, -37.8132111], [145.0209878, -37.8320655], [145.0208536, -37.8322242], [145.0192905, -37.8316928], [145.0175989, -37.8318842], [145.0156154, -37.8316412], [145.0135454, -37.8431561], [145.0122117, -37.8499263], [145.0117973, -37.8529141], [145.0116464, -37.8536601], [145.0110003, -37.8574308], [145.0140373, -37.8601234], [145.0655089, -37.8651097], [145.071095, -37.8568102]]]}}, {"type": "Feature", "properties": {"level": "secondary", "school": "Box Hill High School", "year_level": "7", "boundary_year": "2026"}, "geometry": {"type": "Polygon", "coordinates": [[[145.1599065, -37.8287381], [145.1334968, -37.8068526], [145.1053449, -37.8263918], [145.1078307, -37.8363105], [145.123565, -37.843841], [145.1330646, -37.8444383], [145.1599065, -37.8287381]]]}}, {"type": "Feature", "properties": {"level": "secondary", "school": "Camberwell High School", "year_level": "7", "boundary_year": "2026"}, "geometry": {"type": "Polygon", "coordinates": [[[145.1078307, -37.8363105], [145.1053449, -37.8263918], [145.093289, -37.8142526], [145.0736135, -37.8118974], [145.0484744, -37.8162226], [145.071095, -37.8568102], [145.1078307, -37.8363105]]]}}, {"type": "Feature", "properties": {"level": "secondary", "school": "Blackburn High School", "year_level": "7", "boundary_year": "2026"}, "geometry": {"type": "Polygon", "coordinates": [[[145.1722365, -37.8259244], [145.1687789, -37.7990584], [145.1506244, -37.7955526], [145.1363831, -37.7996691], [145.1334968, -37.8068526], [145.1599065, -37.8287381], [145.1722365, -37.8259244]]]}}, {"type": "Feature", "properties": {"level": "secondary", "school": "Mullauna Secondary College", "year_level": "7", "boundary_year": "2026"}, "geometry": {"type": "Polygon", "coordinates": [[[145.2108107, -37.8230345], [145.2113468, -37.822583], [145.2153757, -37.8095015], [145.2072298, -37.7764142], [145.196333, -37.7771075], [145.1687789, -37.7990584], [145.1722365, -37.8259244], [145.1782138, -37.8283247], [145.2108107, -37.8230345]]]}}, {"type": "Feature", "properties": {"level": "secondary", "school": "Tarneit P-9 College", "year_level": "7", "boundary_year": "2026"}, "geometry": {"type": "Polygon", "coordinates": [[[144.6923152, -37.8277309], [144.6617638, -37.7755413], [144.6515499, -37.7763113], [144.6453603, -37.7767776], [144.6205912, -37.7873502], [144.6615808, -37.8454498], [144.6828649, -37.8486062], [144.691736, -37.8318013], [144.6923152, -37.8277309]]]}}, {"type": "Feature", "properties": {"level": "secondary", "school": "Ringwood Secondary College", "year_level": "7", "boundary_year": "2026"}, "geometry": {"type": "Polygon", "coordinates": [[[145.2670079, -37.8172778], [145.2524877, -37.8073657], [145.2153757, -37.8095015], [145.2113468, -37.822583], [145.2473353, -37.8298934], [145.2670079, -37.8172778]]]}}, {"type": "Feature", "properties": {"level": "secondary", "school": "Melba Secondary College", "year_level": "7", "boundary_year": "2026"}, "geometry": {"type": "Polygon", "coordinates": [[[145.2670079, -37.8172778], [145.2936066, -37.8172806], [145.2876784, -37.7845846], [145.25758, -37.7361209], [145.238378, -37.7560572], [145.2524877, -37.8073657], [145.2670079, -37.8172778]]]}}, {"type": "Feature", "properties": {"level": "secondary", "school": "Koonung Secondary College", "year_level": "7", "boundary_year": "2026"}, "geometry": {"type": "Polygon", "coordinates": [[[145.1334968, -37.8068526], [145.1363831, -37.7996691], [145.1155979, -37.784436], [145.0992991, -37.7830321], [145.1006204, -37.7862443], [145.1028216, -37.788732], [145.0998077, -37.7898553], [145.0970329, -37.8040341], [145.0966073, -37.8068681], [145.0964825, -37.8070717], [145.0963557, -37.8072467], [145.0962001, -37.8080983], [145.0949212, -37.8144478], [145.093289, -37.8142526], [145.1053449, -37.8263918], [145.1334968, -37.8068526]]]}}, {"type": "Feature", "properties": {"level": "secondary", "school": "Bayside P-12 College", "year_level": "7", "boundary_year": "2026"}, "geometry": {"type": "Polygon", "coordinates": [[[144.880524, -37.8304141], [144.8613787, -37.8097678], [144.8582685, -37.80719], [144.8456576, -37.8070456], [144.8447037, -37.8075047], [144.8017567, -37.8281716], [144.8521534, -37.8620552], [144.880524, -37.8304141]]]}}, {"type": "Feature", "properties": {"level": "secondary", "school": "Norwood Secondary College", "year_level": "7", "boundary_year": "2026"}, "geometry": {"type": "Polygon", "coordinates": [[[145.2524877, -37.8073657], [145.238378, -37.7560572], [145.2072298, -37.7764142], [145.2153757, -37.8095015], [145.2524877, -37.8073657]]]}}, {"type": "Feature", "properties": {"level": "secondary", "school": "Kew High School", "year_level": "7", "boundary_year": "2026"}, "geometry": {"type": "Polygon", "coordinates": [[[145.0736135, -37.8118974], [145.0641116, -37.8107589], [145.0644009, -37.8092323], [145.0651072, -37.8093155], [145.0652089, -37.8087381], [145.0652791, -37.8083651], [145.0653583, -37.8081801], [145.0655128, -37.8079711], [145.0657522, -37.8078125], [145.0659053, -37.8076276], [145.0659791, -37.8074321], [145.0670919, -37.8075648], [145.0677149, -37.8043894], [145.0681036, -37.8035683], [145.0684959, -37.8015733], [145.068347, -37.8015598], [145.0686116, -37.8002947], [145.0689638, -37.8003026], [145.0699186, -37.7953511], [145.0704624, -37.7926097], [145.0727806, -37.7901261], [145.0755185, -37.7871088], [145.0765718, -37.7859178], [145.0779553, -37.7843005], [145.0783689, -37.7824567], [145.0786116, -37.7809715], [145.0799594, -37.7801851], [145.0815607, -37.7798624], [145.0915231, -37.7797552], [145.084935, -37.7710535], [145.0622715, -37.7649485], [145.0260864, -37.7872162], [145.0254436, -37.7901049], [145.0261491, -37.7944585], [145.0368789, -37.8132111], [145.0484744, -37.8162226], [145.0736135, -37.8118974]]]}}, {"type": "Feature", "properties": {"level": "secondary", "school": "Richmond High School", "year_level": "7", "boundary_year": "2026"}, "geometry": {"type": "Polygon", "coordinates": [[[145.0368789, -37.8132111], [145.0261491, -37.7944585], [144.9966329, -37.8101722], [144.991351, -37.8097313], [144.9907544, -37.813284], [144.9755262, -37.821399], [144.9758566, -37.8218991], [144.9782112, -37.8242272], [144.9794121, -37.8254143], [144.9814266, -37.8270061], [144.9850568, -37.8277127], [144.9884632, -37.8302658], [144.9907009, -37.8325841], [144.9942813, -37.8336838], [144.9973158, -37.8343118], [145.0006475, -37.8335262], [145.002387, -37.8340361], [145.003631, -37.8344686], [145.0045259, -37.8338007], [145.0042273, -37.8327801], [145.0039294, -37.831562], [145.0053709, -37.8312482], [145.0070126, -37.8317592], [145.0082065, -37.8324258], [145.0090518, -37.8332907], [145.0097971, -37.8334474], [145.010941, -37.8315624], [145.0119847, -37.8307379], [145.0129798, -37.83058], [145.014025, -37.830699], [145.0151689, -37.8313655], [145.0156154, -37.8316412], [145.0175989, -37.8318842], [145.0192905, -37.8316928], [145.0208536, -37.8322242], [145.0209878, -37.8320655], [145.0368789, -37.8132111]]]}}, {"type": "Feature", "properties": {"level": "secondary", "school": "Yarra Hills Secondary College", "year_level": "7", "boundary_year": "2026"}, "geometry": {"type": "Polygon", "coordinates": [[[145.2936066, -37.8172806], [145.3024403, -37.8233423], [145.3688043, -37.8371989], [145.3575943, -37.8040343], [145.3531137, -37.7907702], [145.3523963, -37.7886448], [145.338539, -37.7801945], [145.2876784, -37.7845846], [145.2936066, -37.8172806]]]}}, {"type": "Feature", "properties": {"level": "secondary", "school": "Doncaster Secondary College", "year_level": "7", "boundary_year": "2026"}, "geometry": {"type": "Polygon", "coordinates": [[[145.1506244, -37.7955526], [145.1452527, -37.7672843], [145.1155979, -37.784436], [145.1363831, -37.7996691], [145.1506244, -37.7955526]]]}}, {"type": "Feature", "properties": {"level": "secondary", "school": "East Doncaster Secondary College", "year_level": "7", "boundary_year": "2026"}, "geometry": {"type": "Polygon", "coordinates": [[[145.196333, -37.7771075], [145.1524252, -37.7561349], [145.1452527, -37.7672843], [145.1506244, -37.7955526], [145.1687789, -37.7990584], [145.196333, -37.7771075]]]}}, {"type": "Feature", "properties": {"level": "secondary", "school": "Yarra Hills Secondary College", "year_level": "7", "boundary_year": "2026"}, "geometry": {"type": "Polygon", "coordinates": [[[145.5016303, -37.8047484], [145.5084317, -37.7450814], [145.4349419, -37.6933043], [145.374033, -37.749919], [145.3523963, -37.7886448], [145.3531137, -37.7907702], [145.3575943, -37.8040343], [145.3688043, -37.8371989], [145.3701288, -37.8381056], [145.5016303, -37.8047484]]]}}, {"type": "Feature", "properties": {"level": "secondary", "school": "Fitzroy High School", "year_level": "7", "boundary_year": "2026"}, "geometry": {"type": "Polygon", "coordinates": [[[145.0260864, -37.7872162], [145.0221324, -37.7839102], [144.9768797, -37.7780039], [144.975119, -37.7954075], [145.0254436, -37.7901049], [145.0260864, -37.7872162]]]}}, {"type": "Feature", "properties": {"level": "secondary", "school": "Princes Hill Secondary College", "year_level": "7", "boundary_year": "2026"}, "geometry": {"type": "Polygon", "coordinates": [[[144.9768797, -37.7780039], [144.9726038, -37.770875], [144.949143, -37.7826464], [144.9489318, -37.785844], [144.9491659, -37.7856216], [144.9743346, -37.7953623], [144.975119, -37.7954075], [144.9768797, -37.7780039]]]}}, {"type": "Feature", "properties": {"level": "secondary", "school": "Mooroolbark College", "year_level": "7", "boundary_year": "2026"}, "geometry": {"type": "Polygon", "coordinates": [[[145.338539, -37.7801945], [145.3197008, -37.7556994], [145.2621975, -37.7220006], [145.25758, -37.7361209], [145.2876784, -37.7845846], [145.338539, -37.7801945]]]}}, {"type": "Feature", "properties": {"level": "secondary", "school": "Lilydale High School", "year_level": "7", "boundary_year": "2026"}, "geometry": {"type": "Polygon", "coordinates": [[[145.374033, -37.749919], [145.3197008, -37.7556994], [145.338539, -37.7801945], [145.3523963, -37.7886448], [145.374033, -37.749919]]]}}, {"type": "Feature", "properties": {"level": "secondary", "school": "Northcote High School", "year_level": "7", "boundary_year": "2026"}, "geometry": {"type": "Polygon", "coordinates": [[[144.9768797, -37.7780039], [145.0221324, -37.7839102], [145.0028521, -37.7594857], [144.9889523, -37.7549755], [144.9742762, -37.7596495], [144.9726038, -37.770875], [144.9768797, -37.7780039]]]}}, {"type": "Feature", "properties": {"level": "secondary", "school": "Thornbury High School", "year_level": "7", "boundary_year": "2026"}, "geometry": {"type": "Polygon", "coordinates": [[[145.0622715, -37.7649485], [145.0585026, -37.7554185], [145.0387928, -37.7403252], [145.0278991, -37.7394111], [145.0028521, -37.7594857], [145.0221324, -37.7839102], [145.0260864, -37.7872162], [145.0622715, -37.7649485]]]}}, {"type": "Feature", "properties": {"level": "secondary", "school": "Templestowe College", "year_level": "7", "boundary_year": "2026"}, "geometry": {"type": "Polygon", "coordinates": [[[145.1452527, -37.7672843], [145.1524252, -37.7561349], [145.1499185, -37.7510293], [145.1186444, -37.7421225], [145.084935, -37.7710535], [145.0915231, -37.7797552], [145.0942796, -37.779726], [145.0963484, -37.780147], [145.0978367, -37.7809639], [145.0988993, -37.7820622], [145.0992991, -37.7830321], [145.1155979, -37.784436], [145.1452527, -37.7672843]]]}}, {"type": "Feature", "properties": {"level": "secondary", "school": "Warrandyte High School", "year_level": "7", "boundary_year": "2026"}, "geometry": {"type": "Polygon", "coordinates": [[[145.2072298, -37.7764142], [145.238378, -37.7560572], [145.25758, -37.7361209], [145.2621975, -37.7220006], [145.2616157, -37.6984424], [145.1873491, -37.7089245], [145.1499185, -37.7510293], [145.1524252, -37.7561349], [145.196333, -37.7771075], [145.2072298, -37.7764142]]]}}, {"type": "Feature", "properties": {"level": "secondary", "school": "Essendon Keilor College", "year_level": "7", "boundary_year": "2026"}, "geometry": {"type": "Polygon", "coordinates": [[[144.8808583, -37.7388541], [144.8468172, -37.717888], [144.8374821, -37.7321346], [144.8397755, -37.7473589], [144.8404052, -37.7475484], [144.8412925, -37.7474671], [144.8419913, -37.7471607], [144.8447108, -37.7465798], [144.8460963, -37.7474059], [144.8468307, -37.7481563], [144.8484669, -37.7511783], [144.8496389, -37.7551516], [144.8492861, -37.7569347], [144.8482714, -37.759354], [144.8483077, -37.759946], [144.8491314, -37.7610711], [144.852612, -37.7623682], [144.8532165, -37.7622715], [144.8536837, -37.7622758], [144.8539191, -37.7625385], [144.8538993, -37.763093], [144.8542965, -37.7645741], [144.8546305, -37.7649879], [144.8598868, -37.7594396], [144.8656391, -37.761525], [144.8808583, -37.7388541]]]}}, {"type": "Feature", "properties": {"level": "secondary", "school": "Rosehill Secondary College", "year_level": "7", "boundary_year": "2026"}, "geometry": {"type": "Polygon", "coordinates": [[[144.8656391, -37.761525], [144.8598868, -37.7594396], [144.8546305, -37.7649879], [144.8540033, -37.7656499], [144.853297, -37.7669365], [144.8514444, -37.7681033], [144.8509642, -37.7688574], [144.852005, -37.7725813], [144.8526616, -37.7732607], [144.8578986, -37.7758341], [144.8606807, -37.7761286], [144.8646322, -37.7737312], [144.8647581, -37.772658], [144.8650257, -37.772321], [144.8665039, -37.7721243], [144.8677101, -37.7721453], [144.8682138, -37.7722931], [144.8696537, -37.7726085], [144.8717641, -37.7727258], [144.8734895, -37.7719413], [144.8744568, -37.7709997], [144.8744255, -37.7689759], [144.884788, -37.7618178], [144.8881568, -37.7617788], [144.8896161, -37.7622634], [144.8909776, -37.7633086], [144.8926409, -37.7356943], [144.8808583, -37.7388541], [144.8656391, -37.761525]]]}}, {"type": "Feature", "properties": {"level": "secondary", "school": "Preston High School", "year_level": "7", "boundary_year": "2026"}, "geometry": {"type": "Polygon", "coordinates": [[[145.0278991, -37.7394111], [145.0014224, -37.7193481], [144.993531, -37.719749], [144.9905454, -37.7214194], [144.9889523, -37.7549755], [145.0028521, -37.7594857], [145.0278991, -37.7394111]]]}}, {"type": "Feature", "properties": {"level": "secondary", "school": "Viewbank College", "year_level": "7", "boundary_year": "2026"}, "geometry": {"type": "Polygon", "coordinates": [[[145.1186444, -37.7421225], [145.1166843, -37.7380556], [145.0967791, -37.725547], [145.0934198, -37.725245], [145.07079, -37.7377175], [145.0585026, -37.7554185], [145.0622715, -37.7649485], [145.084935, -37.7710535], [145.1186444, -37.7421225]]]}}, {"type": "Feature", "properties": {"level": "secondary", "school": "Charles La Trobe P-12 College", "year_level": "7", "boundary_year": "2026"}, "geometry": {"type": "Polygon", "coordinates": [[[145.07079, -37.7377175], [145.0612279, -37.7183235], [145.0473923, -37.7169691], [145.0387928, -37.7403252], [145.0585026, -37.7554185], [145.07079, -37.7377175]]]}}, {"type": "Feature", "properties": {"level": "secondary", "school": "Lilydale Heights College", "year_level": "7", "boundary_year": "2026"}, "geometry": {"type": "Polygon", "coordinates": [[[145.374033, -37.749919], [145.4349419, -37.6933043], [145.3393359, -37.5812586], [145.2616157, -37.6984424], [145.2621975, -37.7220006], [145.3197008, -37.7556994], [145.374033, -37.749919]]]}}, {"type": "Feature", "properties": {"level": "secondary", "school": "Reservoir High School", "year_level": "7", "boundary_year": "2026"}, "geometry": {"type": "Polygon", "coordinates": [[[145.0473923, -37.7169691], [145.0335763, -37.6979375], [145.0014224, -37.7193481], [145.0278991, -37.7394111], [145.0387928, -37.7403252], [145.0473923, -37.7169691]]]}}, {"type": "Feature", "properties": {"level": "secondary", "school": "Eltham High School", "year_level": "7", "boundary_year": "2026"}, "geometry": {"type": "Polygon", "coordinates": [[[145.1873491, -37.7089245], [145.173708, -37.7046426], [145.1355174, -37.7058137], [145.1166843, -37.7380556], [145.1186444, -37.7421225], [145.1499185, -37.7510293], [145.1873491, -37.7089245]]]}}, {"type": "Feature", "properties": {"level": "secondary", "school": "Macleod College", "year_level": "7", "boundary_year": "2026"}, "geometry": {"type": "Polygon", "coordinates": [[[145.0934198, -37.725245], [145.0763663, -37.7126499], [145.0612279, -37.7183235], [145.07079, -37.7377175], [145.0934198, -37.725245]]]}}, {"type": "Feature", "properties": {"level": "secondary", "school": "Greensborough Secondary College", "year_level": "7", "boundary_year": "2026"}, "geometry": {"type": "Polygon", "coordinates": [[[145.0934198, -37.725245], [145.0967791, -37.725547], [145.110613, -37.6906162], [145.1009886, -37.6769338], [145.0753336, -37.6870949], [145.0777049, -37.6875189], [145.0763663, -37.7126499], [145.0934198, -37.725245]]]}}, {"type": "Feature", "properties": {"level": "secondary", "school": "Montmorency Secondary College", "year_level": "7", "boundary_year": "2026"}, "geometry": {"type": "Polygon", "coordinates": [[[145.1355174, -37.7058137], [145.110613, -37.6906162], [145.0967791, -37.725547], [145.1166843, -37.7380556], [145.1355174, -37.7058137]]]}}, {"type": "Feature", "properties": {"level": "secondary", "school": "Bundoora Secondary College", "year_level": "7", "boundary_year": "2026"}, "geometry": {"type": "Polygon", "coordinates": [[[145.0763663, -37.7126499], [145.0777049, -37.6875189], [145.0753336, -37.6870949], [145.0585195, -37.6861692], [145.0544073, -37.6864134], [145.0525274, -37.6865394], [145.0337947, -37.697185], [145.0335763, -37.6979375], [145.0473923, -37.7169691], [145.0612279, -37.7183235], [145.0763663, -37.7126499]]]}}, {"type": "Feature", "properties": {"level": "secondary", "school": "John Fawkner Secondary College", "year_level": "7", "boundary_year": "2026"}, "geometry": {"type": "Polygon", "coordinates": [[[144.993531, -37.719749], [144.9841748, -37.6895434], [144.9852181, -37.6893975], [144.9710593, -37.6781706], [144.9749353, -37.6715577], [144.9671408, -37.6714088], [144.9477739, -37.6939932], [144.9496535, -37.7219048], [144.9518893, -37.7219534], [144.9518834, -37.7220237], [144.9905454, -37.7214194], [144.993531, -37.719749]]]}}, {"type": "Feature", "properties": {"level": "secondary", "school": "William Ruthven Secondary College", "year_level": "7", "boundary_year": "2026"}, "geometry": {"type": "Polygon", "coordinates": [[[145.0014224, -37.7193481], [145.0335763, -37.6979375], [145.0337947, -37.697185], [145.0201187, -37.6871675], [144.9852181, -37.6893975], [144.9841748, -37.6895434], [144.993531, -37.719749], [145.0014224, -37.7193481]]]}}, {"type": "Feature", "properties": {"level": "secondary", "school": "Hume Central Secondary College", "year_level": "7", "boundary_year": "2026"}, "geometry": {"type": "Polygon", "coordinates": [[[144.9671408, -37.6714088], [144.9652183, -37.671585], [144.9649829, -37.655637], [144.9210765, -37.6547295], [144.9184544, -37.6569571], [144.9224929, -37.6916458], [144.9477739, -37.6939932], [144.9671408, -37.6714088]]]}}, {"type": "Feature", "properties": {"level": "secondary", "school": "St Helena Secondary College", "year_level": "7", "boundary_year": "2026"}, "geometry": {"type": "Polygon", "coordinates": [[[145.173708, -37.7046426], [145.1265173, -37.6462566], [145.1089498, -37.6599934], [145.1009886, -37.6769338], [145.110613, -37.6906162], [145.1355174, -37.7058137], [145.173708, -37.7046426]]]}}, {"type": "Feature", "properties": {"level": "secondary", "school": "Thomastown Secondary College", "year_level": "7", "boundary_year": "2026"}, "geometry": {"type": "Polygon", "coordinates": [[[145.0201187, -37.6871675], [145.0120159, -37.6629247], [145.0034169, -37.6531778], [144.9867613, -37.6436239], [144.9780678, -37.6433733], [144.9649829, -37.655637], [144.9652183, -37.671585], [144.9671408, -37.6714088], [144.9749353, -37.6715577], [144.9710593, -37.6781706], [144.9852181, -37.6893975], [145.0201187, -37.6871675]]]}}, {"type": "Feature", "properties": {"level": "secondary", "school": "Lalor Secondary College", "year_level": "7", "boundary_year": "2026"}, "geometry": {"type": "Polygon", "coordinates": [[[145.0544073, -37.6864134], [145.0474758, -37.6695216], [145.0120159, -37.6629247], [145.0201187, -37.6871675], [145.0337947, -37.697185], [145.0525274, -37.6865394], [145.0544073, -37.6864134]]]}}, {"type": "Feature", "properties": {"level": "secondary", "school": "Diamond Valley College", "year_level": "7", "boundary_year": "2026"}, "geometry": {"type": "Polygon", "coordinates": [[[145.2616157, -37.6984424], [145.3393359, -37.5812586], [145.3362913, -37.5572854], [145.3354207, -37.5574529], [145.1303003, -37.6404685], [145.1265173, -37.6462566], [145.173708, -37.7046426], [145.1873491, -37.7089245], [145.2616157, -37.6984424]]]}}, {"type": "Feature", "properties": {"level": "secondary", "school": "Hazel Glen College", "year_level": "7", "boundary_year": "2026"}, "geometry": {"type": "Polygon", "coordinates": [[[145.3354207, -37.5574529], [145.0870992, -37.5560947], [145.1046289, -37.6032993], [145.1033696, -37.6042268], [145.103065, -37.6058299], [145.1035024, -37.6077012], [145.1043432, -37.6095089], [145.1050569, -37.6120591], [145.106735, -37.6140455], [145.1088836, -37.6147501], [145.113956, -37.6283902], [145.1303003, -37.6404685], [145.3354207, -37.5574529]]]}}, {"type": "Feature", "properties": {"level": "secondary", "school": "Mill Park Secondary College", "year_level": "7", "boundary_year": "2026"}, "geometry": {"type": "Polygon", "coordinates": [[[145.1009886, -37.6769338], [145.1089498, -37.6599934], [145.0568272, -37.6461685], [145.0506947, -37.6519372], [145.0474758, -37.6695216], [145.0544073, -37.6864134], [145.0585195, -37.6861692], [145.0753336, -37.6870949], [145.1009886, -37.6769338]]]}}, {"type": "Feature", "properties": {"level": "secondary", "school": "Lalor North Secondary College", "year_level": "7", "boundary_year": "2026"}, "geometry": {"type": "Polygon", "coordinates": [[[145.0506947, -37.6519372], [145.0034169, -37.6531778], [145.0120159, -37.6629247], [145.0474758, -37.6695216], [145.0506947, -37.6519372]]]}}, {"type": "Feature", "properties": {"level": "secondary", "school": "Epping Secondary College", "year_level": "7", "boundary_year": "2026"}, "geometry": {"type": "Polygon", "coordinates": [[[145.0506947, -37.6519372], [145.0568272, -37.6461685], [145.0492406, -37.6238077], [145.0149645, -37.6289723], [144.9867613, -37.6436239], [145.0034169, -37.6531778], [145.0506947, -37.6519372]]]}}, {"type": "Feature", "properties": {"level": "secondary", "school": "Edgars Creek Secondary College", "year_level": "7", "boundary_year": "2026"}, "geometry": {"type": "Polygon", "coordinates": [[[145.0149645, -37.6289723], [145.0156561, -37.5582281], [144.9794886, -37.5676056], [144.9709589, -37.5827661], [144.9702331, -37.6256673], [144.9780678, -37.6433733], [144.9867613, -37.6436239], [145.0149645, -37.6289723]]]}}, {"type": "Feature", "properties": {"level": "secondary", "school": "The Lakes South Morang College", "year_level": "7", "boundary_year": "2026"}, "geometry": {"type": "Polygon", "coordinates": [[[145.1265173, -37.6462566], [145.1303003, -37.6404685], [145.113956, -37.6283902], [145.0747595, -37.6179661], [145.0715404, -37.6133878], [145.0683015, -37.612968], [145.0650074, -37.6153703], [145.0646369, -37.6152715], [145.0575168, -37.6133748], [145.0492406, -37.6238077], [145.0568272, -37.6461685], [145.1089498, -37.6599934], [145.1265173, -37.6462566]]]}}, {"type": "Feature", "properties": {"level": "secondary", "school": "Healesville High School", "year_level": "7", "boundary_year": "2026"}, "geometry": {"type": "Polygon", "coordinates": [[[145.3925137, -37.4432625], [145.3362913, -37.5572854], [145.3393359, -37.5812586], [145.4349419, -37.6933043], [145.5084317, -37.7450814], [145.8738788, -37.5999503], [145.8780411, -37.5982879], [145.8801017, -37.5974654], [146.0600711, -37.5253599], [145.5775141, -37.4096698], [145.576157, -37.409917], [145.3925137, -37.4432625]]]}}, {"type": "Feature", "properties": {"level": "secondary", "school": "Yea High School", "year_level": "7", "boundary_year": "2026"}, "geometry": {"type": "Polygon", "coordinates": [[[145.576157, -37.409917], [145.5751296, -37.4058252], [145.5758093, -37.4042901], [145.575559, -37.4039055], [145.574653, -37.4027131], [145.5728551, -37.4005428], [145.5717294, -37.3959531], [145.5754259, -37.391882], [145.5746287, -37.3895258], [145.5749591, -37.3870683], [145.5732321, -37.3858413], [145.5729869, -37.3852172], [145.5749421, -37.3803379], [145.574957, -37.3798954], [145.5756548, -37.3784068], [145.5757278, -37.3777641], [145.5766577, -37.3767728], [145.5770409, -37.3744684], [145.5818107, -37.3663853], [145.5792766, -37.36437], [145.5754253, -37.362552], [145.5751659, -37.3624711], [145.5739969, -37.3625337], [145.572038, -37.3619276], [145.5655875, -37.3636498], [145.5647884, -37.3635561], [145.5628772, -37.3621993], [145.5599853, -37.3633779], [145.5570278, -37.3594087], [145.5606099, -37.3595747], [145.5631734, -37.3582822], [145.5635655, -37.3568151], [145.5627589, -37.3553679], [145.5639539, -37.3536637], [145.5676726, -37.3541408], [145.568608, -37.3539218], [145.5696366, -37.3525661], [145.5682137, -37.3499602], [145.5720854, -37.3458723], [145.5721155, -37.3455468], [145.5723335, -37.3452664], [145.573013, -37.3434599], [145.573075, -37.3431458], [145.5759763, -37.339348], [145.5771284, -37.3385773], [145.5809136, -37.3348191], [145.581201, -37.3346347], [145.5815138, -37.332146], [145.5817308, -37.3316123], [145.5818705, -37.330678], [145.5824141, -37.3294661], [145.5810687, -37.327654], [145.5797392, -37.3231989], [145.5792672, -37.3204875], [145.5837627, -37.3196015], [145.5841652, -37.3186857], [145.5841455, -37.3186307], [145.5817138, -37.3174559], [145.5807652, -37.316016], [145.5832816, -37.3136768], [145.5863751, -37.3154044], [145.5895972, -37.3149318], [145.5895842, -37.3141235], [145.586764, -37.3100982], [145.5868069, -37.3098295], [145.5892431, -37.3085449], [145.5936352, -37.3067993], [145.5928464, -37.3040392], [145.584613, -37.3048964], [145.5843219, -37.3048978], [145.5840895, -37.3047342], [145.5827604, -37.3047297], [145.5786618, -37.3035224], [145.5777371, -37.3013181], [145.578346, -37.2992352], [145.5776033, -37.2963622], [145.5781622, -37.2933117], [145.5807315, -37.2932569], [145.5834357, -37.2909781], [145.5853423, -37.2869143], [145.5840683, -37.2850894], [145.5841914, -37.2837649], [145.581744, -37.2808346], [145.5815029, -37.2796921], [145.580918, -37.2788604], [145.5782994, -37.2776711], [145.5760946, -37.2757046], [145.5761624, -37.2754591], [145.5757854, -37.2727177], [145.5768019, -37.2693631], [145.5817976, -37.2674869], [145.5808771, -37.2642065], [145.5787362, -37.2633474], [145.5782945, -37.2615787], [145.5797156, -37.2601741], [145.5845878, -37.2586001], [145.5835137, -37.2562901], [145.5798225, -37.2555559], [145.5788091, -37.2538133], [145.57948, -37.2452226], [145.575209, -37.2452487], [145.5715958, -37.2459591], [145.5675068, -37.2437763], [145.5665628, -37.2429838], [145.5649071, -37.2406912], [145.5644187, -37.2405005], [145.5633665, -37.2395125], [145.5619121, -37.2346142], [145.5646639, -37.2316146], [145.5651065, -37.2314384], [145.5671649, -37.2308825], [145.5712101, -37.2279065], [145.5724932, -37.22306], [145.5726645, -37.2229095], [145.562238, -37.2161589], [145.5614552, -37.2139258], [145.558506, -37.2114225], [145.5576181, -37.2111041], [145.5554286, -37.2104511], [145.5554014, -37.2102899], [145.5527325, -37.205826], [145.5525349, -37.2044924], [145.5526098, -37.2042984], [145.5512686, -37.2015865], [145.5462329, -37.1987899], [145.5369299, -37.1991223], [145.5368546, -37.1989947], [145.5469037, -37.1917601], [145.5507739, -37.1934582], [145.5547253, -37.193393], [145.5547522, -37.1933694], [145.556367, -37.1900526], [145.556418, -37.1861124], [145.5566728, -37.1858409], [145.5582218, -37.1849161], [145.5571931, -37.1791704], [145.5591499, -37.1777202], [145.5593319, -37.177201], [145.559423, -37.176851], [145.5610492, -37.1744317], [145.5608813, -37.1716235], [145.5610454, -37.1712891], [145.5586335, -37.1682608], [145.5563608, -37.1671846], [145.5555644, -37.1665134], [145.5550271, -37.1657102], [145.5556863, -37.1648347], [145.5560046, -37.1593892], [145.556147, -37.1591747], [145.5565073, -37.1582349], [145.5539816, -37.1545176], [145.5551662, -37.1528069], [145.5556438, -37.1506688], [145.5534205, -37.1451612], [145.5533822, -37.1450081], [145.5461345, -37.1421858], [145.5458283, -37.1421554], [145.5433972, -37.1414655], [145.5423989, -37.1395558], [145.5449441, -37.1331177], [145.5471053, -37.1317208], [145.5528194, -37.1339997], [145.5525774, -37.1333619], [145.5539087, -37.1297591], [145.555524, -37.1307211], [145.557388, -37.1296183], [145.5577052, -37.12728], [145.556201, -37.1269264], [145.5554435, -37.125972], [145.5560522, -37.1237847], [145.5583893, -37.1228158], [145.5582213, -37.1220017], [145.5599532, -37.119089], [145.5596352, -37.1188194], [145.5589526, -37.1162992], [145.5559543, -37.1160978], [145.5548837, -37.1172519], [145.5525966, -37.1172338], [145.5520411, -37.1167974], [145.5491065, -37.1166849], [145.5479736, -37.1173624], [145.5479295, -37.1196779], [145.5467063, -37.121147], [145.5466928, -37.1212787], [145.5475569, -37.1226571], [145.5500616, -37.1239883], [145.5505541, -37.125474], [145.5503733, -37.1260066], [145.5478836, -37.1278583], [145.5434406, -37.1268556], [145.541709, -37.1272539], [145.5416481, -37.1272363], [145.5422125, -37.122378], [145.5375153, -37.1202111], [145.5345452, -37.1176029], [145.5345026, -37.1168299], [145.5361013, -37.115506], [145.531945, -37.1090052], [145.5292902, -37.1084611], [145.5287903, -37.1087516], [145.5258267, -37.1090829], [145.5248201, -37.1085061], [145.5251123, -37.1042258], [145.5256023, -37.1038073], [145.5279681, -37.103111], [145.5308063, -37.1010967], [145.5308252, -37.1008966], [145.5325147, -37.0975805], [145.5309292, -37.0906311], [145.529896, -37.0900709], [145.5294144, -37.0898736], [145.5284439, -37.0897456], [145.5242713, -37.0913863], [145.5214184, -37.0910753], [145.5212307, -37.0910717], [145.5172874, -37.0895712], [145.5155962, -37.089509], [145.5108328, -37.091115], [145.5104286, -37.0914258], [145.5076952, -37.0906091], [145.5072116, -37.0903194], [145.506827, -37.0903289], [145.4996615, -37.0867942], [145.4996807, -37.0861226], [145.4981298, -37.0837537], [145.4980487, -37.0837405], [145.4893957, -37.086287], [145.4886342, -37.0861063], [145.4856384, -37.0845056], [145.4833426, -37.0800793], [145.4729591, -37.0767585], [145.471407, -37.0769313], [145.4704534, -37.0768134], [145.469937, -37.075325], [145.468246, -37.0646297], [145.4683595, -37.0636549], [145.4568877, -37.0563556], [145.4561111, -37.0562434], [145.4526146, -37.0534511], [145.4492849, -37.0494021], [145.4463329, -37.046075], [145.4465686, -37.0451927], [145.4467159, -37.0444216], [145.4466517, -37.042677], [145.4468715, -37.0408728], [145.4602269, -37.03873], [145.4659891, -37.0348242], [145.4694127, -37.0360139], [145.4715991, -37.0329076], [145.4724983, -37.0319471], [145.4726143, -37.0307461], [145.4745157, -37.0263092], [145.474492, -37.02414], [145.4739564, -37.0229146], [145.472805, -37.0221089], [145.4762701, -37.0143527], [145.4762989, -37.0124871], [145.4742569, -37.0107108], [145.4720871, -37.0054768], [145.4734227, -36.9975957], [145.4733002, -36.9975637], [145.4729711, -36.9972318], [145.4720616, -36.9962368], [145.4683686, -36.9907918], [145.4675279, -36.986306], [145.4549902, -36.9895074], [145.4526999, -36.9893637], [145.4526661, -36.9893568], [145.4505441, -36.9872982], [145.4489524, -36.9850764], [145.4362657, -36.9815278], [145.4353327, -36.981781], [145.4339124, -36.9823611], [145.4285846, -36.9863781], [145.4237757, -36.9854979], [145.414523, -36.9848222], [145.4123263, -36.9849417], [145.4052748, -36.9900289], [145.4032319, -36.9923044], [145.4031174, -36.992513], [145.4030839, -36.9947229], [145.4033147, -36.995225], [145.4039693, -36.999809], [145.4098093, -37.0064068], [145.4108996, -37.0077224], [145.4120226, -37.0112874], [145.4120599, -37.0119613], [145.4112702, -37.0139342], [145.409937, -37.0159341], [145.4099163, -37.016091], [145.4100916, -37.0183469], [145.4099801, -37.0185592], [145.4097336, -37.0188656], [145.4068558, -37.0217025], [145.4126615, -37.0313807], [145.4145316, -37.031294], [145.4173877, -37.0366172], [145.4154548, -37.0385781], [145.4151909, -37.0392855], [145.4143992, -37.0402562], [145.4143134, -37.040416], [145.4120246, -37.0427076], [145.4118649, -37.0429379], [145.4108852, -37.0438932], [145.4055127, -37.046069], [145.4023677, -37.0491835], [145.4006921, -37.0515226], [145.4003151, -37.0531478], [145.4003297, -37.0535524], [145.3986013, -37.0578308], [145.3984307, -37.0590066], [145.3939785, -37.0611266], [145.3938059, -37.0612102], [145.3921066, -37.0620576], [145.3911887, -37.0626653], [145.3899711, -37.0631902], [145.3878955, -37.0643442], [145.3878317, -37.0644047], [145.3835098, -37.0670577], [145.3829374, -37.0670296], [145.3780742, -37.0680952], [145.3748336, -37.0677549], [145.3737667, -37.0682836], [145.3704506, -37.0762978], [145.3680463, -37.078432], [145.3613022, -37.0818341], [145.3629581, -37.089419], [145.3631058, -37.0908895], [145.3559919, -37.1008683], [145.3493518, -37.099218], [145.3422192, -37.0980205], [145.3322544, -37.0972846], [145.3276803, -37.1005001], [145.3212537, -37.1015234], [145.3193943, -37.1022025], [145.3186616, -37.102143], [145.3160594, -37.1011291], [145.3125247, -37.0984878], [145.3046436, -37.099608], [145.3026121, -37.1011495], [145.3009677, -37.1035593], [145.297086, -37.1070476], [145.2957523, -37.1078422], [145.2940476, -37.1083556], [145.2925191, -37.1109126], [145.2919653, -37.112354], [145.2872151, -37.1154819], [145.2809225, -37.1259869], [145.275469, -37.1264007], [145.2750411, -37.126363], [145.2693404, -37.125337], [145.2671036, -37.1255752], [145.264301, -37.1371999], [145.2598317, -37.1374134], [145.2594083, -37.1373351], [145.25927, -37.1373957], [145.2591395, -37.1374294], [145.2550412, -37.1401606], [145.2550322, -37.1401833], [145.2522712, -37.1419547], [145.25336, -37.1528334], [145.250253, -37.153361], [145.2502004, -37.153379], [145.2491425, -37.1556647], [145.2433268, -37.1601449], [145.2409742, -37.1660416], [145.2411291, -37.1676015], [145.2409452, -37.1682218], [145.2396683, -37.170062], [145.2396172, -37.1702441], [145.2356331, -37.1721365], [145.2355948, -37.1721835], [145.2330578, -37.1744871], [145.23185, -37.1753971], [145.2273738, -37.1747516], [145.2229428, -37.1792561], [145.2202461, -37.1794674], [145.219774, -37.1794286], [145.2194019, -37.1792978], [145.2165287, -37.179238], [145.2161472, -37.1793416], [145.21588, -37.1831522], [145.221466, -37.1891691], [145.2219602, -37.1891014], [145.2267461, -37.1902], [145.2270661, -37.1901994], [145.2282664, -37.1912064], [145.232025, -37.1929151], [145.2356701, -37.1957574], [145.2379545, -37.1964684], [145.2402337, -37.1964737], [145.2414767, -37.1983926], [145.2423445, -37.2017703], [145.241869, -37.2038178], [145.2413917, -37.2043136], [145.239215, -37.2050522], [145.2376085, -37.2068858], [145.234867, -37.2078963], [145.2345765, -37.2090511], [145.2373935, -37.2116726], [145.2384833, -37.214884], [145.2391816, -37.2155188], [145.2440372, -37.2174006], [145.2476146, -37.2158882], [145.2490617, -37.215684], [145.2576862, -37.2172762], [145.2606079, -37.2222219], [145.2666789, -37.2219868], [145.2796454, -37.2180899], [145.2822201, -37.2177477], [145.2853163, -37.220362], [145.283944, -37.2285695], [145.2810325, -37.2312117], [145.2792186, -37.2337868], [145.2790075, -37.2343334], [145.2783651, -37.2352658], [145.2778093, -37.236764], [145.2776993, -37.2378476], [145.2757676, -37.2428969], [145.2758461, -37.2431065], [145.2759379, -37.2441906], [145.2775349, -37.2468334], [145.2752633, -37.253067], [145.2706688, -37.254797], [145.270371, -37.2547606], [145.2669719, -37.255711], [145.2652166, -37.2569891], [145.2639646, -37.2568171], [145.2622556, -37.2559413], [145.2615564, -37.2558285], [145.2546242, -37.2592452], [145.25653, -37.2621214], [145.2590173, -37.2624522], [145.2599381, -37.263263], [145.262329, -37.2644807], [145.2631741, -37.2646166], [145.265396, -37.2667304], [145.2657077, -37.2668659], [145.2659594, -37.2672463], [145.267224, -37.2684665], [145.2705156, -37.2690872], [145.2725165, -37.2673567], [145.2745894, -37.2671674], [145.2771608, -37.2698289], [145.2771165, -37.2706626], [145.2784191, -37.2719336], [145.2810495, -37.2724304], [145.282895, -37.2744627], [145.2829052, -37.2756532], [145.2779844, -37.2767425], [145.2768237, -37.2778763], [145.2762585, -37.2790193], [145.2755406, -37.2794977], [145.272654, -37.2802602], [145.272552, -37.2803975], [145.2666966, -37.2810848], [145.2634417, -37.2793818], [145.2605374, -37.2799451], [145.2572036, -37.2865802], [145.2582036, -37.2874234], [145.256281, -37.291937], [145.254564, -37.2942368], [145.2539206, -37.2946971], [145.2535127, -37.2955729], [145.2535811, -37.2981357], [145.2547182, -37.3001654], [145.2602371, -37.3019478], [145.2630991, -37.3038851], [145.2634341, -37.3048477], [145.2631518, -37.3051359], [145.2577657, -37.3086749], [145.2572937, -37.3092112], [145.2528089, -37.3114899], [145.2520614, -37.3116348], [145.25093, -37.3151633], [145.2481449, -37.317105], [145.25008, -37.3198585], [145.2508276, -37.3207292], [145.254902, -37.3219722], [145.2560106, -37.3218806], [145.2565966, -37.3235736], [145.2602466, -37.3277732], [145.2614309, -37.3282761], [145.2670703, -37.3283618], [145.2673732, -37.3285243], [145.267485, -37.3285475], [145.2728408, -37.3351778], [145.2684692, -37.3391122], [145.2684859, -37.3419146], [145.2708802, -37.3458286], [145.266173, -37.3483443], [145.2650301, -37.3514331], [145.2646475, -37.3517513], [145.2581896, -37.3527631], [145.2572685, -37.3537833], [145.2562392, -37.3578543], [145.256522, -37.3580535], [145.2580128, -37.3605413], [145.2580356, -37.3605638], [145.2585949, -37.3614186], [145.3925137, -37.4432625], [145.576157, -37.409917]]]}}, {"type": "Feature", "properties": {"level": "secondary", "school": "Craigieburn Secondary College", "year_level": "7", "boundary_year": "2026"}, "geometry": {"type": "Polygon", "coordinates": [[[144.9709589, -37.5827661], [144.9148407, -37.5987139], [144.9087433, -37.6155704], [144.9702331, -37.6256673], [144.9709589, -37.5827661]]]}}, {"type": "Feature", "properties": {"level": "secondary", "school": "Mernda Central P-12 College", "year_level": "7", "boundary_year": "2026"}, "geometry": {"type": "Polygon", "coordinates": [[[145.0496845, -37.5476717], [145.0575168, -37.6133748], [145.0646369, -37.6152715], [145.0650074, -37.6153703], [145.0683015, -37.612968], [145.0715404, -37.6133878], [145.0747595, -37.6179661], [145.113956, -37.6283902], [145.1088836, -37.6147501], [145.106735, -37.6140455], [145.1050569, -37.6120591], [145.1043432, -37.6095089], [145.1035024, -37.6077012], [145.103065, -37.6058299], [145.1033696, -37.6042268], [145.1046289, -37.6032993], [145.0870992, -37.5560947], [145.0496845, -37.5476717]]]}}, {"type": "Feature", "properties": {"level": "secondary", "school": "Mount Ridley P-12 College", "year_level": "7", "boundary_year": "2026"}, "geometry": {"type": "Polygon", "coordinates": [[[144.9709589, -37.5827661], [144.9794886, -37.5676056], [144.9385498, -37.547228], [144.8827217, -37.5614363], [144.9148407, -37.5987139], [144.9709589, -37.5827661]]]}}, {"type": "Feature", "properties": {"level": "secondary", "school": "Whittlesea Secondary College", "year_level": "7", "boundary_year": "2026"}, "geometry": {"type": "Polygon", "coordinates": [[[145.3362913, -37.5572854], [145.3925137, -37.4432625], [145.2585949, -37.3614186], [145.2185308, -37.3368694], [145.1872405, -37.3420476], [145.0416516, -37.4750663], [145.0465977, -37.5457066], [145.0496845, -37.5476717], [145.0870992, -37.5560947], [145.3354207, -37.5574529], [145.3362913, -37.5572854]]]}}, {"type": "Feature", "properties": {"level": "secondary", "school": "McKinnon Secondary College", "year_level": "7", "boundary_year": "2026"}, "geometry": {"type": "Polygon", "coordinates": [[[145.0538979, -37.9057177], [145.0420973, -37.9042198], [145.030379, -37.9026864], [145.0261216, -37.902098], [145.0259828, -37.9021772], [145.0247005, -37.9093556], [145.0336265, -37.9105122], [145.0323015, -37.9176833], [145.0408781, -37.9187375], [145.0546192, -37.9205763], [145.0546783, -37.9202095], [145.0546516, -37.9195473], [145.0547831, -37.9188068], [145.0550434, -37.917312], [145.0553392, -37.9173506], [145.0587913, -37.9177417], [145.0596589, -37.9176765], [145.0597962, -37.9174629], [145.0603792, -37.914335], [145.0608848, -37.914393], [145.0617174, -37.9145132], [145.0630334, -37.9147019], [145.0652339, -37.91497], [145.0658296, -37.9150134], [145.0673779, -37.9150148], [145.0688345, -37.9151899], [145.0713148, -37.9155054], [145.072317, -37.9156281], [145.0746751, -37.9159287], [145.0748353, -37.9150776], [145.0761861, -37.908373], [145.0741939, -37.9081249], [145.0747203, -37.9053943], [145.0728121, -37.9051495], [145.0728637, -37.9048272], [145.0714785, -37.9046294], [145.0691787, -37.9043599], [145.0690416, -37.9043531], [145.0687608, -37.9043235], [145.067984, -37.9042299], [145.0674496, -37.9040729], [145.0647961, -37.9037543], [145.0646473, -37.9033329], [145.0645558, -37.9031576], [145.0643162, -37.9029896], [145.0610107, -37.9025481], [145.0546943, -37.9017259], [145.0538979, -37.9057177]]]}}, {"type": "Feature", "properties": {"level": "secondary", "school": "Prahran High School", "year_level": "7", "boundary_year": "2026"}, "geometry": {"type": "Polygon", "coordinates": [[[145.0156154, -37.8316412], [145.0151689, -37.8313655], [145.014025, -37.830699], [145.0129798, -37.83058], [145.0119847, -37.8307379], [145.010941, -37.8315624], [145.0097971, -37.8334474], [145.0090518, -37.8332907], [145.0082065, -37.8324258], [145.0070126, -37.8317592], [145.0053709, -37.8312482], [145.0039294, -37.831562], [145.0042273, -37.8327801], [145.0045259, -37.8338007], [145.003631, -37.8344686], [145.002387, -37.8340361], [145.0006475, -37.8335262], [144.9973158, -37.8343118], [144.9942813, -37.8336838], [144.9907009, -37.8325841], [144.9884632, -37.8302658], [144.9850568, -37.8277127], [144.9814266, -37.8270061], [144.9794121, -37.8254143], [144.9782112, -37.8242272], [144.9746396, -37.824196], [144.970316, -37.8251156], [144.9680813, -37.8257367], [144.9665248, -37.8262063], [144.9629738, -37.8273002], [144.9620297, -37.827457], [144.9668152, -37.8323485], [144.968246, -37.8337068], [144.9711739, -37.8352651], [144.9728109, -37.8360634], [144.9732456, -37.8366686], [144.975348, -37.8422316], [144.9768192, -37.8463469], [144.9792136, -37.8532021], [144.9789646, -37.8535939], [144.9787654, -37.8539867], [144.9786165, -37.8550472], [144.9788467, -37.8559014], [144.9793125, -37.8568529], [144.9803598, -37.8579894], [144.9804975, -37.8581389], [144.9824958, -37.8602292], [145.0003103, -37.8625733], [145.0098659, -37.8637458], [145.0105098, -37.860323], [145.0110003, -37.8574308], [145.0116464, -37.8536601], [145.0117973, -37.8529141], [145.0122117, -37.8499263], [145.0135454, -37.8431561], [145.0156154, -37.8316412]]]}}, {"type": "Feature", "properties": {"level": "secondary", "school": "Balwyn High School", "year_level": "7", "boundary_year": "2026"}, "geometry": {"type": "Polygon", "coordinates": [[[145.0736135, -37.8118974], [145.093289, -37.8142526], [145.0949212, -37.8144478], [145.0962001, -37.8080983], [145.0963557, -37.8072467], [145.0964825, -37.8070717], [145.0966073, -37.8068681], [145.0970329, -37.8040341], [145.0998077, -37.7898553], [145.1028216, -37.788732], [145.1006204, -37.7862443], [145.0992991, -37.7830321], [145.0988993, -37.7820622], [145.0978367, -37.7809639], [145.0963484, -37.780147], [145.0942796, -37.779726], [145.0915231, -37.7797552], [145.0815607, -37.7798624], [145.0799594, -37.7801851], [145.0786116, -37.7809715], [145.0783689, -37.7824567], [145.0779553, -37.7843005], [145.0765718, -37.7859178], [145.0755185, -37.7871088], [145.0727806, -37.7901261], [145.0704624, -37.7926097], [145.0699186, -37.7953511], [145.0689638, -37.8003026], [145.0686116, -37.8002947], [145.068347, -37.8015598], [145.0684959, -37.8015733], [145.0681036, -37.8035683], [145.0677149, -37.8043894], [145.0670919, -37.8075648], [145.0659791, -37.8074321], [145.0659053, -37.8076276], [145.0657522, -37.8078125], [145.0655128, -37.8079711], [145.0653583, -37.8081801], [145.0652791, -37.8083651], [145.0652089, -37.8087381], [145.0651072, -37.8093155], [145.0644009, -37.8092323], [145.0641116, -37.8107589], [145.0736135, -37.8118974]]]}}, {"type": "Feature", "properties": {"level": "secondary", "school": "Glen Waverley Secondary College", "year_level": "7", "boundary_year": "2026"}, "geometry": {"type": "Polygon", "coordinates": [[[145.1531754, -37.8637522], [145.1399111, -37.8886293], [145.1413085, -37.8899305], [145.1419419, -37.8905207], [145.1864448, -37.8853261], [145.1879926, -37.8851451], [145.1573237, -37.863272], [145.1559432, -37.8622873], [145.1540055, -37.8621952], [145.1531754, -37.8637522]]]}}, {"type": "Feature", "properties": {"level": "secondary", "school": "Collingwood College", "year_level": "7", "boundary_year": "2026"}, "geometry": {"type": "Polygon", "coordinates": [[[144.9755262, -37.821399], [144.9907544, -37.813284], [144.991351, -37.8097313], [144.9966329, -37.8101722], [145.0261491, -37.7944585], [145.0254436, -37.7901049], [144.975119, -37.7954075], [144.9743346, -37.7953623], [144.9677402, -37.818658], [144.9692276, -37.8191817], [144.971696, -37.8190558], [144.9738251, -37.8197621], [144.9755262, -37.821399]]]}}, {"type": "Feature", "properties": {"level": "secondary", "school": "Sandringham College", "year_level": "7", "boundary_year": "2026"}, "geometry": {"type": "Polygon", "coordinates": [[[145.0363324, -37.9348374], [144.9945581, -37.9368228], [144.9947986, -37.9370925], [144.9962373, -37.9395538], [144.9938636, -37.944201], [144.9954311, -37.9466037], [145.0079428, -37.9591564], [145.0102032, -37.9629501], [145.0092993, -37.9699373], [145.0158245, -37.9774391], [145.0158562, -37.9772693], [145.0159289, -37.976907], [145.0179162, -37.9669559], [145.0362738, -37.969169], [145.0374541, -37.9631071], [145.0440117, -37.9639274], [145.0440117, -37.9639269], [145.0457987, -37.944446], [145.0363324, -37.9348374]]]}}, {"type": "Feature", "properties": {"level": "secondary", "school": "Monterey Secondary College", "year_level": "7", "boundary_year": "2026"}, "geometry": {"type": "Polygon", "coordinates": [[[145.1628058, -38.1007087], [145.1241382, -38.1080636], [145.1242134, -38.10884], [145.1231472, -38.1150958], [145.119819, -38.1346257], [145.1194363, -38.136874], [145.1351006, -38.1421816], [145.1868587, -38.1250238], [145.1628058, -38.1007087]]]}}, {"type": "Feature", "properties": {"level": "secondary", "school": "Patterson River Secondary College", "year_level": "7", "boundary_year": "2026"}, "geometry": {"type": "Polygon", "coordinates": [[[145.1628058, -38.1007087], [145.1807892, -38.0407129], [145.1807896, -38.0407127], [145.1683454, -38.0369501], [145.1545632, -38.0327807], [145.1357462, -38.0397339], [145.1104472, -38.049076], [145.1160654, -38.0621126], [145.1192395, -38.0733798], [145.1220993, -38.0870246], [145.1229748, -38.0960623], [145.1241382, -38.1080636], [145.1628058, -38.1007087]]]}}, {"type": "Feature", "properties": {"level": "secondary", "school": "Brunswick Secondary College", "year_level": "7", "boundary_year": "2026"}, "geometry": {"type": "Polygon", "coordinates": [[[144.9726038, -37.770875], [144.9742762, -37.7596495], [144.9495017, -37.750453], [144.949465, -37.7508928], [144.9308716, -37.7597143], [144.9303901, -37.7597835], [144.949143, -37.7826464], [144.9726038, -37.770875]]]}}, {"type": "Feature", "properties": {"level": "secondary", "school": "Coburg High School", "year_level": "7", "boundary_year": "2026"}, "geometry": {"type": "Polygon", "coordinates": [[[144.9889523, -37.7549755], [144.9905454, -37.7214194], [144.9518834, -37.7220237], [144.9495017, -37.750453], [144.9742762, -37.7596495], [144.9889523, -37.7549755]]]}}, {"type": "Feature", "properties": {"level": "secondary", "school": "Keilor Downs Secondary College", "year_level": "7", "boundary_year": "2026"}, "geometry": {"type": "Polygon", "coordinates": [[[144.8468172, -37.717888], [144.8514402, -37.7042672], [144.8340296, -37.6706083], [144.7921433, -37.7253817], [144.7948182, -37.7296489], [144.8374821, -37.7321346], [144.8468172, -37.717888]]]}}, {"type": "Feature", "properties": {"level": "secondary", "school": "Copperfield College", "year_level": "7", "boundary_year": "2026"}, "geometry": {"type": "Polygon", "coordinates": [[[144.7921433, -37.7253817], [144.7741308, -37.7142284], [144.7525633, -37.7201236], [144.7555613, -37.7411691], [144.7577004, -37.7442188], [144.784669, -37.7468409], [144.7948182, -37.7296489], [144.7921433, -37.7253817]]]}}, {"type": "Feature", "properties": {"level": "secondary", "school": "Glenroy Secondary College", "year_level": "7", "boundary_year": "2026"}, "geometry": {"type": "Polygon", "coordinates": [[[144.8988574, -37.710005], [144.900604, -37.7117086], [144.9015601, -37.7136034], [144.9028589, -37.7143252], [144.9028443, -37.7151371], [144.9022011, -37.7160169], [144.9022447, -37.7164801], [144.9036274, -37.716638], [144.9046835, -37.7156117], [144.9054392, -37.7170106], [144.9079927, -37.717055], [144.9100591, -37.7179693], [144.9104585, -37.7189156], [144.9095031, -37.7191312], [144.9092753, -37.7200673], [144.9095553, -37.7209676], [144.910592, -37.7219902], [144.9114502, -37.7214772], [144.9112864, -37.720995], [144.9327836, -37.7215666], [144.9475647, -37.7209163], [144.9474528, -37.7218633], [144.9496535, -37.7219048], [144.9477739, -37.6939932], [144.9224929, -37.6916458], [144.9084355, -37.6958483], [144.9080027, -37.6964867], [144.8988574, -37.710005]]]}}, {"type": "Feature", "properties": {"level": "secondary", "school": "Gladstone Park Secondary College", "year_level": "7", "boundary_year": "2026"}, "geometry": {"type": "Polygon", "coordinates": [[[144.9084355, -37.6958483], [144.8923682, -37.670017], [144.8339607, -37.6703736], [144.8340296, -37.6706083], [144.8514402, -37.7042672], [144.852634, -37.7044707], [144.8529799, -37.7045296], [144.8850548, -37.7100007], [144.8914544, -37.7110916], [144.8910226, -37.7101171], [144.8955826, -37.7096842], [144.8956915, -37.7096733], [144.8982661, -37.7094288], [144.8988574, -37.710005], [144.9080027, -37.6964867], [144.9084355, -37.6958483]]]}}, {"type": "Feature", "properties": {"level": "secondary", "school": "Copperfield College", "year_level": "7", "boundary_year": "2026"}, "geometry": {"type": "Polygon", "coordinates": [[[144.7741308, -37.7142284], [144.7928012, -37.6310746], [144.7532458, -37.6368341], [144.704819, -37.6507109], [144.7414493, -37.7064692], [144.7407315, -37.7100951], [144.7444263, -37.7104925], [144.7457249, -37.7105348], [144.7469439, -37.7105743], [144.7483589, -37.7107312], [144.7513056, -37.7111042], [144.7531219, -37.7108946], [144.7550103, -37.7105882], [144.7553792, -37.7111991], [144.7555495, -37.7135638], [144.7551673, -37.7146426], [144.7546665, -37.7155533], [144.7543481, -37.7161528], [144.7538018, -37.7167274], [144.7515573, -37.7197277], [144.7525633, -37.7201236], [144.7741308, -37.7142284]]]}}, {"type": "Feature", "properties": {"level": "secondary", "school": "Taylors Lakes Secondary College", "year_level": "7", "boundary_year": "2026"}, "geometry": {"type": "Polygon", "coordinates": [[[144.8340296, -37.6706083], [144.8339607, -37.6703736], [144.7957925, -37.6301395], [144.7928012, -37.6310746], [144.7741308, -37.7142284], [144.7921433, -37.7253817], [144.8340296, -37.6706083]]]}}, {"type": "Feature", "properties": {"level": "secondary", "school": "Staughton College", "year_level": "7", "boundary_year": "2026"}, "geometry": {"type": "Polygon", "coordinates": [[[144.5741608, -37.7998061], [144.5917813, -37.7931925], [144.5758006, -37.7478354], [144.5785564, -37.7458092], [144.5836772, -37.7386], [144.5820654, -37.7337533], [144.5839396, -37.7155901], [144.5956178, -37.6962648], [144.5908719, -37.6948054], [144.5011881, -37.6957945], [144.472099, -37.8051924], [144.5741608, -37.7998061]]]}}, {"type": "Feature", "properties": {"level": "secondary", "school": "Springside West Secondary College", "year_level": "7", "boundary_year": "2026"}, "geometry": {"type": "Polygon", "coordinates": [[[144.7020429, -37.6514347], [144.6940086, -37.7385002], [144.6971845, -37.738639], [144.7386031, -37.7224376], [144.7502716, -37.7239799], [144.7510229, -37.7204772], [144.7515573, -37.7197277], [144.7538018, -37.7167274], [144.7543481, -37.7161528], [144.7546665, -37.7155533], [144.7551673, -37.7146426], [144.7555495, -37.7135638], [144.7553792, -37.7111991], [144.7550103, -37.7105882], [144.7531219, -37.7108946], [144.7513056, -37.7111042], [144.7483589, -37.7107312], [144.7469439, -37.7105743], [144.7457249, -37.7105348], [144.7444263, -37.7104925], [144.7407315, -37.7100951], [144.7414493, -37.7064692], [144.704819, -37.6507109], [144.7024511, -37.651389], [144.7020429, -37.6514347]]]}}, {"type": "Feature", "properties": {"level": "secondary", "school": "Melton Secondary College", "year_level": "7", "boundary_year": "2026"}, "geometry": {"type": "Polygon", "coordinates": [[[144.5908719, -37.6948054], [144.5050224, -37.5858323], [144.4961791, -37.5853213], [144.5011881, -37.6957945], [144.5908719, -37.6948054]]]}}, {"type": "Feature", "properties": {"level": "secondary", "school": "Hume Central Secondary College", "year_level": "7", "boundary_year": "2026"}, "geometry": {"type": "Polygon", "coordinates": [[[144.9224929, -37.6916458], [144.9184544, -37.6569571], [144.8923682, -37.670017], [144.9084355, -37.6958483], [144.9224929, -37.6916458]]]}}, {"type": "Feature", "properties": {"level": "secondary", "school": "Kurunjang Secondary College", "year_level": "7", "boundary_year": "2026"}, "geometry": {"type": "Polygon", "coordinates": [[[144.5301334, -37.5857396], [144.5050224, -37.5858323], [144.5908719, -37.6948054], [144.5956178, -37.6962648], [144.6272038, -37.690137], [144.6635324, -37.643884], [144.59431, -37.5854772], [144.5301334, -37.5857396]]]}}, {"type": "Feature", "properties": {"level": "secondary", "school": "Roxburgh College", "year_level": "7", "boundary_year": "2026"}, "geometry": {"type": "Polygon", "coordinates": [[[144.9780678, -37.6433733], [144.9702331, -37.6256673], [144.9087433, -37.6155704], [144.9061302, -37.6176331], [144.9082263, -37.6380964], [144.9210765, -37.6547295], [144.9649829, -37.655637], [144.9780678, -37.6433733]]]}}, {"type": "Feature", "properties": {"level": "secondary", "school": "Elevation Secondary College", "year_level": "7", "boundary_year": "2026"}, "geometry": {"type": "Polygon", "coordinates": [[[144.9087433, -37.6155704], [144.9148407, -37.5987139], [144.8827217, -37.5614363], [144.8169017, -37.5545349], [144.8007042, -37.6235625], [144.8845733, -37.6097123], [144.8922449, -37.6106902], [144.9061302, -37.6176331], [144.9087433, -37.6155704]]]}}, {"type": "Feature", "properties": {"level": "secondary", "school": "Sunbury Downs Secondary College", "year_level": "7", "boundary_year": "2026"}, "geometry": {"type": "Polygon", "coordinates": [[[144.7532458, -37.6368341], [144.6752415, -37.5139813], [144.59431, -37.5854772], [144.6635324, -37.643884], [144.7020429, -37.6514347], [144.7024511, -37.651389], [144.704819, -37.6507109], [144.7532458, -37.6368341]]]}}, {"type": "Feature", "properties": {"level": "secondary", "school": "Buckley Park College", "year_level": "7", "boundary_year": "2026"}, "geometry": {"type": "Polygon", "coordinates": [[[144.8909776, -37.7633086], [144.8928462, -37.7654714], [144.8944971, -37.7658602], [144.8966488, -37.764786], [144.8986797, -37.7646682], [144.9007668, -37.7647568], [144.9120362, -37.7668416], [144.9213187, -37.7609177], [144.9040033, -37.7349509], [144.9130541, -37.7323663], [144.9165246, -37.7323852], [144.9167212, -37.7309479], [144.9123691, -37.7284763], [144.9128565, -37.7257184], [144.9095474, -37.7247466], [144.9089522, -37.7244199], [144.9085142, -37.7247493], [144.8926409, -37.7356943], [144.8909776, -37.7633086]]]}}, {"type": "Feature", "properties": {"level": "secondary", "school": "Essendon Keilor College", "year_level": "7", "boundary_year": "2026"}, "geometry": {"type": "Polygon", "coordinates": [[[144.8926409, -37.7356943], [144.9085142, -37.7247493], [144.9089522, -37.7244199], [144.9064346, -37.7230412], [144.9050504, -37.723131], [144.904968, -37.7210477], [144.9031436, -37.7197516], [144.8985228, -37.7184655], [144.8960549, -37.7158262], [144.8963409, -37.7139423], [144.8924763, -37.7133892], [144.8914544, -37.7110916], [144.8850548, -37.7100007], [144.8529799, -37.7045296], [144.852634, -37.7044707], [144.8514402, -37.7042672], [144.8468172, -37.717888], [144.8808583, -37.7388541], [144.8926409, -37.7356943]]]}}, {"type": "Feature", "properties": {"level": "secondary", "school": "Creekside K-9 College", "year_level": "7", "boundary_year": "2026"}, "geometry": {"type": "Polygon", "coordinates": [[[144.6971845, -37.738639], [144.7555613, -37.7411691], [144.7525633, -37.7201236], [144.7515573, -37.7197277], [144.7510229, -37.7204772], [144.7502716, -37.7239799], [144.7386031, -37.7224376], [144.6971845, -37.738639]]]}}, {"type": "Feature", "properties": {"level": "secondary", "school": "Brookside P-9 College", "year_level": "7", "boundary_year": "2026"}, "geometry": {"type": "Polygon", "coordinates": [[[144.6971845, -37.738639], [144.6940086, -37.7385002], [144.6671922, -37.7741979], [144.7279817, -37.7873516], [144.7577004, -37.7442188], [144.7555613, -37.7411691], [144.6971845, -37.738639]]]}}, {"type": "Feature", "properties": {"level": "secondary", "school": "Elwood College", "year_level": "7", "boundary_year": "2026"}, "geometry": {"type": "Polygon", "coordinates": [[[144.9845558, -37.911143], [145.010316, -37.8966459], [145.0140373, -37.8601234], [145.0110003, -37.8574308], [145.0105098, -37.860323], [145.0098659, -37.8637458], [145.0003103, -37.8625733], [144.9824958, -37.8602292], [144.9804975, -37.8581389], [144.9803598, -37.8579894], [144.9773524, -37.8597591], [144.9722807, -37.8627764], [144.9711293, -37.8628058], [144.9709169, -37.8629237], [144.970555, -37.8641129], [144.969258, -37.8643291], [144.9732892, -37.8674671], [144.9751271, -37.8703678], [144.9751386, -37.8714776], [144.9740136, -37.8717869], [144.9729686, -37.8715581], [144.9728981, -37.8724586], [144.9741372, -37.8753696], [144.9752497, -37.8820796], [144.9853659, -37.8926316], [144.983149, -37.9013528], [144.9834726, -37.9036079], [144.9822391, -37.9066919], [144.9841017, -37.9079821], [144.9845558, -37.911143]]]}}, {"type": "Feature", "properties": {"level": "secondary", "school": "Strathmore Secondary College", "year_level": "7", "boundary_year": "2026"}, "geometry": {"type": "Polygon", "coordinates": [[[144.9495017, -37.750453], [144.9518834, -37.7220237], [144.9518893, -37.7219534], [144.9496535, -37.7219048], [144.9474528, -37.7218633], [144.9475647, -37.7209163], [144.9327836, -37.7215666], [144.9112864, -37.720995], [144.9114502, -37.7214772], [144.910592, -37.7219902], [144.9095553, -37.7209676], [144.9092753, -37.7200673], [144.9095031, -37.7191312], [144.9104585, -37.7189156], [144.9100591, -37.7179693], [144.9079927, -37.717055], [144.9054392, -37.7170106], [144.9046835, -37.7156117], [144.9036274, -37.716638], [144.9022447, -37.7164801], [144.9022011, -37.7160169], [144.9028443, -37.7151371], [144.9028589, -37.7143252], [144.9015601, -37.7136034], [144.900604, -37.7117086], [144.8988574, -37.710005], [144.8982661, -37.7094288], [144.8956915, -37.7096733], [144.8955826, -37.7096842], [144.8910226, -37.7101171], [144.8914544, -37.7110916], [144.8924763, -37.7133892], [144.8963409, -37.7139423], [144.8960549, -37.7158262], [144.8985228, -37.7184655], [144.9031436, -37.7197516], [144.904968, -37.7210477], [144.9050504, -37.723131], [144.9064346, -37.7230412], [144.9089522, -37.7244199], [144.9095474, -37.7247466], [144.9128565, -37.7257184], [144.9123691, -37.7284763], [144.9167212, -37.7309479], [144.9165246, -37.7323852], [144.9130541, -37.7323663], [144.9040033, -37.7349509], [144.9213187, -37.7609177], [144.9214275, -37.7610799], [144.9303901, -37.7597835], [144.9308716, -37.7597143], [144.949465, -37.7508928], [144.9495017, -37.750453]]]}}, {"type": "Feature", "properties": {"level": "secondary", "school": "University High School", "year_level": "7", "boundary_year": "2026"}, "geometry": {"type": "Polygon", "coordinates": [[[144.9677402, -37.818658], [144.9743346, -37.7953623], [144.9491659, -37.7856216], [144.9489318, -37.785844], [144.9436172, -37.7908853], [144.9410071, -37.7933611], [144.9343663, -37.7996611], [144.9343107, -37.7997133], [144.9274607, -37.8062093], [144.9230368, -37.8104043], [144.922848, -37.811781], [144.9221669, -37.816764], [144.9220938, -37.8172972], [144.9219197, -37.8185974], [144.9218431, -37.8191248], [144.9280973, -37.8193323], [144.9319416, -37.8199561], [144.9365122, -37.820938], [144.9409901, -37.8222042], [144.9449264, -37.8232492], [144.9480057, -37.8234751], [144.9502968, -37.8231922], [144.9532501, -37.8232799], [144.955012, -37.8230544], [144.9557152, -37.8226638], [144.9614242, -37.8199779], [144.9677402, -37.818658]]]}}, {"type": "Feature", "properties": {"level": "secondary", "school": "Port Melbourne Secondary College", "year_level": "7", "boundary_year": "2026"}, "geometry": {"type": "Polygon", "coordinates": [[[144.952106, -37.8327427], [144.9510921, -37.8332578], [144.950145, -37.8337314], [144.9493872, -37.8340696], [144.9484536, -37.8342862], [144.9476689, -37.8345026], [144.94683, -37.8346785], [144.9460586, -37.834895], [144.9454364, -37.8352063], [144.9448409, -37.8358286], [144.9417017, -37.8392926], [144.9382108, -37.8431083], [144.9372606, -37.8441762], [144.9337152, -37.8429224], [144.9333588, -37.8438374], [144.9321008, -37.8433757], [144.9307297, -37.8476832], [144.9297339, -37.8474284], [144.9312013, -37.8430006], [144.9305433, -37.8428611], [144.9307299, -37.8423098], [144.9272661, -37.8413544], [144.9270094, -37.8420686], [144.9262782, -37.8418804], [144.9262057, -37.8414451], [144.9230418, -37.8412966], [144.9230084, -37.8406254], [144.9156251, -37.8409481], [144.9133808, -37.8423012], [144.9145934, -37.8439509], [144.9152061, -37.8447333], [144.9172482, -37.8474795], [144.9124733, -37.8498207], [144.9086189, -37.8447726], [144.9082714, -37.8449115], [144.9077152, -37.8432038], [144.9074492, -37.8433037], [144.9066886, -37.8421013], [144.9063916, -37.842149], [144.9060981, -37.841617], [144.905932, -37.8393124], [144.9049593, -37.8392429], [144.9031682, -37.839544], [144.9047739, -37.8438288], [144.9060788, -37.8473127], [144.9071508, -37.8481918], [144.9072857, -37.8485181], [144.9072344, -37.8492287], [144.9069668, -37.8495129], [144.9031915, -37.8457975], [144.9014928, -37.8438597], [144.9003194, -37.8445159], [144.8982513, -37.8407981], [144.8977253, -37.8398529], [144.8976326, -37.8391526], [144.8970614, -37.83485], [144.8975994, -37.8329302], [144.8984973, -37.8297238], [144.9023886, -37.8256474], [144.9045488, -37.8237469], [144.9064956, -37.8220344], [144.912641, -37.8200579], [144.918761, -37.8192554], [144.920176, -37.8190697], [144.9218431, -37.8191248], [144.9280973, -37.8193323], [144.9319416, -37.8199561], [144.9365122, -37.820938], [144.9409901, -37.8222042], [144.9449264, -37.8232492], [144.9480057, -37.8234751], [144.9502968, -37.8231922], [144.9532501, -37.8232799], [144.955012, -37.8230544], [144.9557152, -37.8226638], [144.9614242, -37.8199779], [144.9677402, -37.818658], [144.9692276, -37.8191817], [144.971696, -37.8190558], [144.9738251, -37.8197621], [144.9755262, -37.821399], [144.9758566, -37.8218991], [144.9782112, -37.8242272], [144.9746396, -37.824196], [144.970316, -37.8251156], [144.9680813, -37.8257367], [144.9665248, -37.8262063], [144.9629738, -37.8273002], [144.9620297, -37.827457], [144.9615516, -37.8275529], [144.9603038, -37.8279898], [144.9591137, -37.8281505], [144.9573306, -37.8283458], [144.9560841, -37.8293463], [144.9540233, -37.8311235], [144.952106, -37.8327427]]]}}, {"type": "Feature", "properties": {"level": "secondary", "school": "Footscray High School", "year_level": "7", "boundary_year": "2026"}, "geometry": {"type": "Polygon", "coordinates": [[[144.9220938, -37.8172972], [144.9221669, -37.816764], [144.922848, -37.811781], [144.9230368, -37.8104043], [144.9274607, -37.8062093], [144.9272968, -37.8055623], [144.9191988, -37.7979481], [144.9179191, -37.7982092], [144.8640099, -37.8092302], [144.8613787, -37.8097678], [144.880524, -37.8304141], [144.8959837, -37.8326845], [144.8975994, -37.8329302], [144.8984973, -37.8297238], [144.9023886, -37.8256474], [144.9045488, -37.8237469], [144.9064956, -37.8220344], [144.912641, -37.8200579], [144.918761, -37.8192554], [144.920176, -37.8190697], [144.9218431, -37.8191248], [144.9219197, -37.8185974], [144.9220938, -37.8172972]]]}}, {"type": "Feature", "properties": {"level": "secondary", "school": "Footscray High School", "year_level": "7", "boundary_year": "2026"}, "geometry": {"type": "Polygon", "coordinates": [[[144.8613787, -37.8097678], [144.8640099, -37.8092302], [144.9179191, -37.7982092], [144.9191988, -37.7979481], [144.9163487, -37.7938861], [144.910322, -37.7852961], [144.8671166, -37.7945335], [144.8656154, -37.7966808], [144.8582685, -37.80719], [144.8613787, -37.8097678]]]}}, {"type": "Feature", "properties": {"level": "secondary", "school": "Mount Alexander 7-12 College", "year_level": "7", "boundary_year": "2026"}, "geometry": {"type": "Polygon", "coordinates": [[[144.9191988, -37.7979481], [144.9272968, -37.8055623], [144.9274607, -37.8062093], [144.9343107, -37.7997133], [144.9343663, -37.7996611], [144.9410071, -37.7933611], [144.9436172, -37.7908853], [144.9489318, -37.785844], [144.949143, -37.7826464], [144.9303901, -37.7597835], [144.9214275, -37.7610799], [144.9213187, -37.7609177], [144.9120362, -37.7668416], [144.9109153, -37.7789174], [144.910322, -37.7852961], [144.9163487, -37.7938861], [144.9191988, -37.7979481]]]}}, {"type": "Feature", "properties": {"level": "secondary", "school": "Maribyrnong Secondary College", "year_level": "7", "boundary_year": "2026"}, "geometry": {"type": "Polygon", "coordinates": [[[144.910322, -37.7852961], [144.9109153, -37.7789174], [144.9120362, -37.7668416], [144.9007668, -37.7647568], [144.8986797, -37.7646682], [144.8966488, -37.764786], [144.8944971, -37.7658602], [144.8928462, -37.7654714], [144.8909776, -37.7633086], [144.8896161, -37.7622634], [144.8881568, -37.7617788], [144.884788, -37.7618178], [144.8744255, -37.7689759], [144.8744568, -37.7709997], [144.8734895, -37.7719413], [144.8717641, -37.7727258], [144.8696537, -37.7726085], [144.8682138, -37.7722931], [144.8671873, -37.7930804], [144.8671166, -37.7945335], [144.910322, -37.7852961]]]}}, {"type": "Feature", "properties": {"level": "secondary", "school": "Braybrook College", "year_level": "7", "boundary_year": "2026"}, "geometry": {"type": "Polygon", "coordinates": [[[144.8682138, -37.7722931], [144.8677101, -37.7721453], [144.8665039, -37.7721243], [144.8650257, -37.772321], [144.8647581, -37.772658], [144.8646322, -37.7737312], [144.8606807, -37.7761286], [144.8578986, -37.7758341], [144.8526616, -37.7732607], [144.852005, -37.7725813], [144.8509642, -37.7688574], [144.8325145, -37.7883219], [144.8382702, -37.7965247], [144.8456576, -37.8070456], [144.8582685, -37.80719], [144.8656154, -37.7966808], [144.8671166, -37.7945335], [144.8671873, -37.7930804], [144.8682138, -37.7722931]]]}}, {"type": "Feature", "properties": {"level": "secondary", "school": "Sunshine College", "year_level": "7", "boundary_year": "2026"}, "geometry": {"type": "Polygon", "coordinates": [[[144.8509642, -37.7688574], [144.8514444, -37.7681033], [144.853297, -37.7669365], [144.8540033, -37.7656499], [144.8546305, -37.7649879], [144.8542965, -37.7645741], [144.8538993, -37.763093], [144.8539191, -37.7625385], [144.8536837, -37.7622758], [144.8532165, -37.7622715], [144.852612, -37.7623682], [144.8491314, -37.7610711], [144.8483077, -37.759946], [144.8482714, -37.759354], [144.8492861, -37.7569347], [144.8496389, -37.7551516], [144.8484669, -37.7511783], [144.8468307, -37.7481563], [144.8460963, -37.7474059], [144.8447108, -37.7465798], [144.8419913, -37.7471607], [144.8412925, -37.7474671], [144.8404052, -37.7475484], [144.8397755, -37.7473589], [144.8399917, -37.7487927], [144.8212048, -37.7621221], [144.8121264, -37.7685604], [144.8110086, -37.7693534], [144.8135661, -37.771609], [144.8325145, -37.7883219], [144.8509642, -37.7688574]]]}}, {"type": "Feature", "properties": {"level": "secondary", "school": "St Albans Secondary College", "year_level": "7", "boundary_year": "2026"}, "geometry": {"type": "Polygon", "coordinates": [[[144.8399917, -37.7487927], [144.8397755, -37.7473589], [144.8374821, -37.7321346], [144.7948182, -37.7296489], [144.784669, -37.7468409], [144.7939582, -37.7649878], [144.7967153, -37.7703752], [144.8110086, -37.7693534], [144.8121264, -37.7685604], [144.8212048, -37.7621221], [144.8399917, -37.7487927]]]}}, {"type": "Feature", "properties": {"level": "secondary", "school": "Sunshine College", "year_level": "7", "boundary_year": "2026"}, "geometry": {"type": "Polygon", "coordinates": [[[144.8456576, -37.8070456], [144.8382702, -37.7965247], [144.8325145, -37.7883219], [144.8135661, -37.771609], [144.8110086, -37.7693534], [144.7967153, -37.7703752], [144.7591471, -37.8031994], [144.7715906, -37.8157639], [144.7889117, -37.8228898], [144.8017567, -37.8281716], [144.8447037, -37.8075047], [144.8456576, -37.8070456]]]}}, {"type": "Feature", "properties": {"level": "secondary", "school": "Victoria University Secondary College", "year_level": "7", "boundary_year": "2026"}, "geometry": {"type": "Polygon", "coordinates": [[[144.7967153, -37.7703752], [144.7939582, -37.7649878], [144.784669, -37.7468409], [144.7577004, -37.7442188], [144.7279817, -37.7873516], [144.7567463, -37.8026126], [144.7591471, -37.8031994], [144.7967153, -37.7703752]]]}}, {"type": "Feature", "properties": {"level": "secondary", "school": "Truganina P-9 College", "year_level": "7", "boundary_year": "2026"}, "geometry": {"type": "Polygon", "coordinates": [[[144.7279103, -37.8377442], [144.7088673, -37.8361445], [144.7074511, -37.8446154], [144.7082515, -37.8454705], [144.7110355, -37.8567467], [144.7179043, -37.8599034], [144.7279103, -37.8377442]]]}}, {"type": "Feature", "properties": {"level": "secondary", "school": "Laverton P-12 College", "year_level": "7", "boundary_year": "2026"}, "geometry": {"type": "Polygon", "coordinates": [[[144.7715906, -37.8157639], [144.7583032, -37.8402911], [144.7460984, -37.8628042], [144.7645774, -37.8747989], [144.7656547, -37.8772966], [144.7645251, -37.8804214], [144.7648718, -37.8817736], [144.7668871, -37.8842288], [144.7682059, -37.8847879], [144.7697627, -37.8841282], [144.7710158, -37.8844222], [144.772468, -37.8850742], [144.7731263, -37.8853966], [144.7733984, -37.8855317], [144.7739921, -37.8865853], [144.7753758, -37.8880284], [144.7764624, -37.8899784], [144.7771044, -37.8916932], [144.7796744, -37.8930576], [144.7805637, -37.8940728], [144.7805302, -37.8951816], [144.7804645, -37.8973486], [144.7803657, -37.898479], [144.7814031, -37.8994929], [144.7841716, -37.8999609], [144.7858019, -37.9], [144.7876348, -37.8993513], [144.7897148, -37.8888744], [144.8017567, -37.8281716], [144.7889117, -37.8228898], [144.7715906, -37.8157639]]]}}, {"type": "Feature", "properties": {"level": "secondary", "school": "Newcomb Secondary College", "year_level": "7", "boundary_year": "2026"}, "geometry": {"type": "Polygon", "coordinates": [[[144.5226601, -38.1596881], [144.5236704, -38.1585603], [144.5028451, -38.1610558], [144.4984178, -38.1605977], [144.479456, -38.1646206], [144.4579015, -38.1583166], [144.4416369, -38.1477162], [144.4306588, -38.1357651], [144.4289913, -38.1309013], [144.4254127, -38.1244047], [144.4211471, -38.1316765], [144.4196284, -38.1366162], [144.4185068, -38.1420112], [144.4188291, -38.1459965], [144.4173876, -38.1520067], [144.4165365, -38.1551335], [144.4151047, -38.1550117], [144.4137571, -38.1549771], [144.4054189, -38.1542997], [144.4025354, -38.1547166], [144.401007, -38.1529796], [144.3976369, -38.151724], [144.3969289, -38.1528619], [144.3651983, -38.176319], [144.363363, -38.1776741], [144.365314, -38.1950523], [144.3670787, -38.1969488], [144.3752222, -38.1995741], [144.4580225, -38.2262214], [144.5226601, -38.1596881]]]}}, {"type": "Feature", "properties": {"level": "secondary", "school": "Cranbourne West Secondary College", "year_level": "7", "boundary_year": "2026"}, "geometry": {"type": "Polygon", "coordinates": [[[145.2643259, -38.1637186], [145.2667543, -38.0949532], [145.2309121, -38.0774328], [145.2117459, -38.1285897], [145.2643259, -38.1637186]]]}}, {"type": "Feature", "properties": {"level": "secondary", "school": "Mount Eliza Secondary College", "year_level": "7", "boundary_year": "2026"}, "geometry": {"type": "Polygon", "coordinates": [[[145.0659611, -38.19521], [145.1115246, -38.2327818], [145.1320413, -38.207266], [145.1237217, -38.1896282], [145.1209382, -38.1837147], [145.1168559, -38.1804418], [145.1165611, -38.1804783], [145.1162212, -38.1805041], [145.1160061, -38.1804537], [145.1156094, -38.1803247], [145.1152972, -38.1801498], [145.1151067, -38.1800081], [145.1148845, -38.1797788], [145.1147307, -38.1795661], [145.1146671, -38.1793826], [145.1146412, -38.179194], [145.1145977, -38.1789945], [145.1145764, -38.178907], [145.1145655, -38.1787276], [145.1145924, -38.1786271], [145.1139853, -38.1781403], [145.0953918, -38.1632275], [145.0925317, -38.163126], [145.0918703, -38.1625068], [145.0909497, -38.1623678], [145.0903112, -38.162789], [145.0895834, -38.1630202], [145.0877568, -38.1629548], [145.0822431, -38.1705447], [145.0777871, -38.1729857], [145.0775091, -38.1753133], [145.0740001, -38.1789264], [145.0726801, -38.1819489], [145.0704009, -38.1882869], [145.0655519, -38.1949195], [145.0659611, -38.19521]]]}}, {"type": "Feature", "properties": {"level": "secondary", "school": "McClelland Secondary College", "year_level": "7", "boundary_year": "2026"}, "geometry": {"type": "Polygon", "coordinates": [[[145.1911703, -38.1270908], [145.1868587, -38.1250238], [145.1351006, -38.1421816], [145.1435271, -38.153092], [145.148054, -38.1589511], [145.1481295, -38.1590483], [145.166949, -38.164038], [145.1911703, -38.1270908]]]}}, {"type": "Feature", "properties": {"level": "secondary", "school": "Mount Erin Secondary College", "year_level": "7", "boundary_year": "2026"}, "geometry": {"type": "Polygon", "coordinates": [[[145.1320413, -38.207266], [145.1833536, -38.1940583], [145.166949, -38.164038], [145.1481295, -38.1590483], [145.1479483, -38.1591953], [145.1473209, -38.1596979], [145.1444864, -38.1619733], [145.1209382, -38.1837147], [145.1237217, -38.1896282], [145.1320413, -38.207266]]]}}, {"type": "Feature", "properties": {"level": "secondary", "school": "Frankston High School", "year_level": "7", "boundary_year": "2026"}, "geometry": {"type": "Polygon", "coordinates": [[[145.1481295, -38.1590483], [145.148054, -38.1589511], [145.1435271, -38.153092], [145.1351006, -38.1421816], [145.1194363, -38.136874], [145.1155102, -38.1456058], [145.1131161, -38.149757], [145.1095473, -38.1526179], [145.1064323, -38.1542187], [145.103135, -38.1562237], [145.1020806, -38.1573361], [145.1013263, -38.1581321], [145.0989899, -38.1607488], [145.0953918, -38.1632275], [145.1139853, -38.1781403], [145.1145924, -38.1786271], [145.1145655, -38.1787276], [145.1145764, -38.178907], [145.1145977, -38.1789945], [145.1146412, -38.179194], [145.1146671, -38.1793826], [145.1147307, -38.1795661], [145.1148845, -38.1797788], [145.1151067, -38.1800081], [145.1152972, -38.1801498], [145.1156094, -38.1803247], [145.1160061, -38.1804537], [145.1162212, -38.1805041], [145.1165611, -38.1804783], [145.1168559, -38.1804418], [145.1209382, -38.1837147], [145.1444864, -38.1619733], [145.1473209, -38.1596979], [145.1479483, -38.1591953], [145.1481295, -38.1590483]]]}}, {"type": "Feature", "properties": {"level": "secondary", "school": "Beaumaris Secondary College", "year_level": "7", "boundary_year": "2026"}, "geometry": {"type": "Polygon", "coordinates": [[[145.0159289, -37.976907], [145.0158562, -37.9772693], [145.0158245, -37.9774391], [145.0163064, -37.9781209], [145.0172707, -37.9796912], [145.0171466, -37.980442], [145.017856, -37.9811376], [145.0180552, -37.9815565], [145.0179562, -37.9818115], [145.0180245, -37.9818673], [145.0191027, -37.9821912], [145.0212518, -37.982979], [145.0216876, -37.9833038], [145.022636, -37.9845261], [145.0230971, -37.9849048], [145.0233452, -37.9856623], [145.0238825, -37.9859379], [145.0242748, -37.9858346], [145.0256249, -37.9871018], [145.0267542, -37.9880454], [145.027427, -37.9890859], [145.027877, -37.9906351], [145.0280342, -37.9908648], [145.0294611, -37.991916], [145.0298364, -37.9927327], [145.029752, -37.9932934], [145.0297838, -37.9933961], [145.0304116, -37.9936997], [145.0306937, -37.9936929], [145.0308428, -37.9940445], [145.0306731, -37.9943526], [145.0307815, -37.9946291], [145.0323537, -37.9947879], [145.0337588, -37.9948637], [145.035756, -37.9954077], [145.036947, -37.9961597], [145.0374089, -37.9964202], [145.0378222, -37.9965442], [145.0384711, -37.9964391], [145.0385521, -37.9958761], [145.0391513, -37.9955524], [145.0393303, -37.9949257], [145.0397848, -37.9947259], [145.040081, -37.9942233], [145.0406803, -37.9941406], [145.042335, -37.9927633], [145.0425192, -37.9919297], [145.0427808, -37.9917577], [145.043008, -37.9914477], [145.0434765, -37.9912824], [145.044329, -37.9908266], [145.0446956, -37.9905454], [145.0449158, -37.9903733], [145.0454877, -37.9901047], [145.0459628, -37.9902217], [145.046073, -37.9901115], [145.045894, -37.9899049], [145.0469339, -37.9894158], [145.0474643, -37.988865], [145.0484354, -37.9886584], [145.0495647, -37.9881074], [145.0507492, -37.987336], [145.0515621, -37.9868884], [145.0521268, -37.9868125], [145.0543788, -37.9873774], [145.056138, -37.9880361], [145.0575676, -37.9886033], [145.0596062, -37.9896088], [145.0625954, -37.9912066], [145.0653963, -37.9928692], [145.0654583, -37.9927315], [145.0658265, -37.9919141], [145.0651478, -37.9906162], [145.064976, -37.9902569], [145.0648176, -37.9899268], [145.0647733, -37.9896805], [145.0647076, -37.9890445], [145.0647024, -37.988993], [145.0646832, -37.987727], [145.0647277, -37.9866858], [145.0648347, -37.9847922], [145.0649628, -37.9825209], [145.0649245, -37.9824432], [145.064604, -37.9817944], [145.0644261, -37.9814325], [145.0645571, -37.9812144], [145.0655949, -37.9813684], [145.0664333, -37.9767024], [145.0577464, -37.9656425], [145.0440117, -37.9639274], [145.0374541, -37.9631071], [145.0362738, -37.969169], [145.0179162, -37.9669559], [145.0159289, -37.976907]]]}}, {"type": "Feature", "properties": {"level": "secondary", "school": "Parkdale Secondary College", "year_level": "7", "boundary_year": "2026"}, "geometry": {"type": "Polygon", "coordinates": [[[145.1431695, -37.9985928], [145.1446791, -37.9908937], [145.1453458, -37.9875601], [145.1459817, -37.9837205], [145.1449407, -37.9828993], [145.1439487, -37.9816861], [145.1429064, -37.9800032], [145.1405749, -37.977068], [145.1350157, -37.9675952], [145.1348154, -37.9663028], [145.1349127, -37.9653626], [145.1356027, -37.9638733], [145.1362927, -37.9623841], [145.1366852, -37.9606209], [145.1357267, -37.960479], [145.1306477, -37.9597268], [145.1303028, -37.9604713], [145.1300563, -37.9610199], [145.1293652, -37.9619607], [145.1269497, -37.9652699], [145.1214666, -37.9727802], [145.1209723, -37.973094], [145.1198841, -37.973291], [145.1158962, -37.9728998], [145.1134986, -37.9726097], [145.1105917, -37.972239], [145.0873937, -37.9693462], [145.0695465, -37.9769444], [145.0664333, -37.9767024], [145.0655949, -37.9813684], [145.0645571, -37.9812144], [145.0644261, -37.9814325], [145.064604, -37.9817944], [145.0649245, -37.9824432], [145.0649628, -37.9825209], [145.0648347, -37.9847922], [145.0647277, -37.9866858], [145.0646832, -37.987727], [145.0647024, -37.988993], [145.0647076, -37.9890445], [145.0647733, -37.9896805], [145.0648176, -37.9899268], [145.064976, -37.9902569], [145.0651478, -37.9906162], [145.0658265, -37.9919141], [145.0654583, -37.9927315], [145.0653963, -37.9928692], [145.068441, -37.9946968], [145.0712951, -37.9968398], [145.0766102, -38.0017981], [145.0812833, -38.0066313], [145.083228, -38.009503], [145.0842813, -38.0105394], [145.0860822, -38.0095877], [145.0873538, -38.0091395], [145.0880605, -38.009055], [145.0888026, -38.0091385], [145.0899334, -38.0092215], [145.090181, -38.0094729], [145.0916305, -38.0098073], [145.0928317, -38.0099182], [145.0941393, -38.0098891], [145.0954463, -38.0096086], [145.0965413, -38.0092164], [145.1027227, -38.0075617], [145.1034128, -38.0073375], [145.1041686, -38.007237], [145.1052954, -38.0074355], [145.1364839, -38.011208], [145.1409527, -38.010935], [145.1415473, -38.0063061], [145.1417705, -38.0054677], [145.1423888, -38.0024288], [145.1431695, -37.9985928]]]}}, {"type": "Feature", "properties": {"level": "secondary", "school": "Cheltenham Secondary College", "year_level": "7", "boundary_year": "2026"}, "geometry": {"type": "Polygon", "coordinates": [[[145.0782046, -37.9376132], [145.0457987, -37.944446], [145.0440117, -37.9639269], [145.0440117, -37.9639274], [145.0577464, -37.9656425], [145.0664333, -37.9767024], [145.0695465, -37.9769444], [145.0873937, -37.9693462], [145.1105917, -37.972239], [145.1029371, -37.948016], [145.0782046, -37.9376132]]]}}, {"type": "Feature", "properties": {"level": "secondary", "school": "Westall Secondary College", "year_level": "7", "boundary_year": "2026"}, "geometry": {"type": "Polygon", "coordinates": [[[145.1357267, -37.960479], [145.1563402, -37.9492225], [145.1474982, -37.9180955], [145.1474979, -37.9180953], [145.1436035, -37.9163122], [145.1270141, -37.9087139], [145.1270145, -37.9087145], [145.1029378, -37.9480158], [145.1029375, -37.9480157], [145.1029371, -37.948016], [145.1105917, -37.972239], [145.1134986, -37.9726097], [145.1158962, -37.9728998], [145.1198841, -37.973291], [145.1209723, -37.973094], [145.1214666, -37.9727802], [145.1269497, -37.9652699], [145.1293652, -37.9619607], [145.1300563, -37.9610199], [145.1303028, -37.9604713], [145.1306477, -37.9597268], [145.1357267, -37.960479]]]}}, {"type": "Feature", "properties": {"level": "secondary", "school": "Keysborough Secondary College", "year_level": "7", "boundary_year": "2026"}, "geometry": {"type": "Polygon", "coordinates": [[[145.1742085, -37.9548754], [145.1742085, -37.9548751], [145.1721141, -37.9533059], [145.1700198, -37.9517362], [145.1647064, -37.9507603], [145.1563402, -37.9492225], [145.1357267, -37.960479], [145.1366852, -37.9606209], [145.1362927, -37.9623841], [145.1356027, -37.9638733], [145.1349127, -37.9653626], [145.1348154, -37.9663028], [145.1350157, -37.9675952], [145.1405749, -37.977068], [145.1429064, -37.9800032], [145.1439487, -37.9816861], [145.1449407, -37.9828993], [145.1459817, -37.9837205], [145.1453458, -37.9875601], [145.1446791, -37.9908937], [145.1431695, -37.9985928], [145.1690919, -37.9775122], [145.1742085, -37.9548754]]]}}, {"type": "Feature", "properties": {"level": "secondary", "school": "Mordialloc College", "year_level": "7", "boundary_year": "2026"}, "geometry": {"type": "Polygon", "coordinates": [[[145.1104472, -38.049076], [145.1357462, -38.0397339], [145.1545632, -38.0327807], [145.1415473, -38.0063061], [145.1409527, -38.010935], [145.1364839, -38.011208], [145.1052954, -38.0074355], [145.1041686, -38.007237], [145.1034128, -38.0073375], [145.1027227, -38.0075617], [145.0965413, -38.0092164], [145.0954463, -38.0096086], [145.0941393, -38.0098891], [145.0928317, -38.0099182], [145.0916305, -38.0098073], [145.090181, -38.0094729], [145.0899334, -38.0092215], [145.0888026, -38.0091385], [145.0880605, -38.009055], [145.0873538, -38.0091395], [145.0860822, -38.0095877], [145.0842813, -38.0105394], [145.0839214, -38.0112628], [145.0848659, -38.0117996], [145.0855795, -38.0111892], [145.0901987, -38.0148314], [145.1011506, -38.0313852], [145.105949, -38.0386353], [145.1104472, -38.049076]]]}}, {"type": "Feature", "properties": {"level": "secondary", "school": "Alexandra Secondary College", "year_level": "7", "boundary_year": "2026"}, "geometry": {"type": "Polygon", "coordinates": [[[146.1420417, -37.5424415], [146.1421984, -37.5420901], [146.1424404, -37.5402848], [146.1421877, -37.5385461], [146.1425071, -37.5351817], [146.1420728, -37.5340722], [146.142043, -37.5338967], [146.1404226, -37.5318637], [146.1397544, -37.5306112], [146.139419, -37.5294643], [146.1389483, -37.5285631], [146.1293507, -37.5253019], [146.125985, -37.5226674], [146.1245699, -37.5206988], [146.1223394, -37.5165358], [146.1221579, -37.5164283], [146.1219182, -37.5162172], [146.1187448, -37.5144472], [146.1185944, -37.5118444], [146.1175622, -37.5092081], [146.1157028, -37.5079216], [146.1137793, -37.5057243], [146.115401, -37.5011744], [146.1129482, -37.4977467], [146.1116407, -37.4970498], [146.1060228, -37.4961268], [146.1058547, -37.4960707], [146.1033794, -37.4965847], [146.1032714, -37.4966966], [146.1023592, -37.5024076], [146.0974704, -37.5040514], [146.0955004, -37.5071495], [146.0873526, -37.5052766], [146.083199, -37.5060676], [146.0773958, -37.4998363], [146.0773339, -37.4993052], [146.0775075, -37.4975039], [146.0778996, -37.49558], [146.0778562, -37.4921937], [146.0780214, -37.4913327], [146.0781411, -37.4894176], [146.0780216, -37.4884805], [146.0771477, -37.4860236], [146.0823387, -37.4790719], [146.0980688, -37.4763139], [146.1003335, -37.4743512], [146.1017416, -37.4716662], [146.1017867, -37.4680674], [146.1017527, -37.467993], [146.0993716, -37.4648553], [146.0991983, -37.4646875], [146.0972162, -37.463263], [146.0961246, -37.462661], [146.0930309, -37.4601328], [146.0933859, -37.4478832], [146.0903175, -37.4442102], [146.0900709, -37.4437979], [146.0885877, -37.4425199], [146.0908152, -37.4358291], [146.0909182, -37.4346685], [146.0898154, -37.4285332], [146.0865911, -37.4244831], [146.0866018, -37.4238077], [146.0858487, -37.4213284], [146.0858501, -37.4203118], [146.0833004, -37.4166383], [146.0820656, -37.4118083], [146.0828205, -37.4084887], [146.0823623, -37.4077989], [146.0822681, -37.4072311], [146.0816893, -37.405379], [146.0820586, -37.4033723], [146.0817106, -37.4023562], [146.0802687, -37.4009535], [146.0805589, -37.3974579], [146.0747382, -37.3953808], [146.0789637, -37.393707], [146.0834376, -37.395916], [146.0855192, -37.395749], [146.0870292, -37.3897362], [146.086585, -37.3874161], [146.0850358, -37.3846816], [146.0848573, -37.3840442], [146.0845202, -37.3833795], [146.0837921, -37.3826922], [146.0831819, -37.3811476], [146.0818644, -37.3803918], [146.0812364, -37.3801389], [146.0746163, -37.3743147], [146.0728944, -37.3709615], [146.0732847, -37.3707704], [146.0872841, -37.3589434], [146.0868132, -37.3575137], [146.0857779, -37.3561713], [146.0807107, -37.3581904], [146.0774896, -37.3605022], [146.072578, -37.3622252], [146.0688057, -37.3609462], [146.0672565, -37.3583448], [146.0671085, -37.3582758], [146.0677364, -37.354824], [146.0666018, -37.3535436], [146.0665966, -37.3522063], [146.064288, -37.3506642], [146.0562359, -37.3536098], [146.0534629, -37.352834], [146.05011, -37.3524382], [146.0465646, -37.3521269], [146.0427292, -37.351855], [146.0458754, -37.3393783], [146.0469449, -37.3371276], [146.0480055, -37.3356384], [146.0480104, -37.3343452], [146.0484708, -37.3331164], [146.0449688, -37.3236782], [146.0446681, -37.3186203], [146.0460715, -37.3127881], [146.0446191, -37.3117086], [146.0439212, -37.3109198], [146.0419339, -37.3071864], [146.0416597, -37.3068409], [146.0411307, -37.3055332], [146.040825, -37.3003532], [146.0417885, -37.2978853], [146.0503285, -37.2887512], [146.0503232, -37.2885412], [146.0479955, -37.2795596], [146.0438223, -37.2760058], [146.0260052, -37.2779574], [146.0231374, -37.2754642], [146.0167939, -37.2681294], [146.0160572, -37.2669182], [146.0161593, -37.2655232], [146.0162987, -37.2649929], [146.0202403, -37.2566401], [146.0229052, -37.2533348], [146.0233748, -37.2524433], [146.0228638, -37.2513417], [146.022024, -37.2467275], [146.0202786, -37.2432484], [146.0179848, -37.2263401], [146.0179328, -37.222022], [146.0116692, -37.2213473], [146.0089717, -37.2208737], [145.9984591, -37.2198969], [145.9976161, -37.2198833], [145.9974241, -37.219939], [145.9966543, -37.220533], [145.9796071, -37.2297157], [145.9790994, -37.2301164], [145.972862, -37.2293195], [145.9623146, -37.2290121], [145.9576743, -37.2271109], [145.9564397, -37.2262649], [145.9464165, -37.2190461], [145.9455743, -37.2183039], [145.9454251, -37.2178914], [145.9436811, -37.2113792], [145.9428918, -37.2110783], [145.9412263, -37.2104237], [145.9399364, -37.2100734], [145.9391141, -37.2098337], [145.9367391, -37.2084638], [145.9318233, -37.2041558], [145.9214645, -37.1993075], [145.9214268, -37.199262], [145.9153773, -37.1951873], [145.9148939, -37.1946205], [145.9122129, -37.1923637], [145.9091407, -37.1882993], [145.9082173, -37.1874626], [145.9048466, -37.1853426], [145.9033152, -37.1849173], [145.8996976, -37.1844751], [145.8944463, -37.1844712], [145.8916474, -37.1853378], [145.8874663, -37.1838064], [145.8749121, -37.1824799], [145.8725167, -37.181799], [145.8721005, -37.1789182], [145.8715512, -37.1739069], [145.8768745, -37.1698735], [145.8772288, -37.1695356], [145.8772877, -37.1694577], [145.8780254, -37.1644936], [145.8746187, -37.1548684], [145.8773929, -37.151226], [145.8812245, -37.142197], [145.8812536, -37.1417948], [145.8734443, -37.1300884], [145.8736358, -37.1285343], [145.8875769, -37.1220431], [145.8896752, -37.1207349], [145.8909646, -37.118101], [145.8944048, -37.1085004], [145.8956476, -37.1066226], [145.9079046, -37.0982069], [145.9073821, -37.0961659], [145.9072154, -37.0953219], [145.9091179, -37.0826529], [145.9095421, -37.0809841], [145.904151, -37.0782674], [145.9001409, -37.0768126], [145.8955064, -37.0735329], [145.8943296, -37.0733993], [145.8845929, -37.0717697], [145.8780831, -37.0739369], [145.8778557, -37.0739132], [145.8738299, -37.0727083], [145.870932, -37.0722808], [145.8674174, -37.0699047], [145.8647787, -37.0687027], [145.8636841, -37.0645263], [145.8612509, -37.0643412], [145.8606062, -37.0641421], [145.8562438, -37.0619089], [145.85602, -37.0615093], [145.8557782, -37.0609144], [145.8556998, -37.060632], [145.8530309, -37.0595209], [145.8536787, -37.0590982], [145.8546817, -37.0576859], [145.8531248, -37.0560317], [145.853138, -37.0560019], [145.8510159, -37.053689], [145.8517084, -37.0520464], [145.849606, -37.0480329], [145.8489627, -37.0439648], [145.8413262, -37.0490652], [145.8359621, -37.0551515], [145.8359809, -37.0587141], [145.8327993, -37.0623946], [145.8279501, -37.0648625], [145.823959, -37.0626012], [145.8160215, -37.0569197], [145.8158223, -37.0519506], [145.8149582, -37.0482021], [145.8097002, -37.0457242], [145.809148, -37.0450838], [145.8076183, -37.0411837], [145.8077362, -37.0389431], [145.8085936, -37.0371025], [145.8083609, -37.0357343], [145.8084414, -37.0352803], [145.8085615, -37.0347136], [145.8079826, -37.0320795], [145.8088283, -37.0289183], [145.8096094, -37.0280732], [145.8100286, -37.0280389], [145.8122366, -37.0271387], [145.8143505, -37.0242511], [145.8182395, -37.0246695], [145.8188634, -37.0244559], [145.8207824, -37.0251107], [145.8220659, -37.026023], [145.8237733, -37.0262535], [145.8253098, -37.0260184], [145.8287198, -37.0243445], [145.8289395, -37.0231523], [145.8355463, -37.013695], [145.8383451, -37.0082056], [145.83636, -37.0067265], [145.8392524, -37.0026035], [145.8466153, -36.9954575], [145.853273, -36.9929646], [145.853404, -36.9922246], [145.8547867, -36.9908799], [145.85405, -36.9866079], [145.853408, -36.9863458], [145.8490043, -36.9881049], [145.8459096, -36.9873205], [145.842182, -36.9842755], [145.8415991, -36.9833712], [145.8407752, -36.9786381], [145.8407497, -36.9785879], [145.8402068, -36.9781265], [145.8352462, -36.9765016], [145.8351132, -36.9764521], [145.8323675, -36.9739585], [145.8194555, -36.9725877], [145.8126626, -36.970866], [145.8102406, -36.971455], [145.8068542, -36.9676451], [145.7951883, -36.9637042], [145.7954779, -36.9612292], [145.7935007, -36.9583629], [145.790854, -36.9576216], [145.7919924, -36.9542399], [145.7931944, -36.9535279], [145.7923252, -36.9496241], [145.7913921, -36.9491788], [145.7871603, -36.9483562], [145.7828206, -36.9490364], [145.7813348, -36.9489147], [145.7777996, -36.9478843], [145.7771988, -36.9460101], [145.7763059, -36.9397917], [145.7739574, -36.93895], [145.7731292, -36.9387572], [145.7711571, -36.9380544], [145.7703007, -36.9377319], [145.7640113, -36.9343713], [145.7612029, -36.9335485], [145.7600005, -36.9339877], [145.7552962, -36.9350011], [145.7525045, -36.9353814], [145.7516648, -36.9357201], [145.7503248, -36.9381801], [145.7472021, -36.9406575], [145.7470942, -36.9407807], [145.7428914, -36.9422634], [145.7444986, -36.945971], [145.7448975, -36.946257], [145.748053, -36.9443128], [145.74945, -36.9454821], [145.7524916, -36.944785], [145.7530354, -36.9432162], [145.7561035, -36.9433976], [145.7562875, -36.9434802], [145.7586253, -36.9413454], [145.7598361, -36.9443136], [145.7594293, -36.9449768], [145.7576565, -36.9451098], [145.7550093, -36.9475476], [145.7546661, -36.9499734], [145.7512479, -36.9501942], [145.7492364, -36.949711], [145.7489969, -36.9495416], [145.7455202, -36.9489667], [145.7442378, -36.9494299], [145.7424113, -36.9488698], [145.7410911, -36.9464746], [145.7395019, -36.9465521], [145.7383498, -36.9466945], [145.7366714, -36.947515], [145.7365165, -36.9485705], [145.736172, -36.9489602], [145.735188, -36.9493827], [145.7316984, -36.9494259], [145.7300739, -36.9474739], [145.729939, -36.9460542], [145.7292919, -36.9450616], [145.7291929, -36.9441168], [145.7241456, -36.9444317], [145.7232559, -36.9442836], [145.7212104, -36.9475173], [145.7206127, -36.9472614], [145.7183301, -36.9432025], [145.7160178, -36.9433958], [145.7150415, -36.9403319], [145.7077787, -36.9396724], [145.7071206, -36.9407337], [145.704848, -36.9425632], [145.704873, -36.9438123], [145.7038, -36.9465333], [145.7036293, -36.9467604], [145.7034835, -36.9471387], [145.7024791, -36.9480696], [145.7014181, -36.9501731], [145.6960501, -36.9519612], [145.6964942, -36.9533672], [145.6980388, -36.9542899], [145.6985857, -36.9552629], [145.6983997, -36.9566637], [145.7004704, -36.957622], [145.7013902, -36.9578807], [145.7014807, -36.9579496], [145.7023975, -36.9578747], [145.7033874, -36.9589098], [145.7035094, -36.9591021], [145.7036484, -36.9594427], [145.7034664, -36.9599124], [145.7031577, -36.9603073], [145.7011951, -36.9615941], [145.7007535, -36.9615643], [145.6982265, -36.9629191], [145.6971458, -36.9643487], [145.6918077, -36.9634915], [145.6892653, -36.9602842], [145.6868113, -36.9604093], [145.6844046, -36.9598032], [145.6824113, -36.9584383], [145.6801098, -36.9591474], [145.6777824, -36.9621049], [145.6787034, -36.9640231], [145.6768991, -36.9650852], [145.6770436, -36.9682423], [145.6789093, -36.9698647], [145.6795031, -36.9710834], [145.6704664, -36.9771976], [145.6719214, -36.9817073], [145.6713366, -36.9867511], [145.6709508, -36.9870716], [145.6645128, -36.9909957], [145.6541916, -36.9872669], [145.6507206, -36.9852211], [145.6504062, -36.9823434], [145.6493682, -36.9798031], [145.6474285, -36.9771884], [145.6469454, -36.9741503], [145.6444457, -36.970239], [145.641851, -36.968218], [145.6372901, -36.9695981], [145.6355733, -36.9691179], [145.6332986, -36.967744], [145.6316564, -36.9633961], [145.6287727, -36.9615306], [145.6242724, -36.9632927], [145.6242234, -36.9637698], [145.6262617, -36.9662239], [145.6263015, -36.9683263], [145.6288469, -36.9706651], [145.6270706, -36.9747085], [145.6256565, -36.9758461], [145.6246879, -36.9750923], [145.6238209, -36.9743183], [145.6230596, -36.97228], [145.6211769, -36.9708705], [145.6139643, -36.9709585], [145.6114378, -36.9714788], [145.6112716, -36.9711761], [145.6085773, -36.9666979], [145.5957264, -36.9671608], [145.596135, -36.9704671], [145.5960052, -36.9716665], [145.5949218, -36.9746045], [145.5947946, -36.9757442], [145.5940697, -36.9768287], [145.5940507, -36.9768564], [145.5925871, -36.9788944], [145.5913951, -36.9798881], [145.5905838, -36.9798714], [145.589123, -36.9803653], [145.5879697, -36.9802664], [145.5844883, -36.9789328], [145.5830609, -36.9782351], [145.5851876, -36.9758055], [145.5799995, -36.9743585], [145.5817125, -36.9776045], [145.5816577, -36.9776227], [145.578735, -36.979014], [145.5767657, -36.9824107], [145.576854, -36.9825084], [145.5782159, -36.9831372], [145.5798036, -36.9864251], [145.5796565, -36.9891053], [145.5830979, -36.9951744], [145.5825751, -36.9960162], [145.5711992, -36.9927297], [145.5710674, -36.9925427], [145.5714821, -36.9889547], [145.5709785, -36.9883228], [145.5709939, -36.9872232], [145.5675768, -36.983978], [145.5644908, -36.9836673], [145.561463, -36.9894487], [145.5609395, -36.9898983], [145.5608076, -36.9910732], [145.5605852, -36.9912138], [145.5585994, -36.9935845], [145.5522478, -36.9935855], [145.5516606, -36.9930222], [145.5474545, -36.9955604], [145.5468487, -36.9955626], [145.5461212, -36.9959236], [145.5418072, -36.9955187], [145.5406106, -36.9958568], [145.5404698, -36.9959639], [145.5334536, -36.9971618], [145.5306922, -36.9964335], [145.5283508, -36.9951506], [145.5267151, -36.9950164], [145.5255635, -36.9946996], [145.5224549, -36.9943782], [145.5183498, -36.9924406], [145.516498, -36.9914427], [145.514703, -36.9899691], [145.5084907, -36.9964656], [145.5081601, -37.0028613], [145.5071679, -37.0028414], [145.505783, -37.0034465], [145.5036968, -37.0033662], [145.5016541, -37.0028755], [145.5007704, -37.0036787], [145.5002775, -37.0054208], [145.4986915, -37.0074447], [145.49682, -37.0082012], [145.496004, -37.0081886], [145.4918121, -37.0067615], [145.4890396, -37.0105905], [145.4885283, -37.0142542], [145.49056, -37.0187691], [145.4862985, -37.0209353], [145.4739564, -37.0229146], [145.474492, -37.02414], [145.4745157, -37.0263092], [145.4726143, -37.0307461], [145.4724983, -37.0319471], [145.4715991, -37.0329076], [145.4694127, -37.0360139], [145.4659891, -37.0348242], [145.4602269, -37.03873], [145.4468715, -37.0408728], [145.4466517, -37.042677], [145.4467159, -37.0444216], [145.4465686, -37.0451927], [145.4463329, -37.046075], [145.4492849, -37.0494021], [145.4526146, -37.0534511], [145.4561111, -37.0562434], [145.4568877, -37.0563556], [145.4683595, -37.0636549], [145.468246, -37.0646297], [145.469937, -37.075325], [145.4704534, -37.0768134], [145.471407, -37.0769313], [145.4729591, -37.0767585], [145.4833426, -37.0800793], [145.4856384, -37.0845056], [145.4886342, -37.0861063], [145.4893957, -37.086287], [145.4980487, -37.0837405], [145.4981298, -37.0837537], [145.4996807, -37.0861226], [145.4996615, -37.0867942], [145.506827, -37.0903289], [145.5072116, -37.0903194], [145.5076952, -37.0906091], [145.5104286, -37.0914258], [145.5108328, -37.091115], [145.5155962, -37.089509], [145.5172874, -37.0895712], [145.5212307, -37.0910717], [145.5214184, -37.0910753], [145.5242713, -37.0913863], [145.5284439, -37.0897456], [145.5294144, -37.0898736], [145.529896, -37.0900709], [145.5309292, -37.0906311], [145.5325147, -37.0975805], [145.5308252, -37.1008966], [145.5308063, -37.1010967], [145.5279681, -37.103111], [145.5256023, -37.1038073], [145.5251123, -37.1042258], [145.5248201, -37.1085061], [145.5258267, -37.1090829], [145.5287903, -37.1087516], [145.5292902, -37.1084611], [145.531945, -37.1090052], [145.5361013, -37.115506], [145.5345026, -37.1168299], [145.5345452, -37.1176029], [145.5375153, -37.1202111], [145.5422125, -37.122378], [145.5416481, -37.1272363], [145.541709, -37.1272539], [145.5434406, -37.1268556], [145.5478836, -37.1278583], [145.5503733, -37.1260066], [145.5505541, -37.125474], [145.5500616, -37.1239883], [145.5475569, -37.1226571], [145.5466928, -37.1212787], [145.5467063, -37.121147], [145.5479295, -37.1196779], [145.5479736, -37.1173624], [145.5491065, -37.1166849], [145.5520411, -37.1167974], [145.5525966, -37.1172338], [145.5548837, -37.1172519], [145.5559543, -37.1160978], [145.5589526, -37.1162992], [145.5596352, -37.1188194], [145.5599532, -37.119089], [145.5582213, -37.1220017], [145.5583893, -37.1228158], [145.5560522, -37.1237847], [145.5554435, -37.125972], [145.556201, -37.1269264], [145.5577052, -37.12728], [145.557388, -37.1296183], [145.555524, -37.1307211], [145.5539087, -37.1297591], [145.5525774, -37.1333619], [145.5528194, -37.1339997], [145.5471053, -37.1317208], [145.5449441, -37.1331177], [145.5423989, -37.1395558], [145.5433972, -37.1414655], [145.5458283, -37.1421554], [145.5461345, -37.1421858], [145.5533822, -37.1450081], [145.5534205, -37.1451612], [145.5556438, -37.1506688], [145.5551662, -37.1528069], [145.5539816, -37.1545176], [145.5565073, -37.1582349], [145.556147, -37.1591747], [145.5560046, -37.1593892], [145.5556863, -37.1648347], [145.5550271, -37.1657102], [145.5555644, -37.1665134], [145.5563608, -37.1671846], [145.5586335, -37.1682608], [145.5610454, -37.1712891], [145.5608813, -37.1716235], [145.5610492, -37.1744317], [145.559423, -37.176851], [145.5593319, -37.177201], [145.5591499, -37.1777202], [145.5571931, -37.1791704], [145.5582218, -37.1849161], [145.5566728, -37.1858409], [145.556418, -37.1861124], [145.556367, -37.1900526], [145.5547522, -37.1933694], [145.5547253, -37.193393], [145.5507739, -37.1934582], [145.5469037, -37.1917601], [145.5368546, -37.1989947], [145.5369299, -37.1991223], [145.5462329, -37.1987899], [145.5512686, -37.2015865], [145.5526098, -37.2042984], [145.5525349, -37.2044924], [145.5527325, -37.205826], [145.5554014, -37.2102899], [145.5554286, -37.2104511], [145.5576181, -37.2111041], [145.558506, -37.2114225], [145.5614552, -37.2139258], [145.562238, -37.2161589], [145.5726645, -37.2229095], [145.5724932, -37.22306], [145.5712101, -37.2279065], [145.5671649, -37.2308825], [145.5651065, -37.2314384], [145.5646639, -37.2316146], [145.5619121, -37.2346142], [145.5633665, -37.2395125], [145.5644187, -37.2405005], [145.5649071, -37.2406912], [145.5665628, -37.2429838], [145.5675068, -37.2437763], [145.5715958, -37.2459591], [145.575209, -37.2452487], [145.57948, -37.2452226], [145.5788091, -37.2538133], [145.5798225, -37.2555559], [145.5835137, -37.2562901], [145.5845878, -37.2586001], [145.5797156, -37.2601741], [145.5782945, -37.2615787], [145.5787362, -37.2633474], [145.5808771, -37.2642065], [145.5817976, -37.2674869], [145.5768019, -37.2693631], [145.5757854, -37.2727177], [145.5761624, -37.2754591], [145.5760946, -37.2757046], [145.5782994, -37.2776711], [145.580918, -37.2788604], [145.5815029, -37.2796921], [145.581744, -37.2808346], [145.5841914, -37.2837649], [145.5840683, -37.2850894], [145.5853423, -37.2869143], [145.5834357, -37.2909781], [145.5807315, -37.2932569], [145.5781622, -37.2933117], [145.5776033, -37.2963622], [145.578346, -37.2992352], [145.5777371, -37.3013181], [145.5786618, -37.3035224], [145.5827604, -37.3047297], [145.5840895, -37.3047342], [145.5843219, -37.3048978], [145.584613, -37.3048964], [145.5928464, -37.3040392], [145.5936352, -37.3067993], [145.5892431, -37.3085449], [145.5868069, -37.3098295], [145.586764, -37.3100982], [145.5895842, -37.3141235], [145.5895972, -37.3149318], [145.5863751, -37.3154044], [145.5832816, -37.3136768], [145.5807652, -37.316016], [145.5817138, -37.3174559], [145.5841455, -37.3186307], [145.5841652, -37.3186857], [145.5837627, -37.3196015], [145.5792672, -37.3204875], [145.5797392, -37.3231989], [145.5810687, -37.327654], [145.5824141, -37.3294661], [145.5818705, -37.330678], [145.5817308, -37.3316123], [145.5815138, -37.332146], [145.581201, -37.3346347], [145.5809136, -37.3348191], [145.5771284, -37.3385773], [145.5759763, -37.339348], [145.573075, -37.3431458], [145.573013, -37.3434599], [145.5723335, -37.3452664], [145.5721155, -37.3455468], [145.5720854, -37.3458723], [145.5682137, -37.3499602], [145.5696366, -37.3525661], [145.568608, -37.3539218], [145.5676726, -37.3541408], [145.5639539, -37.3536637], [145.5627589, -37.3553679], [145.5635655, -37.3568151], [145.5631734, -37.3582822], [145.5606099, -37.3595747], [145.5570278, -37.3594087], [145.5599853, -37.3633779], [145.5628772, -37.3621993], [145.5647884, -37.3635561], [145.5655875, -37.3636498], [145.572038, -37.3619276], [145.5739969, -37.3625337], [145.5751659, -37.3624711], [145.5754253, -37.362552], [145.5792766, -37.36437], [145.5818107, -37.3663853], [145.5770409, -37.3744684], [145.5766577, -37.3767728], [145.5757278, -37.3777641], [145.5756548, -37.3784068], [145.574957, -37.3798954], [145.5749421, -37.3803379], [145.5729869, -37.3852172], [145.5732321, -37.3858413], [145.5749591, -37.3870683], [145.5746287, -37.3895258], [145.5754259, -37.391882], [145.5717294, -37.3959531], [145.5728551, -37.4005428], [145.574653, -37.4027131], [145.575559, -37.4039055], [145.5758093, -37.4042901], [145.5751296, -37.4058252], [145.576157, -37.409917], [145.5775141, -37.4096698], [146.0600711, -37.5253599], [146.1091422, -37.5292257], [146.1420417, -37.5424415]]]}}, {"type": "Feature", "properties": {"level": "secondary", "school": "Korumburra Secondary College", "year_level": "7", "boundary_year": "2026"}, "geometry": {"type": "Polygon", "coordinates": [[[145.8488325, -38.3092107], [145.8464976, -38.3051509], [145.846461, -38.3051232], [145.8459593, -38.3048618], [145.8441632, -38.3044258], [145.8415452, -38.3042252], [145.8383724, -38.302349], [145.8355779, -38.3051638], [145.8326297, -38.3045447], [145.8322801, -38.3045623], [145.8317747, -38.3047612], [145.8293431, -38.3059031], [145.8285579, -38.307166], [145.8280068, -38.3075752], [145.8281232, -38.3081778], [145.8276807, -38.3106555], [145.8274695, -38.3110045], [145.8275849, -38.3124524], [145.827066, -38.3149412], [145.8240796, -38.3148302], [145.8194301, -38.3137223], [145.8186374, -38.312562], [145.8157037, -38.3121432], [145.8135166, -38.3163647], [145.8082845, -38.3177213], [145.8059618, -38.3174864], [145.80577, -38.3175148], [145.8033874, -38.3174225], [145.8020959, -38.3140494], [145.8021951, -38.3137963], [145.8015946, -38.3074875], [145.8002844, -38.3065152], [145.8001045, -38.3061433], [145.796196, -38.304746], [145.7955259, -38.303783], [145.7884917, -38.3034361], [145.7881635, -38.303406], [145.7877254, -38.3034882], [145.7848448, -38.3014403], [145.7841893, -38.2983414], [145.7841677, -38.2971318], [145.7835519, -38.2967474], [145.7803715, -38.2958052], [145.7754955, -38.2967328], [145.7727278, -38.2958028], [145.7722328, -38.2951484], [145.7722201, -38.2950233], [145.7701989, -38.2933112], [145.7694384, -38.2927134], [145.7674467, -38.2927672], [145.7673271, -38.2926059], [145.766579, -38.2909775], [145.7659522, -38.2904736], [145.7654799, -38.2901259], [145.7650728, -38.2898772], [145.763879, -38.2908371], [145.7610251, -38.2914118], [145.7603874, -38.2949092], [145.760006, -38.2949675], [145.7575288, -38.2936786], [145.7558006, -38.2938119], [145.754732, -38.2940445], [145.7543443, -38.2939156], [145.7518951, -38.2939417], [145.7513798, -38.2935017], [145.7475659, -38.2930805], [145.747228, -38.2932374], [145.7452573, -38.292754], [145.7433417, -38.2925326], [145.7424943, -38.2928286], [145.7404258, -38.2919495], [145.7380972, -38.2921675], [145.7376036, -38.2897401], [145.7341337, -38.2904604], [145.7336388, -38.2913964], [145.7340276, -38.291985], [145.7325987, -38.2952431], [145.7307336, -38.2963362], [145.7288378, -38.2967432], [145.7279594, -38.2958756], [145.7243489, -38.294717], [145.720877, -38.2965754], [145.717977, -38.2949003], [145.7178981, -38.2928487], [145.7173338, -38.2922899], [145.7147764, -38.2918934], [145.7145595, -38.291802], [145.7143388, -38.2917788], [145.7107768, -38.2898262], [145.7107673, -38.2884534], [145.7120339, -38.2878829], [145.7145102, -38.2890383], [145.7156494, -38.2881445], [145.7162085, -38.2850496], [145.7158987, -38.2845631], [145.7163736, -38.2833018], [145.7157426, -38.2814976], [145.7162236, -38.2806669], [145.7149647, -38.2785457], [145.7109425, -38.2784686], [145.710549, -38.2790185], [145.7115226, -38.2810766], [145.7105584, -38.2818255], [145.7065253, -38.2820644], [145.7047333, -38.2802435], [145.702883, -38.2799938], [145.6996288, -38.2814028], [145.6997027, -38.2817159], [145.5680116, -38.3837139], [145.567757, -38.3844491], [145.5703799, -38.385074], [145.571124, -38.3856339], [145.5727261, -38.387447], [145.5737991, -38.3881379], [145.575307, -38.389882], [145.5766719, -38.389979], [145.5771581, -38.390347], [145.5786129, -38.391944], [145.579765, -38.394016], [145.5798651, -38.395983], [145.5847989, -38.4020459], [145.587346, -38.4013999], [145.5878161, -38.4009219], [145.5904819, -38.3998719], [145.5925381, -38.399791], [145.5934399, -38.3996699], [145.5946931, -38.399865], [145.5997361, -38.4043159], [145.5982781, -38.409319], [145.5996491, -38.412333], [145.6063263, -38.4116829], [145.6084379, -38.4121649], [145.609703, -38.4130233], [145.6103803, -38.413247], [145.6111987, -38.4150399], [145.6145324, -38.4182387], [145.6146084, -38.4187067], [145.6162729, -38.42038], [145.6156913, -38.4224556], [145.6135797, -38.4246667], [145.6136755, -38.425749], [145.6134028, -38.4261385], [145.6108197, -38.4272821], [145.6079839, -38.4260486], [145.607001, -38.4267039], [145.606785, -38.4279031], [145.607381, -38.4292143], [145.6073831, -38.4293458], [145.6103148, -38.4313407], [145.6124975, -38.4314924], [145.6129119, -38.4316319], [145.6131731, -38.4320565], [145.6126753, -38.4355847], [145.6105396, -38.4363286], [145.6100726, -38.4391303], [145.6111646, -38.4405048], [145.6107585, -38.4422208], [145.6105118, -38.4424411], [145.6109431, -38.4449385], [145.6102166, -38.4460085], [145.6109014, -38.447658], [145.6100533, -38.4502618], [145.6096939, -38.4505976], [145.6087661, -38.4535505], [145.6112184, -38.4546677], [145.6197213, -38.4549325], [145.6207893, -38.4551414], [145.6223103, -38.4551029], [145.6258776, -38.4503233], [145.6275315, -38.450866], [145.6304389, -38.4522966], [145.634555, -38.4561185], [145.6358631, -38.4565403], [145.6388312, -38.4564166], [145.6392114, -38.4562795], [145.6397036, -38.4558022], [145.6475849, -38.4571717], [145.6496264, -38.4585307], [145.6494391, -38.4630922], [145.6534289, -38.465528], [145.6574669, -38.4661501], [145.6598598, -38.4711586], [145.6564061, -38.4753035], [145.6585862, -38.4803177], [145.6607954, -38.4821358], [145.6612463, -38.48376], [145.659794, -38.4868546], [145.66079, -38.4890732], [145.6601223, -38.4915618], [145.6672052, -38.4958474], [145.6710397, -38.4949416], [145.6758459, -38.4961408], [145.6764555, -38.4967454], [145.6774924, -38.4972305], [145.6797392, -38.4971306], [145.6825466, -38.4974632], [145.6832838, -38.4981068], [145.6832811, -38.500453], [145.6820246, -38.5039487], [145.6820903, -38.5039914], [145.6819054, -38.5069477], [145.684923, -38.5089013], [145.6849956, -38.5091992], [145.6868903, -38.5125606], [145.6869697, -38.5134544], [145.6863411, -38.5137941], [145.6833042, -38.5143797], [145.6820533, -38.5204159], [145.6784397, -38.5216845], [145.6783182, -38.5216823], [145.6769627, -38.5222892], [145.6771659, -38.5238388], [145.6748401, -38.5265432], [145.6703692, -38.5244838], [145.6664184, -38.5251297], [145.6678879, -38.529191], [145.6683699, -38.529616], [145.6710424, -38.5295906], [145.6750477, -38.5279732], [145.6767806, -38.5287732], [145.678472, -38.5305543], [145.6792339, -38.5330143], [145.6789891, -38.5341966], [145.686992, -38.5354674], [145.6873313, -38.5353267], [145.6898808, -38.5332759], [145.6904413, -38.532508], [145.6963276, -38.5348853], [145.6965176, -38.5354482], [145.7010358, -38.5358445], [145.7006341, -38.5381255], [145.70203, -38.5397621], [145.7019894, -38.541778], [145.7081237, -38.5422466], [145.7083268, -38.5424086], [145.7124369, -38.5429924], [145.712894, -38.5440291], [145.7163328, -38.5454949], [145.7168042, -38.5486213], [145.7185822, -38.5484287], [145.7234706, -38.5496182], [145.7251478, -38.5517898], [145.7234747, -38.554798], [145.7233833, -38.5573033], [145.7233875, -38.558349], [145.7247116, -38.5595767], [145.7250801, -38.5607823], [145.7248316, -38.5644983], [145.7237513, -38.5667744], [145.7240807, -38.5679837], [145.7270791, -38.5701795], [145.7305108, -38.5709121], [145.7339347, -38.5713012], [145.7400412, -38.5692959], [145.7437295, -38.5666454], [145.743861, -38.5665841], [145.7452385, -38.5667999], [145.7452707, -38.5667845], [145.7592093, -38.5682877], [145.7631792, -38.5723654], [145.7632955, -38.5724277], [145.7648344, -38.5740095], [145.7640773, -38.5758478], [145.7639712, -38.5760998], [145.7638552, -38.5777886], [145.7748339, -38.5803865], [145.7792788, -38.5856668], [145.7794706, -38.5857988], [145.7810232, -38.587644], [145.7816727, -38.5877677], [145.7824365, -38.587627], [145.789561, -38.5812806], [145.7896274, -38.5812459], [145.7931444, -38.5803124], [145.7955881, -38.5756301], [145.7983035, -38.5747611], [145.7982886, -38.5690464], [145.7982374, -38.5689908], [145.7984813, -38.5669187], [145.7995679, -38.5662829], [145.8004125, -38.5609453], [145.8024378, -38.5591928], [145.8045696, -38.5582905], [145.8082926, -38.5558059], [145.8096685, -38.5552086], [145.8098494, -38.5552002], [145.8104113, -38.5550757], [145.8174779, -38.5457279], [145.8168253, -38.543811], [145.8121233, -38.5374054], [145.8121705, -38.5355074], [145.8122673, -38.5349204], [145.8181588, -38.52891], [145.8179256, -38.5263608], [145.8197126, -38.5246428], [145.8217775, -38.5136862], [145.8255582, -38.5161537], [145.8289918, -38.5166968], [145.8302854, -38.5165168], [145.8327062, -38.5173054], [145.83316, -38.5172879], [145.8357733, -38.5209312], [145.8384784, -38.5214711], [145.8403548, -38.5217283], [145.8429361, -38.5193379], [145.8450941, -38.5187743], [145.8540974, -38.5152442], [145.8540323, -38.5149628], [145.8503012, -38.5119789], [145.8467357, -38.5102348], [145.845739, -38.5090709], [145.8446297, -38.508413], [145.8414192, -38.5046595], [145.8419052, -38.5016081], [145.8433911, -38.5003107], [145.8447913, -38.4991499], [145.8460206, -38.4986045], [145.8474064, -38.4986155], [145.8494281, -38.497996], [145.8511105, -38.4939428], [145.849898, -38.4890224], [145.849847, -38.4889544], [145.8498424, -38.4885534], [145.8557272, -38.4850543], [145.8565867, -38.4793503], [145.8611806, -38.4796742], [145.8620241, -38.4803754], [145.8643207, -38.4806976], [145.8690063, -38.4784258], [145.8704859, -38.4784593], [145.8719426, -38.4795677], [145.8768626, -38.4774613], [145.8787852, -38.4765844], [145.8808492, -38.4747563], [145.8770878, -38.4727461], [145.8727477, -38.4721406], [145.8716175, -38.4723163], [145.8687171, -38.4715714], [145.866987, -38.4716821], [145.865286, -38.4697314], [145.8651836, -38.4676165], [145.8656956, -38.4652293], [145.8685436, -38.4632303], [145.8694049, -38.4635284], [145.8721817, -38.4633877], [145.8767645, -38.4622504], [145.8784269, -38.4612024], [145.880856, -38.4607263], [145.882133, -38.4588515], [145.8847543, -38.4578182], [145.8890288, -38.4571022], [145.8891943, -38.4570318], [145.8876848, -38.451079], [145.8864828, -38.4505555], [145.8863636, -38.4492827], [145.8864254, -38.4486103], [145.8856733, -38.4476853], [145.8868186, -38.4458322], [145.8846965, -38.4445831], [145.8843736, -38.4438396], [145.8836366, -38.4434018], [145.8828369, -38.442189], [145.8854928, -38.4405598], [145.885525, -38.4405561], [145.8877213, -38.4420703], [145.8911561, -38.4418064], [145.892493, -38.4424083], [145.8946131, -38.4429959], [145.8951449, -38.4429325], [145.8971563, -38.4419864], [145.8971767, -38.4418808], [145.8968165, -38.4379939], [145.8968235, -38.4379202], [145.8968364, -38.4378532], [145.9014658, -38.4329244], [145.9013387, -38.4325514], [145.9018995, -38.4278588], [145.901106, -38.425865], [145.8984, -38.4241377], [145.8930427, -38.4218399], [145.8922454, -38.4211422], [145.893678, -38.4196373], [145.9072134, -38.4161108], [145.9073323, -38.4161756], [145.9078252, -38.4163126], [145.9132515, -38.416658], [145.9143224, -38.4164051], [145.9175802, -38.4149444], [145.9148931, -38.4096964], [145.9085673, -38.4078372], [145.9072106, -38.4072546], [145.9069592, -38.4070311], [145.9059324, -38.4051355], [145.9047385, -38.4046609], [145.9043009, -38.4042579], [145.9046603, -38.4024537], [145.9058478, -38.4004955], [145.9059671, -38.3989174], [145.9070049, -38.3986051], [145.9076402, -38.3981318], [145.9088378, -38.3952288], [145.909039, -38.3950281], [145.9091123, -38.3941691], [145.9084245, -38.3929457], [145.9087022, -38.3908429], [145.9098217, -38.3896392], [145.9105617, -38.3866789], [145.9080335, -38.3819312], [145.9075929, -38.3813867], [145.9184491, -38.3762819], [145.9187606, -38.375932], [145.9170044, -38.3723979], [145.917004, -38.3723672], [145.9155733, -38.3678471], [145.9145265, -38.3663652], [145.9130079, -38.3654855], [145.9182536, -38.357244], [145.9232624, -38.3556925], [145.923478, -38.3555577], [145.9252728, -38.3557447], [145.9273929, -38.3552891], [145.9283234, -38.3547722], [145.9298999, -38.3543175], [145.9326957, -38.3504687], [145.9330133, -38.349959], [145.9329867, -38.3490369], [145.9317789, -38.3471923], [145.9297104, -38.3448508], [145.9280152, -38.344016], [145.9286994, -38.3393283], [145.9282176, -38.3373586], [145.9282012, -38.3373334], [145.9301902, -38.3330158], [145.9330605, -38.3304264], [145.9294105, -38.3277665], [145.9284995, -38.3269797], [145.9277162, -38.325867], [145.9268586, -38.3245665], [145.9268569, -38.3245368], [145.9232614, -38.3218105], [145.923155, -38.3217232], [145.9228775, -38.3209171], [145.9227244, -38.320186], [145.9213418, -38.3190534], [145.9211406, -38.3188693], [145.9207953, -38.3186837], [145.9174652, -38.3142554], [145.9158576, -38.3146251], [145.911774, -38.3170982], [145.909982, -38.3174665], [145.9085378, -38.3194404], [145.9067038, -38.320473], [145.9058029, -38.3239848], [145.900523, -38.3222407], [145.8993213, -38.3225289], [145.8951133, -38.3204387], [145.8904678, -38.3214099], [145.8875003, -38.3226632], [145.8862894, -38.3240069], [145.8821573, -38.3231859], [145.8778251, -38.3213807], [145.8756514, -38.3213612], [145.8721458, -38.3222642], [145.8668529, -38.3210068], [145.8647629, -38.3211336], [145.8646411, -38.3211615], [145.8621662, -38.3225204], [145.8587841, -38.3253613], [145.8582577, -38.3254064], [145.8553833, -38.3250494], [145.8534036, -38.3255373], [145.8532071, -38.3255403], [145.8499057, -38.3248304], [145.8458646, -38.3226203], [145.8422594, -38.3202827], [145.8422076, -38.3201542], [145.8435423, -38.3170128], [145.842916, -38.3139958], [145.8488325, -38.3092107]]]}}, {"type": "Feature", "properties": {"level": "secondary", "school": "Bass Coast College", "year_level": "7", "boundary_year": "2026"}, "geometry": {"type": "Polygon", "coordinates": [[[145.2713128, -38.5058601], [145.27445, -38.5085945], [145.2764122, -38.5092547], [145.3096759, -38.520448], [145.3416917, -38.547474], [145.3455639, -38.5533895], [145.340934, -38.5596731], [145.3520142, -38.5687967], [145.3625988, -38.5670182], [145.3604334, -38.5610145], [145.3655497, -38.5515643], [145.3541306, -38.5457975], [145.3417642, -38.5356353], [145.3439476, -38.5287603], [145.3478786, -38.5212886], [145.3615463, -38.5174745], [145.3643411, -38.515933], [145.3635233, -38.5123973], [145.3592773, -38.5086358], [145.3532232, -38.5076268], [145.3493176, -38.5063304], [145.3488626, -38.5080824], [145.3398664, -38.5090064], [145.3318392, -38.5040752], [145.3197253, -38.5084321], [145.3034108, -38.5074127], [145.2979122, -38.5061091], [145.2973617, -38.502224], [145.2974215, -38.5011899], [145.2997243, -38.498891], [145.3051721, -38.497698], [145.3079074, -38.4937203], [145.306577, -38.4864508], [145.3054191, -38.4846847], [145.3031186, -38.4846905], [145.2999815, -38.4881578], [145.2930908, -38.4877857], [145.2912459, -38.4815511], [145.2982714, -38.4751146], [145.3029234, -38.4673732], [145.3103933, -38.4659783], [145.3108361, -38.4605556], [145.3094907, -38.4593169], [145.3008441, -38.4578971], [145.3012087, -38.4544727], [145.2998511, -38.4514935], [145.2901663, -38.4497819], [145.2755722, -38.4504584], [145.2400307, -38.4465114], [145.2115228, -38.4483526], [145.2002116, -38.4507713], [145.183586, -38.4598403], [145.1648838, -38.4648612], [145.1555416, -38.4751242], [145.151232, -38.4835165], [145.1474566, -38.49284], [145.1465861, -38.5024741], [145.132898, -38.5073355], [145.1305226, -38.5052181], [145.1261341, -38.5047568], [145.1148871, -38.5171618], [145.1159583, -38.5197698], [145.1499326, -38.515446], [145.1512879, -38.5111579], [145.1626139, -38.5110966], [145.1652296, -38.5140751], [145.1740671, -38.5147149], [145.1832355, -38.5145867], [145.1962794, -38.5192139], [145.2020797, -38.5178083], [145.2087426, -38.5252102], [145.2159148, -38.5260297], [145.2212676, -38.5310519], [145.2321756, -38.5194999], [145.2392264, -38.507731], [145.245972, -38.5083603], [145.2547144, -38.5045089], [145.262694, -38.5083951], [145.2693627, -38.5077514], [145.2713128, -38.5058601]]]}}, {"type": "Feature", "properties": {"level": "secondary", "school": "Western Port Secondary College", "year_level": "7", "boundary_year": "2026"}, "geometry": {"type": "Polygon", "coordinates": [[[145.3299291, -38.2914741], [145.2972282, -38.2814214], [145.2895943, -38.2852915], [145.2863502, -38.3037179], [145.2866432, -38.3070602], [145.2903028, -38.3077441], [145.2841796, -38.3178809], [145.2729791, -38.3580686], [145.2763252, -38.3742717], [145.2752509, -38.3808425], [145.2701935, -38.3828536], [145.270514, -38.3872721], [145.2756017, -38.3853005], [145.2770274, -38.3911384], [145.2737117, -38.3993004], [145.267673, -38.403535], [145.2694528, -38.4091425], [145.2819856, -38.4048877], [145.2769709, -38.3950721], [145.2880793, -38.3958739], [145.3113461, -38.4033906], [145.3196133, -38.4130926], [145.3264482, -38.4121286], [145.3300578, -38.4147085], [145.3347944, -38.4120509], [145.3421569, -38.4150928], [145.3487407, -38.4226357], [145.3608202, -38.4072481], [145.3717502, -38.4040571], [145.3787098, -38.4101379], [145.3858588, -38.4067682], [145.3852642, -38.399329], [145.3930782, -38.3951318], [145.3906747, -38.38486], [145.4044065, -38.3745221], [145.4130596, -38.3706673], [145.4275971, -38.3717679], [145.4479415, -38.3699711], [145.4596735, -38.3658312], [145.476474, -38.3657329], [145.5007148, -38.3531736], [145.4899041, -38.3392506], [145.4719204, -38.330316], [145.4592234, -38.3097407], [145.4516615, -38.3057029], [145.4241025, -38.3068235], [145.4116355, -38.3036108], [145.3861211, -38.310878], [145.3672452, -38.3121099], [145.3455129, -38.3074376], [145.3299291, -38.2914741]]]}}, {"type": "Feature", "properties": {"level": "secondary", "school": "Dohertys Creek P-9 College", "year_level": "7", "boundary_year": "2026"}, "geometry": {"type": "Polygon", "coordinates": [[[144.724741, -37.8657675], [144.7179043, -37.8599034], [144.7279103, -37.8377442], [144.7343084, -37.8382886], [144.7499476, -37.8395605], [144.7583032, -37.8402911], [144.7460984, -37.8628042], [144.724741, -37.8657675]]]}}, {"type": "Feature", "properties": {"level": "secondary", "school": "Clyde Secondary College", "year_level": "7", "boundary_year": "2026"}, "geometry": {"type": "Polygon", "coordinates": [[[145.3784163, -38.2196156], [145.3754344, -38.223746], [145.3648611, -38.2233365], [145.3484793, -38.2161503], [145.3429196, -38.2209893], [145.3437565, -38.2295848], [145.3264027, -38.2432636], [145.3078159, -38.2495773], [145.3057261, -38.2303887], [145.3037146, -38.2231096], [145.3002475, -38.2163504], [145.2878173, -38.2146665], [145.2870343, -38.2145133], [145.2744956, -38.1754776], [145.3020519, -38.134221], [145.3312807, -38.1098817], [145.4153549, -38.1661398], [145.3784163, -38.2196156]]]}}, {"type": "Feature", "properties": {"level": "secondary", "school": "Greenvale Secondary College", "year_level": "7", "boundary_year": "2026"}, "geometry": {"type": "Polygon", "coordinates": [[[144.8007042, -37.6235625], [144.7957925, -37.6301395], [144.8339607, -37.6703736], [144.8923682, -37.670017], [144.9184544, -37.6569571], [144.9210765, -37.6547295], [144.9082263, -37.6380964], [144.9061302, -37.6176331], [144.8922449, -37.6106902], [144.8845733, -37.6097123], [144.8007042, -37.6235625]]]}}, {"type": "Feature", "properties": {"level": "secondary", "school": "Bass Coast College", "year_level": "7", "boundary_year": "2026"}, "geometry": {"type": "Polygon", "coordinates": [[[145.5982781, -38.409319], [145.5996491, -38.412333], [145.5991301, -38.417474], [145.5907309, -38.415558], [145.5886299, -38.4160779], [145.5878039, -38.415339], [145.5852441, -38.414105], [145.5847269, -38.413627], [145.5828239, -38.413774], [145.5819909, -38.413535], [145.5811869, -38.413273], [145.579364, -38.412396], [145.57791, -38.4103249], [145.5752831, -38.4120269], [145.5723151, -38.417567], [145.5716469, -38.4179101], [145.5750601, -38.4258409], [145.5703581, -38.431827], [145.5709972, -38.4326519], [145.5715791, -38.4333709], [145.577534, -38.4390229], [145.5691898, -38.4436829], [145.5689679, -38.4439519], [145.568669, -38.444051], [145.5664981, -38.4451809], [145.5665339, -38.4453259], [145.5682409, -38.446724], [145.5697869, -38.447732], [145.5697109, -38.4531459], [145.573421, -38.453224], [145.5746491, -38.454287], [145.57865, -38.457129], [145.578122, -38.462623], [145.5775791, -38.464593], [145.576683, -38.465924], [145.5693569, -38.462942], [145.5634141, -38.4638251], [145.5625839, -38.464611], [145.5617348, -38.467661], [145.561746, -38.467911], [145.561209, -38.471102], [145.559548, -38.4721351], [145.5567599, -38.472706], [145.5511801, -38.4692779], [145.5499438, -38.467747], [145.54827, -38.467745], [145.547687, -38.4679721], [145.5466769, -38.468114], [145.5444841, -38.468062], [145.5425769, -38.4730419], [145.5386851, -38.4723519], [145.5390109, -38.469965], [145.5373292, -38.468721], [145.5367042, -38.468797], [145.5351021, -38.4710899], [145.5364999, -38.474247], [145.536155, -38.47548], [145.5383179, -38.483045], [145.5370711, -38.4850589], [145.5369569, -38.485632], [145.5337489, -38.487863], [145.5320099, -38.49085], [145.5312511, -38.492493], [145.5276401, -38.4944049], [145.526666, -38.4952299], [145.5266469, -38.496376], [145.5289321, -38.501152], [145.5257449, -38.504384], [145.5239951, -38.505139], [145.5225821, -38.5043429], [145.5178741, -38.5038789], [145.514058, -38.5047489], [145.512694, -38.50547], [145.5114611, -38.5055539], [145.5105361, -38.5056961], [145.50931, -38.5065349], [145.508276, -38.5068429], [145.50727, -38.506868], [145.50434, -38.508627], [145.5030081, -38.5110369], [145.5035781, -38.5168731], [145.5012559, -38.5169779], [145.4990849, -38.518508], [145.4983392, -38.521842], [145.4979659, -38.5220899], [145.495387, -38.522138], [145.491442, -38.5255579], [145.4890332, -38.525654], [145.488166, -38.529598], [145.486528, -38.531466], [145.486448, -38.532275], [145.4893419, -38.535573], [145.4878999, -38.5373819], [145.4914001, -38.5424251], [145.4914929, -38.5460149], [145.4928541, -38.548704], [145.4927411, -38.55009], [145.492182, -38.5514969], [145.4894619, -38.5523239], [145.485953, -38.5521339], [145.4834169, -38.552366], [145.4813491, -38.5562391], [145.4795179, -38.5564668], [145.4725338, -38.5518749], [145.4655245, -38.5520009], [145.4486208, -38.5496127], [145.4468011, -38.5456605], [145.4222925, -38.5386871], [145.4097398, -38.5383781], [145.3844398, -38.5362445], [145.376609, -38.5383397], [145.3711604, -38.5364694], [145.3690332, -38.5269574], [145.3629912, -38.5238618], [145.3628742, -38.5203765], [145.3725437, -38.5194298], [145.3881514, -38.5184897], [145.4178716, -38.5119436], [145.4288578, -38.4965206], [145.4311883, -38.490078], [145.4318687, -38.48085], [145.4264348, -38.4751556], [145.4167471, -38.471756], [145.4280695, -38.4610869], [145.427332, -38.444473], [145.4324565, -38.4383098], [145.4328861, -38.431913], [145.4246586, -38.4148008], [145.4149577, -38.4076005], [145.4172796, -38.4058102], [145.4250811, -38.4070674], [145.4290622, -38.4100937], [145.4416722, -38.407506], [145.4534573, -38.4119181], [145.4592969, -38.4081217], [145.4826064, -38.4068778], [145.4923944, -38.414641], [145.5122437, -38.4153529], [145.5342338, -38.397225], [145.5461664, -38.3748917], [145.5470221, -38.375245], [145.548004, -38.375651], [145.5481069, -38.3756809], [145.5502049, -38.3755249], [145.5518331, -38.376419], [145.5535111, -38.376427], [145.554071, -38.378332], [145.5542041, -38.3785429], [145.5546091, -38.380954], [145.5553589, -38.381138], [145.555811, -38.3809881], [145.557769, -38.381756], [145.5579761, -38.3826341], [145.55846, -38.382854], [145.5614969, -38.382942], [145.5635521, -38.386469], [145.567757, -38.3844491], [145.5703799, -38.385074], [145.571124, -38.3856339], [145.5727261, -38.387447], [145.5737991, -38.3881379], [145.575307, -38.389882], [145.5766719, -38.389979], [145.5771581, -38.390347], [145.5786129, -38.391944], [145.579765, -38.394016], [145.5798651, -38.395983], [145.5847989, -38.4020459], [145.587346, -38.4013999], [145.5878161, -38.4009219], [145.5904819, -38.3998719], [145.5925381, -38.399791], [145.5934399, -38.3996699], [145.5946931, -38.399865], [145.5997361, -38.4043159], [145.5982781, -38.409319]]]}}, {"type": "Feature", "properties": {"level": "secondary", "school": "Albert Park College", "year_level": "7", "boundary_year": "2026"}, "geometry": {"type": "Polygon", "coordinates": [[[144.9580519, -37.853096], [144.9506018, -37.8496992], [144.9426965, -37.8460984], [144.9372606, -37.8441762], [144.9382108, -37.8431083], [144.9417017, -37.8392926], [144.9448409, -37.8358286], [144.9454364, -37.8352063], [144.9460586, -37.834895], [144.94683, -37.8346785], [144.9476689, -37.8345026], [144.9484536, -37.8342862], [144.9493872, -37.8340696], [144.950145, -37.8337314], [144.9510921, -37.8332578], [144.952106, -37.8327427], [144.9540233, -37.8311235], [144.9560841, -37.8293463], [144.9573306, -37.8283458], [144.9591137, -37.8281505], [144.9603038, -37.8279898], [144.9615516, -37.8275529], [144.9620297, -37.827457], [144.9668152, -37.8323485], [144.968246, -37.8337068], [144.9711739, -37.8352651], [144.9728109, -37.8360634], [144.9732456, -37.8366686], [144.975348, -37.8422316], [144.9768192, -37.8463469], [144.9792136, -37.8532021], [144.9789646, -37.8535939], [144.9787654, -37.8539867], [144.9786165, -37.8550472], [144.9788467, -37.8559014], [144.9793125, -37.8568529], [144.9803598, -37.8579894], [144.9773524, -37.8597591], [144.9722807, -37.8627764], [144.9711293, -37.8628058], [144.9709169, -37.8629237], [144.9696904, -37.8615652], [144.9670035, -37.8598821], [144.9640467, -37.856269], [144.9580519, -37.853096]]]}}, {"type": "Feature", "properties": {"level": "secondary", "school": "Saltwater P-9 College", "year_level": "7", "boundary_year": "2026"}, "geometry": {"type": "Polygon", "coordinates": [[[144.7529217, -37.9036964], [144.7466386, -37.9391256], [144.7465572, -37.939476], [144.7523309, -37.9394393], [144.7543625, -37.9391558], [144.7611105, -37.9374859], [144.7661796, -37.9340456], [144.7730056, -37.9298182], [144.7743507, -37.9292966], [144.7756796, -37.9289136], [144.7792002, -37.9281941], [144.7847846, -37.9279059], [144.7874762, -37.9285235], [144.7912094, -37.928496], [144.7939545, -37.9278098], [144.7942976, -37.9275079], [144.7947779, -37.9267942], [144.7953395, -37.9260902], [144.795824, -37.9253414], [144.7957934, -37.9244197], [144.7970426, -37.9236374], [144.7989641, -37.9234726], [144.7993484, -37.9231981], [144.7991426, -37.9221963], [144.7988267, -37.9213865], [144.7983204, -37.9133516], [144.7981515, -37.9092769], [144.7998652, -37.9044864], [144.8003473, -37.9035218], [144.7999014, -37.9028929], [144.7973898, -37.899437], [144.7967219, -37.8995711], [144.7940536, -37.8990251], [144.7914353, -37.8985177], [144.7882228, -37.8991429], [144.7876348, -37.8993513], [144.7858019, -37.9], [144.7841716, -37.8999609], [144.7814031, -37.8994929], [144.7803657, -37.898479], [144.7804645, -37.8973486], [144.7805302, -37.8951816], [144.7773948, -37.8950995], [144.7763309, -37.8951098], [144.7754373, -37.8952312], [144.7744096, -37.895461], [144.7738623, -37.8956185], [144.7731598, -37.8957062], [144.7720751, -37.8961504], [144.771125, -37.8968942], [144.770208, -37.8976043], [144.7664696, -37.8991358], [144.7611828, -37.9010777], [144.7608315, -37.9010879], [144.7586934, -37.9008813], [144.7535288, -37.9002822], [144.7529217, -37.9036964]]]}}, {"type": "Feature", "properties": {"level": "secondary", "school": "Hallam Secondary College", "year_level": "7", "boundary_year": "2026"}, "geometry": {"type": "Polygon", "coordinates": [[[145.2428519, -37.9776069], [145.2181009, -38.0165255], [145.2746888, -38.0178606], [145.2808536, -37.9919091], [145.2428519, -37.9776069]]]}}, {"type": "Feature", "properties": {"level": "secondary", "school": "Wollert Secondary College", "year_level": "7", "boundary_year": "2026"}, "geometry": {"type": "Polygon", "coordinates": [[[145.0465977, -37.5457066], [145.0156561, -37.5582281], [145.0149645, -37.6289723], [145.0492406, -37.6238077], [145.0575168, -37.6133748], [145.0496845, -37.5476717], [145.0465977, -37.5457066]]]}}, {"type": "Feature", "properties": {"level": "secondary", "school": "Mickleham Secondary College", "year_level": "7", "boundary_year": "2026"}, "geometry": {"type": "Polygon", "coordinates": [[[144.8169017, -37.5545349], [144.8297202, -37.4998195], [144.8310982, -37.471578], [144.9257489, -37.4636954], [144.9275597, -37.4639219], [144.9385498, -37.547228], [144.8827217, -37.5614363], [144.8169017, -37.5545349]]]}}, {"type": "Feature", "properties": {"level": "secondary", "school": "Brinbeal Secondary College", "year_level": "7", "boundary_year": "2026"}, "geometry": {"type": "Polygon", "coordinates": [[[144.5741608, -37.7998061], [144.5917813, -37.7931925], [144.6205912, -37.7873502], [144.6615808, -37.8454498], [144.6559746, -37.86991], [144.6535755, -37.8688773], [144.6535861, -37.8687255], [144.6534609, -37.8680615], [144.6531304, -37.8676467], [144.6521628, -37.8674857], [144.6518013, -37.8676502], [144.6491722, -37.8694641], [144.6482279, -37.8703721], [144.6473632, -37.8705275], [144.6466424, -37.870375], [144.6464455, -37.8698325], [144.6470291, -37.8678771], [144.6469826, -37.866605], [144.6467513, -37.8663409], [144.6463433, -37.8663171], [144.6456205, -37.8665257], [144.6443571, -37.8667102], [144.6435579, -37.8667058], [144.6414442, -37.86628], [144.6400699, -37.8657641], [144.6391689, -37.8655883], [144.6381714, -37.8657132], [144.6372153, -37.8670651], [144.6366808, -37.8676807], [144.6359773, -37.8678441], [144.6353325, -37.8677143], [144.6349446, -37.8674045], [144.6345771, -37.8669713], [144.6343876, -37.866748], [144.6338629, -37.8653314], [144.6333551, -37.8643136], [144.632949, -37.8638269], [144.6317642, -37.8634733], [144.6315665, -37.8631077], [144.6310136, -37.8625979], [144.6302826, -37.8616247], [144.6297108, -37.8610961], [144.6286155, -37.8608555], [144.6273506, -37.8612769], [144.6266623, -37.861271], [144.6259747, -37.8611183], [144.6253204, -37.8609884], [144.6247613, -37.8607834], [144.6247868, -37.860456], [144.6246308, -37.8602937], [144.6243509, -37.8602929], [144.6239043, -37.8603404], [144.6236391, -37.8602077], [144.6232798, -37.8599244], [144.6228559, -37.8592682], [144.6225688, -37.8587217], [144.6225709, -37.8583152], [144.6238542, -37.8580257], [144.624939, -37.8574795], [144.6250455, -37.8571112], [144.6247053, -37.8567563], [144.6251817, -37.8563814], [144.6252221, -37.8559374], [144.6250619, -37.8556509], [144.6248443, -37.8555374], [144.6244449, -37.8556414], [144.6240568, -37.8554747], [144.6239065, -37.8551205], [144.6242026, -37.8547375], [144.623756, -37.8529522], [144.6234645, -37.8524244], [144.6232567, -37.8521905], [144.6224513, -37.8518793], [144.6221203, -37.8516072], [144.6216279, -37.8513648], [144.6211064, -37.8513031], [144.6202673, -37.8520003], [144.6194606, -37.8519677], [144.6190067, -37.8516652], [144.6187441, -37.8510094], [144.6188235, -37.8503474], [144.618363, -37.8487853], [144.6107566, -37.8479258], [144.5741608, -37.7998061]]]}}, {"type": "Feature", "properties": {"level": "secondary", "school": "Werribee Secondary College", "year_level": "7", "boundary_year": "2026"}, "geometry": {"type": "Polygon", "coordinates": [[[144.6390544, -38.0023161], [144.638979, -38.0010173], [144.6356463, -37.9116764], [144.6793494, -37.8870628], [144.6949401, -37.8946564], [144.6982231, -37.9044547], [144.7026803, -37.9465966], [144.7012065, -37.9714077], [144.701133, -37.9729629], [144.6910213, -37.9761354], [144.6882398, -37.9748911], [144.6771136, -37.9833824], [144.655181, -37.998672], [144.6507613, -38.0021215], [144.6390544, -38.0023161]]]}}, {"type": "Feature", "properties": {"level": "secondary", "school": "Bemin Secondary College", "year_level": "7", "boundary_year": "2026"}, "geometry": {"type": "Polygon", "coordinates": [[[144.6617638, -37.7755413], [144.6923152, -37.8277309], [144.691736, -37.8318013], [144.7006182, -37.832929], [144.7020379, -37.8330517], [144.7038034, -37.8331009], [144.7051886, -37.8330592], [144.7093061, -37.8325452], [144.7088673, -37.8361445], [144.7279103, -37.8377442], [144.7343084, -37.8382886], [144.7499476, -37.8395605], [144.7583032, -37.8402911], [144.7715906, -37.8157639], [144.7591471, -37.8031994], [144.7567463, -37.8026126], [144.7279817, -37.7873516], [144.6671922, -37.7741979], [144.6617638, -37.7755413]]]}}, {"type": "Feature", "properties": {"level": "secondary", "school": "Yarrabing Secondary College", "year_level": "7", "boundary_year": "2026"}, "geometry": {"type": "Polygon", "coordinates": [[[144.6635324, -37.643884], [144.6272038, -37.690137], [144.6313308, -37.7098487], [144.6430686, -37.7183946], [144.6384691, -37.7439171], [144.6453603, -37.7767776], [144.6515499, -37.7763113], [144.6617638, -37.7755413], [144.6671922, -37.7741979], [144.6940086, -37.7385002], [144.7020429, -37.6514347], [144.6635324, -37.643884]]]}}, {"type": "Feature", "properties": {"level": "secondary", "school": "Wulerrp Secondary College", "year_level": "7", "boundary_year": "2026"}, "geometry": {"type": "Polygon", "coordinates": [[[145.377879, -38.0656891], [145.3397055, -38.0778888], [145.3334876, -38.0904098], [145.3349747, -38.0944588], [145.4135543, -38.1159964], [145.4142872, -38.1161933], [145.4131033, -38.1142909], [145.377879, -38.0656891]]]}}, {"type": "Feature", "properties": {"level": "secondary", "school": "Birranga College", "year_level": "7", "boundary_year": "2026"}, "geometry": {"type": "Polygon", "coordinates": [[[145.4153549, -38.1661398], [145.3312807, -38.1098817], [145.3349747, -38.0944588], [145.4135543, -38.1159964], [145.4142872, -38.1161933], [145.4148021, -38.1170212], [145.4335155, -38.1475582], [145.4153549, -38.1661398]]]}}, {"type": "Feature", "properties": {"level": "secondary", "school": "Kolorer College", "year_level": "7", "boundary_year": "2026"}, "geometry": {"type": "Polygon", "coordinates": [[[144.5956178, -37.6962648], [144.6272038, -37.690137], [144.6313308, -37.7098487], [144.6430686, -37.7183946], [144.6384691, -37.7439171], [144.6453603, -37.7767776], [144.6205912, -37.7873502], [144.5917813, -37.7931925], [144.5758006, -37.7478354], [144.5785564, -37.7458092], [144.5836772, -37.7386], [144.5820654, -37.7337533], [144.5839396, -37.7155901], [144.5956178, -37.6962648]]]}}, {"type": "Feature", "properties": {"level": "secondary", "school": "Ngayuk College", "year_level": "7", "boundary_year": "2026"}, "geometry": {"type": "Polygon", "coordinates": [[[144.9385498, -37.547228], [144.9275597, -37.4639219], [144.9397128, -37.4654641], [144.9412568, -37.4657569], [144.9716889, -37.468939], [144.9954126, -37.4712955], [145.0416516, -37.4750663], [145.0465977, -37.5457066], [145.0156561, -37.5582281], [144.9794886, -37.5676056], [144.9385498, -37.547228]]]}}]}